member_id,full_name,email,phone,membership_tier,status,join_date,monthly_fee
MEMBER-00001,Danielle Johnson,danielle.johnson@yahoo.com,232.318.1960,Basic,Active,2025-03-14,99.99
MEMBER-00002,Jesse Guzman,jesse.guzman@hotmail.com,886.737.9402,Premium,Cancelled,2025-04-29,59.99
MEMBER-00003,Eric Bernard,eric.bernard@yahoo.com,916-315-5940,Basic,Active,2026-09-12,-29.99
MEMBER-00004,Nicholas Arnold,nicholas.arnold@hotmail.com,+1-659-931-0341x316,Basic,Active,2026-02-01,29.99
MEMBER-00005,Mary Martin,mary.martin@yahoo.com,841.692.8327,Premium,Cancelled,2026-09-14,29.99
MEMBER-00006,Danielle Hawkins,danielle.hawkins@hotmail.com,903-405-6413x95376,,Cancelled,2025-04-19,-29.99
MEMBER-00007,Donald Mcgee,donald.mcgee@hotmail.com,396-496-5328x710,Premium,Active,2026-01-26,99.99
MEMBER-00008,Ernest Becker,ernest.becker@hotmail.com,366-697-8480,Basic,Cancelled,2026-05-15,-29.99
MEMBER-00009,Danielle Rodriguez,danielle.rodriguez@yahoo.com,(570)448-2814,VIP,Frozen,2025-07-13,59.99
MEMBER-00010,Kathryn Ryan,kathryn.ryan@hotmail.com,2955701543,Premium,Frozen,2026-08-08,29.99
MEMBER-00011,Ashley Miller,ashley.miller@hotmail.com,518.622.7824x8963,Basic,Active,2025-08-01,29.99
MEMBER-00012,Wanda Santos,wanda.santos@yahoo.com,371.233.1509x83930,VIP,Frozen,2025-03-22,99.99
MEMBER-00013,Carlos Johnson,carlos.johnson@yahoo.com,983-547-3829,Basic,Active,2026-05-28,29.99
MEMBER-00014,Thomas Russell,thomas.russell@gmail.com,865-766-7010,BASIC,Active,2026-06-09,99.99
MEMBER-00015,Michelle Wright,michelle.wright@gmail.com,+1-972-362-4731,,Frozen,2024-11-04,59.99
MEMBER-00016,Denise Fernandez,denise.fernandez@gmail.com,432-867-7360,Basic,Active,2024-09-27,59.99
MEMBER-00017,Tricia Baker,tricia.baker@yahoo.com,268-272-3430x9805,VIP,Active,2025-12-23,59.99
MEMBER-00018,Thomas Calhoun,thomas.calhoun@hotmail.com,(808)312-1913,Basic,Active,2026-08-18,99.99
MEMBER-00019,Ashley Riley,ashley.riley@gmail.com,+1-816-499-8543x534,BASIC,Frozen,2026-03-01,59.99
MEMBER-00020,Debbie Bryant,debbie.bryant@gmail.com,6794911838,VIP,Frozen,2026-09-20,59.99
MEMBER-00021,Michael Jones,michael.jones@gmail.com,(442)678-4980x841,VIP,Active,2024-12-24,59.99
MEMBER-00022,Pamela Newton,pamela.newton@gmail.com,849-635-3487x401,,Cancelled,2024-10-30,59.99
MEMBER-00023,Adam Wise,adam.wise@hotmail.com,727-486-8011x280,BASIC,Active,2025-08-25,99.99
MEMBER-00024,David Parker,david.parker@gmail.com,(833)215-8692x322,,Cancelled,2025-02-12,99.99
MEMBER-00025,Jill Cook,jill.cook@yahoo.com,+1-534-221-6073x37543,Basic,Cancelled,2026-02-20,29.99
MEMBER-00026,James Murphy,james.murphy@gmail.com,001-345-886-8501x42940,VIP,Active,2025-06-21,99.99
MEMBER-00027,Jessica Edwards,jessica.edwards@hotmail.com,316.793.4060x88356,Basic,Cancelled,2026-01-23,99.99
MEMBER-00028,Lee Charles,lee.charles@hotmail.com,684-865-6482x3662,Premium,Active,2025-11-25,-29.99
MEMBER-00029,Martha Torres,martha.torres@gmail.com,(799)357-7738x72148,BASIC,Cancelled,2026-06-23,99.99
MEMBER-00030,Stephanie Young,stephanie.young@yahoo.com,932.800.3791,Premium,Cancelled,2026-08-15,99.99
MEMBER-00031,Crystal Lee,crystal.lee@hotmail.com,(576)332-0163x2870,,Active,2025-09-15,-29.99
MEMBER-00032,Dennis Marshall,dennis.marshall@hotmail.com,+1-495-979-8687,VIP,Cancelled,2025-09-10,59.99
MEMBER-00033,Jonathon Wright,jonathon.wright@hotmail.com,387-434-7143x455,,Active,2025-01-21,29.99
MEMBER-00034,Jesse Benson,jesse.benson@hotmail.com,516.865.8760,Basic,Active,2025-07-25,59.99
MEMBER-00035,Rebecca Silva,rebecca.silva@hotmail.com,5969705466,Premium,Active,2025-03-15,29.99
MEMBER-00036,Joshua Tucker,joshua.tucker@yahoo.com,462-972-9806x99016,BASIC,Active,2025-02-14,-29.99
MEMBER-00037,Brent Gray,brent.gray@gmail.com,755.564.6417x080,,Frozen,2026-02-12,29.99
MEMBER-00038,Casey Bernard,casey.bernard@gmail.com,001-603-730-9232x71937,Basic,Frozen,2025-02-03,99.99
MEMBER-00039,Catherine Stuart,catherine.stuart@hotmail.com,824-519-0496,Basic,Frozen,2024-11-24,-29.99
MEMBER-00040,Brittany Rivas,brittany.rivas@gmail.com,749-319-0586,Premium,Active,2025-10-23,29.99
MEMBER-00041,Deborah Smith,deborah.smith@yahoo.com,916.857.2628x4987,VIP,Cancelled,2026-06-29,29.99
MEMBER-00042,Jessica Adams,jessica.adams@gmail.com,247-937-9965,VIP,Cancelled,2026-07-18,59.99
MEMBER-00043,Mark Freeman,mark.freeman@yahoo.com,954-594-8083x136,VIP,Cancelled,2026-03-16,29.99
MEMBER-00044,Thomas Joseph,thomas.joseph@yahoo.com,9147363495,,Frozen,2025-08-22,-29.99
MEMBER-00045,Wendy Pierce,wendy.pierce@yahoo.com,001-574-544-3135x182,Basic,Active,2026-04-22,99.99
MEMBER-00046,Todd Hardy,todd.hardy@hotmail.com,+1-641-234-3524x082,VIP,Cancelled,2024-11-07,29.99
MEMBER-00047,Angela Terry,angela.terry@gmail.com,+1-971-309-4777x5204,Premium,Active,2026-06-26,29.99
MEMBER-00048,Cameron Vasquez,cameron.vasquez@hotmail.com,+1-502-829-4131x8699,BASIC,Active,2025-09-10,59.99
MEMBER-00049,Rebekah Evans,rebekah.evans@hotmail.com,(349)490-9133x41232,Premium,Active,2024-09-28,59.99
MEMBER-00050,Ricky Norris,ricky.norris@yahoo.com,503-444-7134x9361,VIP,Active,2026-09-01,59.99
MEMBER-00051,Joseph Thomas,joseph.thomas@gmail.com,(849)694-7174,,Cancelled,2025-10-19,99.99
MEMBER-00052,Amber Kim,amber.kim@hotmail.com,2656940139,BASIC,Frozen,2025-12-17,-29.99
MEMBER-00053,Billy Avila,billy.avila@yahoo.com,474.729.6717x56551,,Active,2025-08-11,29.99
MEMBER-00054,Heather Roberts,heather.roberts@yahoo.com,001-880-271-5451x68087,Premium,Cancelled,2025-02-18,29.99
MEMBER-00055,April Dean,april.dean@yahoo.com,+1-570-434-8247x7109,VIP,Active,2025-05-25,59.99
MEMBER-00056,Andrea Tran,andrea.tran@gmail.com,817.912.7484,,Cancelled,2025-09-27,29.99
MEMBER-00057,John Arnold,john.arnold@yahoo.com,698.221.4658,Basic,Active,2025-05-03,59.99
MEMBER-00058,Jessica Monroe,jessica.monroe@hotmail.com,+1-572-878-7558x86753,Basic,Active,2025-03-26,99.99
MEMBER-00059,Melissa Jenkins,melissa.jenkins@yahoo.com,001-376-962-7028x9517,Basic,Cancelled,2024-10-07,99.99
MEMBER-00060,Jennifer Ortiz,jennifer.ortiz@hotmail.com,(817)745-9615,BASIC,Cancelled,2026-01-25,59.99
MEMBER-00061,Jennifer Malone,jennifer.malone@hotmail.com,3919343161,,Active,2025-02-02,59.99
MEMBER-00062,Heather Berger,heather.berger@gmail.com,304-855-6238x69222,BASIC,Active,2026-01-20,59.99
MEMBER-00063,Felicia Jimenez,felicia.jimenez@hotmail.com,(437)347-4074,Basic,Active,2025-09-04,-29.99
MEMBER-00064,Sierra Huerta,sierra.huerta@yahoo.com,+1-664-674-3671x3695,VIP,Active,2024-10-13,-29.99
MEMBER-00065,Tiffany Barrett,tiffany.barrett@yahoo.com,5905974395,BASIC,Active,2026-01-21,29.99
MEMBER-00066,John Campos,john.campos@hotmail.com,+1-421-504-7095x21456,Basic,Active,2025-01-06,99.99
MEMBER-00067,Kristin Walter,kristin.walter@yahoo.com,784.324.7451x71236,Basic,Cancelled,2026-06-02,59.99
MEMBER-00068,Ralph Baker,ralph.baker@gmail.com,754.596.5137x098,Premium,Active,2026-02-11,59.99
MEMBER-00069,Bryan Colon,bryan.colon@hotmail.com,861-920-0471x1382,BASIC,Cancelled,2025-07-11,99.99
MEMBER-00070,Ellen Paul,ellen.paul@hotmail.com,(592)761-7964x05377,BASIC,Cancelled,2024-12-12,29.99
MEMBER-00071,Tina Richardson,tina.richardson@hotmail.com,(706)543-1713x900,BASIC,Active,2025-01-01,29.99
MEMBER-00072,Kristin Harris,kristin.harris@hotmail.com,493.435.2904,,Active,2025-11-19,29.99
MEMBER-00073,John Thompson,john.thompson@hotmail.com,6202539502,Premium,Cancelled,2025-01-02,-29.99
MEMBER-00074,Judy Fox,judy.fox@hotmail.com,577-258-9178,BASIC,Active,2026-04-13,59.99
MEMBER-00075,Krista Camacho,krista.camacho@hotmail.com,470-307-6617x7115,BASIC,Active,2025-01-02,59.99
MEMBER-00076,Joshua Schultz,joshua.schultz@hotmail.com,001-556-898-4789x611,BASIC,Active,2025-09-11,-29.99
MEMBER-00077,Pamela Gutierrez,pamela.gutierrez@yahoo.com,(361)856-5452x7111,VIP,Active,2024-12-10,99.99
MEMBER-00078,Julie Watson,julie.watson@gmail.com,+1-809-288-5165,BASIC,Active,2025-05-07,59.99
MEMBER-00079,Caroline Bell,caroline.bell@hotmail.com,232.673.1585x14936,Premium,Frozen,2024-10-18,59.99
MEMBER-00080,Henry Park,henry.park@yahoo.com,850-922-9612x01836,Basic,Active,2025-06-17,99.99
MEMBER-00081,Eric Collins,eric.collins@yahoo.com,001-999-810-2290x14767,Basic,Active,2025-04-26,-29.99
MEMBER-00082,Jason Hunt,jason.hunt@yahoo.com,(614)597-8403x69003,,Cancelled,2026-05-15,29.99
MEMBER-00083,Derrick Scott,derrick.scott@yahoo.com,707-362-2683,,Active,2025-07-31,59.99
MEMBER-00084,Michelle Williams,michelle.williams@gmail.com,715.496.9664x160,Basic,Active,2026-06-10,59.99
MEMBER-00085,Stacey Stevens,stacey.stevens@hotmail.com,(716)513-6968x164,BASIC,Active,2025-06-11,59.99
MEMBER-00086,Kimberly Jones,kimberly.jones@hotmail.com,488-635-5231,,Active,2025-02-26,29.99
MEMBER-00087,Glenn Hernandez,glenn.hernandez@hotmail.com,727-779-9799,BASIC,Frozen,2025-01-21,99.99
MEMBER-00088,Scott Harrison,scott.harrison@hotmail.com,649-305-8147x7005,Premium,Frozen,2026-02-08,59.99
MEMBER-00089,Michelle Wyatt,michelle.wyatt@hotmail.com,+1-986-479-8079x359,VIP,Active,2024-11-13,59.99
MEMBER-00090,Shannon Shepherd,shannon.shepherd@yahoo.com,001-718-720-3778x892,VIP,Active,2026-09-08,99.99
MEMBER-00091,Justin Ortiz,justin.ortiz@yahoo.com,+1-390-451-5186x44925,Basic,Active,2026-09-08,-29.99
MEMBER-00092,Michael Ponce,michael.ponce@hotmail.com,+1-762-291-4865x28168,,Active,2025-07-04,29.99
MEMBER-00093,Kyle Bean,kyle.bean@yahoo.com,001-473-832-2141x88805,,Cancelled,2025-01-23,99.99
MEMBER-00094,Francis Guerra,francis.guerra@hotmail.com,(970)565-3794,Premium,Frozen,2025-11-14,29.99
MEMBER-00095,John Sheppard,john.sheppard@yahoo.com,859.477.4688,Premium,Frozen,2026-06-22,99.99
MEMBER-00096,James Jacobs,james.jacobs@yahoo.com,4756818141,Premium,Active,2025-09-09,99.99
MEMBER-00097,Rebecca Hernandez,rebecca.hernandez@yahoo.com,737-550-6068,,Active,2025-07-22,99.99
MEMBER-00098,Virginia Brooks,virginia.brooks@gmail.com,215-622-0472x77901,Basic,Cancelled,2025-03-12,99.99
MEMBER-00099,Mary Dunn,mary.dunn@hotmail.com,+1-986-314-3410x369,Basic,Active,2024-12-21,59.99
MEMBER-00100,Mary Porter,mary.porter@hotmail.com,7895324609,VIP,Frozen,2025-12-13,59.99
MEMBER-00101,Robert Beck,robert.beck@gmail.com,651.288.8880x67065,VIP,Cancelled,2025-06-30,99.99
MEMBER-00102,Kristina Cooper,kristina.cooper@hotmail.com,+1-319-952-0585x27722,,Active,2024-10-24,99.99
MEMBER-00103,Kelly Williams,kelly.williams@gmail.com,5546868740,Basic,Active,2025-06-30,-29.99
MEMBER-00104,Michelle Williams,michelle.williams@hotmail.com,641-356-6765x27758,VIP,Active,2026-04-13,29.99
MEMBER-00105,Roger Jordan,roger.jordan@gmail.com,+1-845-411-5447,VIP,Cancelled,2026-03-15,99.99
MEMBER-00106,Scott West,scott.west@hotmail.com,(996)240-1658x202,Premium,Active,2025-01-02,-29.99
MEMBER-00107,Carlos Osborne,carlos.osborne@yahoo.com,(469)709-2755x719,,Active,2025-08-01,29.99
MEMBER-00108,Leonard Ramirez,leonard.ramirez@gmail.com,9275868144,Basic,Cancelled,2026-01-14,29.99
MEMBER-00109,Justin Hendricks,justin.hendricks@yahoo.com,712.317.2715,VIP,Cancelled,2025-11-27,-29.99
MEMBER-00110,Amber Vance,amber.vance@gmail.com,001-725-983-1323x705,Premium,Active,2026-06-12,99.99
MEMBER-00111,Tonya Anderson,tonya.anderson@gmail.com,446-778-6691,VIP,Active,2026-02-06,99.99
MEMBER-00112,Charles Owens,charles.owens@hotmail.com,(628)492-2680x182,Premium,Cancelled,2025-01-29,29.99
MEMBER-00113,Marcus Fletcher,marcus.fletcher@yahoo.com,441.443.8424x98182,VIP,Active,2026-02-19,59.99
MEMBER-00114,Claudia Winters,claudia.winters@yahoo.com,001-800-210-9439,Premium,Cancelled,2025-10-17,59.99
MEMBER-00115,Pamela Gardner,pamela.gardner@hotmail.com,573-764-7102x7677,BASIC,Active,2026-01-10,59.99
MEMBER-00116,Douglas Hensley,douglas.hensley@yahoo.com,001-956-525-8815x3714,VIP,Active,2025-01-13,59.99
MEMBER-00117,Colin Roberts,colin.roberts@yahoo.com,+1-963-625-9532x787,VIP,Cancelled,2025-10-17,29.99
MEMBER-00118,Andrew Landry,andrew.landry@hotmail.com,233.395.0047x974,BASIC,Active,2025-08-26,-29.99
MEMBER-00119,Dennis Baker,dennis.baker@yahoo.com,001-965-606-0983x58416,Premium,Cancelled,2026-06-29,-29.99
MEMBER-00120,Veronica Becker,veronica.becker@gmail.com,(816)255-8523,VIP,Frozen,2024-10-31,59.99
MEMBER-00121,Benjamin Reeves,benjamin.reeves@yahoo.com,772.998.2595x26949,Premium,Active,2026-03-30,59.99
MEMBER-00122,Anna Wells,anna.wells@gmail.com,(551)269-4097x499,BASIC,Frozen,2025-12-23,99.99
MEMBER-00123,Timothy Warren,timothy.warren@hotmail.com,+1-462-830-9130x756,Basic,Frozen,2026-03-16,99.99
MEMBER-00124,James Shaw,james.shaw@hotmail.com,702.783.8578x6527,,Active,2026-03-04,99.99
MEMBER-00125,Kelsey Le,kelsey.le@hotmail.com,001-549-973-3484x344,Basic,Active,2025-05-30,99.99
MEMBER-00126,Timothy Castro,timothy.castro@hotmail.com,341-798-6652x404,Premium,Frozen,2026-09-13,29.99
MEMBER-00127,Scott Scott,scott.scott@yahoo.com,538.548.4219,Basic,Active,2024-11-04,99.99
MEMBER-00128,Elizabeth Schmidt,elizabeth.schmidt@hotmail.com,401.865.7120,VIP,Active,2026-02-15,29.99
MEMBER-00129,Savannah Johns,savannah.johns@yahoo.com,+1-434-254-0193x8026,BASIC,Cancelled,2026-07-07,99.99
MEMBER-00130,Randy Simpson,randy.simpson@hotmail.com,400-949-9154x7887,Basic,Active,2025-04-25,29.99
MEMBER-00131,James Rodriguez,james.rodriguez@gmail.com,001-774-320-5493x2966,,Cancelled,2025-08-03,99.99
MEMBER-00132,Elizabeth Lopez,elizabeth.lopez@gmail.com,253.604.6374x5499,BASIC,Active,2026-02-15,99.99
MEMBER-00133,Michael Young,michael.young@hotmail.com,774-526-8414,,Frozen,2025-03-15,29.99
MEMBER-00134,Susan Mendoza,susan.mendoza@yahoo.com,001-795-368-7833x9187,VIP,Frozen,2026-09-08,-29.99
MEMBER-00135,Anne Brown,anne.brown@hotmail.com,939.282.2587x13971,VIP,Active,2025-09-13,99.99
MEMBER-00136,David Perry,david.perry@hotmail.com,3872406403,,Cancelled,2025-08-21,59.99
MEMBER-00137,Melvin Brown,melvin.brown@gmail.com,870-946-2265,BASIC,Active,2026-08-02,59.99
MEMBER-00138,Sally Bennett,sally.bennett@gmail.com,+1-982-851-2868x23004,,Frozen,2025-11-13,-29.99
MEMBER-00139,Nicolas Hall,nicolas.hall@yahoo.com,(324)231-0690x331,,Active,2025-09-07,99.99
MEMBER-00140,Carla Warner,carla.warner@gmail.com,606.573.8302,VIP,Cancelled,2026-06-21,-29.99
MEMBER-00141,Sabrina Johnston,sabrina.johnston@hotmail.com,+1-453-842-8364x408,,Frozen,2025-12-01,-29.99
MEMBER-00142,Tyler Compton,tyler.compton@hotmail.com,+1-668-456-6246x28733,BASIC,Active,2026-06-13,59.99
MEMBER-00143,Steven Brown,steven.brown@yahoo.com,(588)226-3435x17518,,Active,2025-04-22,59.99
MEMBER-00144,Nicholas Jacobs,nicholas.jacobs@gmail.com,239-583-7354,Basic,Frozen,2026-09-23,99.99
MEMBER-00145,James Figueroa,james.figueroa@hotmail.com,001-673-693-6385x46785,Basic,Cancelled,2025-07-02,99.99
MEMBER-00146,William Crawford,william.crawford@gmail.com,001-875-635-5609x3204,Premium,Cancelled,2025-01-22,59.99
MEMBER-00147,James Hall,james.hall@hotmail.com,778.454.7772,Basic,Active,2025-01-12,59.99
MEMBER-00148,Jennifer Freeman,jennifer.freeman@hotmail.com,+1-508-901-0062x3120,BASIC,Active,2025-07-12,-29.99
MEMBER-00149,Bruce Little,bruce.little@hotmail.com,270.808.8600x8484,BASIC,Cancelled,2026-06-14,-29.99
MEMBER-00150,Sheila White,sheila.white@gmail.com,523.539.8454x61567,BASIC,Active,2025-05-16,59.99
MEMBER-00151,Gabriella Abbott,gabriella.abbott@hotmail.com,+1-801-766-6870x0217,Premium,Active,2025-12-09,29.99
MEMBER-00152,Tiffany Dickson,tiffany.dickson@hotmail.com,2334974014,BASIC,Cancelled,2026-09-17,59.99
MEMBER-00153,Melissa Smith,melissa.smith@gmail.com,001-826-714-2939,,Active,2025-07-21,29.99
MEMBER-00154,Karla Taylor,karla.taylor@hotmail.com,001-818-750-1631x5999,,Cancelled,2024-10-19,29.99
MEMBER-00155,Cynthia Bowers,cynthia.bowers@yahoo.com,335.386.6296x1943,BASIC,Cancelled,2025-04-22,-29.99
MEMBER-00156,Eric Dawson,eric.dawson@hotmail.com,(765)651-1047,,Frozen,2024-12-14,-29.99
MEMBER-00157,David Lopez,david.lopez@yahoo.com,+1-388-761-0158,,Active,2026-07-28,-29.99
MEMBER-00158,Paul Carter,paul.carter@yahoo.com,001-418-339-8262x24447,Premium,Active,2025-02-02,-29.99
MEMBER-00159,Ryan Fisher,ryan.fisher@yahoo.com,354-437-9937,VIP,Cancelled,2025-05-20,99.99
MEMBER-00160,Adam Foster,adam.foster@hotmail.com,(457)856-9245x9375,,Active,2025-05-31,59.99
MEMBER-00161,Kelly Neal,kelly.neal@yahoo.com,001-535-464-6519,VIP,Active,2026-03-09,29.99
MEMBER-00162,Katrina Johnson,katrina.johnson@hotmail.com,837.841.6724x342,VIP,Cancelled,2024-11-22,99.99
MEMBER-00163,Shane Harper,shane.harper@hotmail.com,(488)268-0589x1135,VIP,Frozen,2025-12-07,29.99
MEMBER-00164,Tonya Byrd,tonya.byrd@yahoo.com,001-956-710-1438x88993,Premium,Cancelled,2025-07-26,59.99
MEMBER-00165,Steven Frazier,steven.frazier@hotmail.com,925.507.1461x12545,BASIC,Cancelled,2025-11-04,59.99
MEMBER-00166,Timothy Alvarez,timothy.alvarez@yahoo.com,001-475-414-0105x1238,Basic,Active,2025-06-10,-29.99
MEMBER-00167,Anita Mullen,anita.mullen@gmail.com,(522)566-0937x9660,VIP,Active,2025-04-30,-29.99
MEMBER-00168,Karen Stokes,karen.stokes@gmail.com,001-618-925-5371,Basic,Cancelled,2025-11-09,-29.99
MEMBER-00169,Tammy Edwards,tammy.edwards@yahoo.com,+1-369-415-5792x499,BASIC,Active,2025-05-27,-29.99
MEMBER-00170,David Torres,david.torres@gmail.com,(428)466-9296x627,BASIC,Active,2025-10-11,99.99
MEMBER-00171,Keith Lopez,keith.lopez@yahoo.com,+1-905-807-2368x876,VIP,Active,2026-03-31,-29.99
MEMBER-00172,Mary Burns,mary.burns@gmail.com,001-403-940-4384,,Cancelled,2025-12-09,-29.99
MEMBER-00173,Julia Cannon,julia.cannon@hotmail.com,519.614.8580x78361,Premium,Frozen,2026-08-06,-29.99
MEMBER-00174,Yvonne Cole,yvonne.cole@yahoo.com,471-433-9596,BASIC,Active,2026-05-28,-29.99
MEMBER-00175,Jamie Clark,jamie.clark@gmail.com,001-658-649-8254,VIP,Active,2026-07-24,59.99
MEMBER-00176,Wyatt Mccullough,wyatt.mccullough@gmail.com,(560)842-2325,BASIC,Cancelled,2025-10-11,29.99
MEMBER-00177,Douglas Chen,douglas.chen@hotmail.com,(367)911-6845x77590,BASIC,Active,2026-02-01,29.99
MEMBER-00178,Elizabeth Howard,elizabeth.howard@gmail.com,+1-763-463-7454,BASIC,Cancelled,2025-12-09,-29.99
MEMBER-00179,Melissa Kramer,melissa.kramer@hotmail.com,001-600-417-0127x70632,Premium,Active,2026-08-06,99.99
MEMBER-00180,Sarah Hill,sarah.hill@hotmail.com,(241)552-0643x611,BASIC,Frozen,2025-10-01,59.99
MEMBER-00181,Christian Wheeler,christian.wheeler@hotmail.com,+1-370-705-1627x13611,BASIC,Frozen,2025-07-08,99.99
MEMBER-00182,Nicole Taylor,nicole.taylor@gmail.com,+1-921-589-0927x5326,BASIC,Frozen,2024-12-02,-29.99
MEMBER-00183,Peggy Taylor,peggy.taylor@gmail.com,001-565-665-2341,VIP,Active,2026-05-24,-29.99
MEMBER-00184,Shelly Johnson,shelly.johnson@hotmail.com,538-998-3640x3761,Basic,Active,2026-02-03,99.99
MEMBER-00185,Brittney Rice,brittney.rice@gmail.com,(352)269-6582x710,Premium,Active,2025-04-17,29.99
MEMBER-00186,Jason Livingston,jason.livingston@yahoo.com,348.566.6188x92414,Basic,Cancelled,2026-06-15,59.99
MEMBER-00187,Eric Murphy,eric.murphy@hotmail.com,+1-214-663-0316x1799,Basic,Cancelled,2026-02-25,59.99
MEMBER-00188,Judith Yang,judith.yang@gmail.com,4207275884,Premium,Active,2025-01-02,29.99
MEMBER-00189,Kara Marks,kara.marks@hotmail.com,305-964-8149,,Cancelled,2025-09-14,-29.99
MEMBER-00190,William Brown,william.brown@hotmail.com,(252)241-9138,VIP,Frozen,2026-07-24,59.99
MEMBER-00191,Michelle Sanchez,michelle.sanchez@yahoo.com,(662)320-8635x365,,Active,2025-12-13,59.99
MEMBER-00192,Nathan Shaw,nathan.shaw@gmail.com,(738)306-1744,VIP,Active,2025-11-29,29.99
MEMBER-00193,Stephen Wood,stephen.wood@yahoo.com,001-549-437-5973,VIP,Active,2024-09-30,-29.99
MEMBER-00194,Sarah Johnson,sarah.johnson@hotmail.com,(205)406-4138x367,Premium,Active,2026-04-01,59.99
MEMBER-00195,Joshua Williams,joshua.williams@gmail.com,865.471.9182x61990,Basic,Frozen,2025-03-28,29.99
MEMBER-00196,Kelly Rosales,kelly.rosales@yahoo.com,001-355-474-3132x912,,Active,2025-09-10,99.99
MEMBER-00197,Steven Russell,steven.russell@hotmail.com,(537)747-4112x490,,Active,2025-01-19,99.99
MEMBER-00198,Christopher Wright,christopher.wright@yahoo.com,(980)344-2067x8831,Basic,Frozen,2026-06-12,29.99
MEMBER-00199,Laura Martinez,laura.martinez@gmail.com,001-932-436-5199x41013,BASIC,Active,2024-12-06,29.99
MEMBER-00200,Rebecca Calderon,rebecca.calderon@yahoo.com,207-802-9667,BASIC,Frozen,2026-03-10,-29.99
MEMBER-00201,Ronald Gomez,ronald.gomez@gmail.com,947-220-9993x476,Premium,Active,2024-12-03,59.99
MEMBER-00202,Joshua Taylor,joshua.taylor@gmail.com,+1-783-880-6578x7598,,Frozen,2025-04-24,-29.99
MEMBER-00203,Hector Flores,hector.flores@gmail.com,3405785932,BASIC,Active,2026-02-18,99.99
MEMBER-00204,John Ferguson,john.ferguson@hotmail.com,7397652239,VIP,Cancelled,2026-09-05,29.99
MEMBER-00205,Brittany Warner,brittany.warner@yahoo.com,001-992-293-7842,VIP,Active,2024-12-05,59.99
MEMBER-00206,Brian Guzman,brian.guzman@gmail.com,470.359.3252x50029,BASIC,Active,2026-07-15,99.99
MEMBER-00207,Alicia Diaz,alicia.diaz@gmail.com,(469)715-4522x675,Basic,Active,2025-03-18,99.99
MEMBER-00208,Elizabeth Olsen,elizabeth.olsen@yahoo.com,542-320-9690x2959,Premium,Active,2026-09-23,59.99
MEMBER-00209,Tyler Rivera,tyler.rivera@gmail.com,555.521.5704,VIP,Frozen,2026-03-18,99.99
MEMBER-00210,Carlos Scott,carlos.scott@gmail.com,001-300-967-6267x6586,VIP,Frozen,2026-05-31,29.99
MEMBER-00211,Michelle Curtis,michelle.curtis@hotmail.com,327.310.4054,,Cancelled,2025-06-18,29.99
MEMBER-00212,George Bennett,george.bennett@hotmail.com,481-859-9706,Premium,Active,2025-01-26,-29.99
MEMBER-00213,Brian Rivera,brian.rivera@gmail.com,(288)744-4310x69872,,Cancelled,2024-09-28,-29.99
MEMBER-00214,Ronald Phillips,ronald.phillips@hotmail.com,+1-897-931-0324x1714,BASIC,Active,2025-10-10,29.99
MEMBER-00215,Patricia Baker,patricia.baker@hotmail.com,+1-662-956-5270,Basic,Frozen,2025-09-22,59.99
MEMBER-00216,Jose Hood,jose.hood@hotmail.com,2218158693,BASIC,Cancelled,2026-06-23,99.99
MEMBER-00217,Alexandra Sheppard,alexandra.sheppard@hotmail.com,493.374.1608x9899,,Frozen,2026-05-07,-29.99
MEMBER-00218,Shane Rush,shane.rush@gmail.com,632.706.1632,,Frozen,2026-09-03,-29.99
MEMBER-00219,Jessica Aguirre,jessica.aguirre@gmail.com,(386)885-4870x9986,,Frozen,2025-01-20,99.99
MEMBER-00220,Eddie Matthews,eddie.matthews@gmail.com,991-948-5646,BASIC,Frozen,2024-10-25,99.99
MEMBER-00221,Gerald Powell,gerald.powell@hotmail.com,+1-660-665-3074x505,VIP,Cancelled,2025-05-01,29.99
MEMBER-00222,Megan Garrison,megan.garrison@hotmail.com,332-547-5469,Premium,Frozen,2025-09-04,29.99
MEMBER-00223,Jason Holloway,jason.holloway@hotmail.com,285.408.2148x6289,,Cancelled,2025-02-22,59.99
MEMBER-00224,Nancy Gonzalez,nancy.gonzalez@gmail.com,807.305.3457,Premium,Active,2026-03-09,99.99
MEMBER-00225,Anthony Watson,anthony.watson@hotmail.com,827.298.5524x140,,Frozen,2025-01-30,29.99
MEMBER-00226,Melissa Chan,melissa.chan@gmail.com,433.446.8007,Premium,Frozen,2026-01-05,59.99
MEMBER-00227,Lauren Walker,lauren.walker@hotmail.com,346-265-7437x4896,VIP,Cancelled,2025-10-28,99.99
MEMBER-00228,Yvonne Levy,yvonne.levy@yahoo.com,+1-699-744-1715,Basic,Cancelled,2026-07-27,99.99
MEMBER-00229,Joshua Douglas,joshua.douglas@hotmail.com,632-883-0965x2074,Basic,Active,2025-08-06,99.99
MEMBER-00230,Paul Johnson,paul.johnson@hotmail.com,001-435-438-7584,Premium,Active,2025-05-12,29.99
MEMBER-00231,Connor Anderson,connor.anderson@yahoo.com,001-682-951-3534x6554,Basic,Frozen,2026-07-19,-29.99
MEMBER-00232,David Brown,david.brown@hotmail.com,001-699-817-3816,BASIC,Active,2024-11-06,99.99
MEMBER-00233,Monica Hernandez,monica.hernandez@gmail.com,969-672-5217x52500,Premium,Active,2025-03-07,99.99
MEMBER-00234,Kathleen Jackson,kathleen.jackson@gmail.com,512.796.6667x6008,BASIC,Active,2024-10-06,29.99
MEMBER-00235,Patricia Sherman,patricia.sherman@hotmail.com,800.633.5421,BASIC,Active,2025-02-02,29.99
MEMBER-00236,Cameron Williams,cameron.williams@yahoo.com,889.285.6257x532,,Active,2025-03-22,59.99
MEMBER-00237,Jeffrey Mercer,jeffrey.mercer@gmail.com,001-209-382-1506x4890,Premium,Frozen,2026-02-15,29.99
MEMBER-00238,Mary Williams,mary.williams@gmail.com,(676)418-4723x04618,Premium,Active,2025-08-17,-29.99
MEMBER-00239,Maria Garcia,maria.garcia@hotmail.com,+1-714-811-7393x483,,Cancelled,2025-05-13,-29.99
MEMBER-00240,Ethan Kelley,ethan.kelley@gmail.com,001-375-330-0119x721,BASIC,Active,2026-08-29,99.99
MEMBER-00241,Jonathan Hall,jonathan.hall@yahoo.com,270-212-0455x611,,Active,2026-07-19,99.99
MEMBER-00242,Devon Holland,devon.holland@yahoo.com,(679)841-5521x667,,Active,2026-03-15,29.99
MEMBER-00243,Melissa Marsh,melissa.marsh@hotmail.com,(912)402-1697,Premium,Cancelled,2026-01-13,99.99
MEMBER-00244,Noah Howard,noah.howard@gmail.com,+1-527-771-6701x45089,Basic,Cancelled,2025-11-03,59.99
MEMBER-00245,Alexandra Haynes,alexandra.haynes@gmail.com,(437)356-2890x02877,Premium,Active,2026-05-02,59.99
MEMBER-00246,Travis Allen,travis.allen@yahoo.com,9839866317,Basic,Active,2024-12-03,-29.99
MEMBER-00247,Melissa West,melissa.west@gmail.com,501.966.0880x1994,,Active,2025-06-17,99.99
MEMBER-00248,Michael Brown,michael.brown@gmail.com,758.799.7571x130,Basic,Cancelled,2026-07-02,99.99
MEMBER-00249,Cynthia Marsh,cynthia.marsh@hotmail.com,851.502.7261x49331,VIP,Active,2025-09-15,29.99
MEMBER-00250,Makayla Lee,makayla.lee@yahoo.com,460-991-7798,Premium,Frozen,2024-09-29,59.99
MEMBER-00251,Alyssa Williams,alyssa.williams@yahoo.com,001-778-829-2216,BASIC,Active,2025-08-17,59.99
MEMBER-00252,Tiffany Moon,tiffany.moon@gmail.com,765-547-2269x848,Premium,Frozen,2025-03-01,59.99
MEMBER-00253,Jason Klein,jason.klein@hotmail.com,(822)688-5158x799,Basic,Active,2026-08-08,59.99
MEMBER-00254,Melanie Stokes,melanie.stokes@hotmail.com,606-620-0342,VIP,Frozen,2025-01-17,-29.99
MEMBER-00255,Mary Vaughn,mary.vaughn@yahoo.com,880.557.1983,Basic,Active,2025-10-27,99.99
MEMBER-00256,Kristen Lindsey,kristen.lindsey@yahoo.com,001-906-566-5800x439,BASIC,Frozen,2026-09-03,-29.99
MEMBER-00257,Cynthia Mckinney,cynthia.mckinney@yahoo.com,001-898-293-3472x12281,BASIC,Active,2025-08-24,29.99
MEMBER-00258,Joshua Baker,joshua.baker@gmail.com,001-240-657-2025,BASIC,Frozen,2025-10-12,99.99
MEMBER-00259,Kristy Pierce,kristy.pierce@gmail.com,001-858-332-8182x688,Basic,Active,2025-06-24,59.99
MEMBER-00260,Jeffrey Lewis,jeffrey.lewis@yahoo.com,554-239-8780x15739,,Active,2026-03-10,99.99
MEMBER-00261,Nicole James,nicole.james@gmail.com,(548)740-8588x7704,,Active,2025-10-30,59.99
MEMBER-00262,Christopher Davis,christopher.davis@hotmail.com,+1-801-333-6138,BASIC,Active,2026-04-29,99.99
MEMBER-00263,Gina Johnson,gina.johnson@hotmail.com,901-810-2481x93466,Premium,Active,2025-08-28,-29.99
MEMBER-00264,Leslie Price,leslie.price@gmail.com,+1-309-619-0158,Basic,Active,2026-05-30,99.99
MEMBER-00265,Gina Obrien,gina.obrien@yahoo.com,001-676-760-7283x26842,BASIC,Frozen,2024-10-04,99.99
MEMBER-00266,Angela Peters,angela.peters@gmail.com,5097968814,Basic,Cancelled,2025-03-09,99.99
MEMBER-00267,Robert Brewer,robert.brewer@hotmail.com,(222)939-4312,BASIC,Active,2026-02-08,99.99
MEMBER-00268,Andrea Roberts,andrea.roberts@gmail.com,313-597-5523x149,BASIC,Active,2025-05-30,-29.99
MEMBER-00269,Todd Murphy,todd.murphy@hotmail.com,892-699-5562x0533,Basic,Frozen,2026-07-10,99.99
MEMBER-00270,Michael Frazier,michael.frazier@yahoo.com,577.654.7812x9142,VIP,Active,2026-04-18,-29.99
MEMBER-00271,Olivia Jones,olivia.jones@gmail.com,6809996930,,Active,2026-02-15,-29.99
MEMBER-00272,Kimberly Diaz,kimberly.diaz@gmail.com,001-494-427-8816x58039,BASIC,Active,2025-09-07,59.99
MEMBER-00273,Erik Knight,erik.knight@hotmail.com,+1-727-850-3731x45303,,Frozen,2025-09-25,-29.99
MEMBER-00274,Samantha Keith,samantha.keith@gmail.com,+1-351-684-4989x2665,BASIC,Active,2025-07-15,59.99
MEMBER-00275,Teresa Walker,teresa.walker@yahoo.com,(657)579-0827x231,VIP,Cancelled,2025-01-20,99.99
MEMBER-00276,Jacob Cox,jacob.cox@hotmail.com,436-851-7773,BASIC,Active,2024-10-13,29.99
MEMBER-00277,John Anderson,john.anderson@hotmail.com,(428)809-2024,Basic,Cancelled,2026-01-04,59.99
MEMBER-00278,Tanya Walsh,tanya.walsh@hotmail.com,001-441-637-9772x3692,VIP,Active,2025-02-03,-29.99
MEMBER-00279,Jennifer Cooper,jennifer.cooper@yahoo.com,+1-891-436-6210x388,Basic,Cancelled,2026-01-09,29.99
MEMBER-00280,Cole Alvarez,cole.alvarez@hotmail.com,+1-808-781-1729x806,BASIC,Active,2026-08-06,59.99
MEMBER-00281,Bradley Moreno,bradley.moreno@gmail.com,865.699.1624x7314,BASIC,Frozen,2025-02-19,99.99
MEMBER-00282,Adam Manning,adam.manning@gmail.com,001-781-380-6356,BASIC,Active,2025-01-24,-29.99
MEMBER-00283,Ronald Richards,ronald.richards@yahoo.com,+1-969-459-4636,Premium,Active,2025-07-10,59.99
MEMBER-00284,Angie Webb,angie.webb@yahoo.com,001-556-821-3721,BASIC,Cancelled,2026-05-29,59.99
MEMBER-00285,Matthew Pierce,matthew.pierce@hotmail.com,+1-702-360-1279x61143,Basic,Frozen,2026-01-12,-29.99
MEMBER-00286,Benjamin Cruz,benjamin.cruz@yahoo.com,+1-584-290-2770x384,VIP,Frozen,2026-05-27,29.99
MEMBER-00287,Carol Black,carol.black@gmail.com,+1-820-553-0214x656,VIP,Frozen,2025-11-02,-29.99
MEMBER-00288,Alexis Padilla,alexis.padilla@gmail.com,+1-548-995-5439,Premium,Active,2026-09-18,-29.99
MEMBER-00289,Richard Smith,richard.smith@gmail.com,(981)881-8451x84894,VIP,Frozen,2025-12-07,-29.99
MEMBER-00290,Timothy Sanchez,timothy.sanchez@yahoo.com,001-777-290-7141x63356,BASIC,Frozen,2026-03-24,59.99
MEMBER-00291,Marilyn Wright,marilyn.wright@gmail.com,(951)582-7553x9423,Premium,Active,2025-03-27,59.99
MEMBER-00292,Jill Salas,jill.salas@gmail.com,933.295.2111,BASIC,Active,2026-05-12,99.99
MEMBER-00293,Mercedes Rubio,mercedes.rubio@yahoo.com,(495)279-4728x463,BASIC,Active,2025-11-08,-29.99
MEMBER-00294,Lauren Mendoza,lauren.mendoza@hotmail.com,7852627187,Premium,Active,2024-10-05,29.99
MEMBER-00295,Emily Gray,emily.gray@gmail.com,959-842-8434x79552,Premium,Frozen,2025-03-08,29.99
MEMBER-00296,Robert Goodwin,robert.goodwin@yahoo.com,(847)529-2931x4386,BASIC,Active,2025-01-17,-29.99
MEMBER-00297,Lauren Rodgers,lauren.rodgers@yahoo.com,6266728857,Basic,Cancelled,2025-12-06,-29.99
MEMBER-00298,Michele Williams,michele.williams@gmail.com,001-620-734-7175x455,Premium,Active,2024-10-11,-29.99
MEMBER-00299,Robert Bell,robert.bell@hotmail.com,+1-339-898-2455x877,VIP,Frozen,2026-01-15,-29.99
MEMBER-00300,Justin Welch,justin.welch@gmail.com,(756)599-6112,Basic,Frozen,2025-05-27,-29.99
MEMBER-00301,Logan Carter,logan.carter@yahoo.com,+1-464-575-9876x220,VIP,Active,2026-02-22,29.99
MEMBER-00302,Johnathan Manning,johnathan.manning@hotmail.com,232-261-1178,,Active,2026-05-17,59.99
MEMBER-00303,Randy Hubbard,randy.hubbard@gmail.com,649-921-6433,VIP,Cancelled,2026-01-25,29.99
MEMBER-00304,David Rose,david.rose@gmail.com,9054577848,BASIC,Active,2026-03-21,29.99
MEMBER-00305,Amber Garza,amber.garza@yahoo.com,+1-796-888-4578x3174,BASIC,Cancelled,2025-04-15,99.99
MEMBER-00306,Eric Smith,eric.smith@hotmail.com,001-525-247-8077x40649,Basic,Active,2025-11-25,99.99
MEMBER-00307,Nathaniel Jenkins,nathaniel.jenkins@hotmail.com,(663)626-6341x63894,Basic,Frozen,2025-08-12,99.99
MEMBER-00308,Jacob Jones,jacob.jones@gmail.com,217-497-4973x5020,VIP,Active,2024-12-14,59.99
MEMBER-00309,Julian Martinez,julian.martinez@yahoo.com,001-903-212-0735x6475,Premium,Active,2025-06-09,59.99
MEMBER-00310,Christopher Christensen,christopher.christensen@gmail.com,8462187234,Premium,Cancelled,2024-12-29,29.99
MEMBER-00311,Theresa Espinoza,theresa.espinoza@yahoo.com,001-273-303-7183x76452,,Active,2025-04-10,59.99
MEMBER-00312,Timothy Evans,timothy.evans@yahoo.com,3318365024,BASIC,Cancelled,2026-05-31,59.99
MEMBER-00313,John Novak,john.novak@hotmail.com,001-279-225-1327x195,BASIC,Frozen,2025-06-29,-29.99
MEMBER-00314,Deanna Miles,deanna.miles@gmail.com,(873)758-5730,VIP,Active,2026-04-11,-29.99
MEMBER-00315,Dennis Roach,dennis.roach@yahoo.com,001-978-648-7392x855,VIP,Cancelled,2026-07-31,29.99
MEMBER-00316,Marie Rocha,marie.rocha@hotmail.com,(918)227-4485,BASIC,Frozen,2026-05-21,99.99
MEMBER-00317,Dana Gray,dana.gray@gmail.com,5959935186,BASIC,Frozen,2026-05-13,-29.99
MEMBER-00318,Andrea Austin,andrea.austin@yahoo.com,(351)218-1022x03173,VIP,Cancelled,2025-12-13,-29.99
MEMBER-00319,Darlene Price,darlene.price@yahoo.com,299.740.5391x03717,BASIC,Active,2025-12-03,59.99
MEMBER-00320,Julia Zamora,julia.zamora@yahoo.com,001-309-548-0141x381,BASIC,Frozen,2025-11-12,99.99
MEMBER-00321,Paul Lee,paul.lee@hotmail.com,992.888.6195,VIP,Active,2026-08-12,-29.99
MEMBER-00322,Dalton Sparks,dalton.sparks@hotmail.com,(885)728-9755x8556,VIP,Active,2026-01-11,29.99
MEMBER-00323,John Gardner,john.gardner@yahoo.com,001-684-257-7600x49082,,Active,2025-05-17,99.99
MEMBER-00324,Tracey Lewis,tracey.lewis@yahoo.com,2489889921,Premium,Frozen,2025-06-29,59.99
MEMBER-00325,Eric Baker,eric.baker@hotmail.com,334.741.9693,Premium,Frozen,2026-06-03,59.99
MEMBER-00326,Timothy Freeman,timothy.freeman@hotmail.com,001-891-894-0961x055,Basic,Active,2026-09-18,99.99
MEMBER-00327,Mindy Kane,mindy.kane@gmail.com,001-590-460-4805x8925,BASIC,Active,2024-11-04,99.99
MEMBER-00328,Emily Osborn,emily.osborn@yahoo.com,001-299-881-3646x22517,Premium,Active,2025-04-17,99.99
MEMBER-00329,Christopher Shaw,christopher.shaw@hotmail.com,(527)583-7693,VIP,Active,2024-11-20,59.99
MEMBER-00330,Joseph Jordan,joseph.jordan@hotmail.com,001-711-266-5535,Premium,Cancelled,2026-05-16,99.99
MEMBER-00331,Kevin Huerta,kevin.huerta@hotmail.com,592.470.3352x110,,Frozen,2026-08-01,59.99
MEMBER-00332,Marissa Roberts,marissa.roberts@yahoo.com,001-614-977-0538x338,VIP,Active,2026-01-22,99.99
MEMBER-00333,Jessica Thomas,jessica.thomas@hotmail.com,+1-906-298-0420x43940,VIP,Active,2024-11-16,-29.99
MEMBER-00334,Paul Nelson,paul.nelson@hotmail.com,(310)446-3681x579,Basic,Cancelled,2025-02-27,59.99
MEMBER-00335,Vincent Ellis,vincent.ellis@hotmail.com,2037845762,BASIC,Frozen,2026-03-11,29.99
MEMBER-00336,Michael Garrett,michael.garrett@gmail.com,840.546.0843x25621,BASIC,Active,2025-08-16,99.99
MEMBER-00337,John Hernandez,john.hernandez@yahoo.com,+1-457-882-3298x324,,Active,2026-09-02,-29.99
MEMBER-00338,Theresa Thomas,theresa.thomas@hotmail.com,(251)788-1252,VIP,Frozen,2026-08-10,-29.99
MEMBER-00339,Teresa Ali,teresa.ali@yahoo.com,542.531.2209x949,VIP,Active,2025-03-24,59.99
MEMBER-00340,Grace Howard,grace.howard@hotmail.com,001-572-289-7526x77223,BASIC,Active,2025-08-09,99.99
MEMBER-00341,Kathy Smith,kathy.smith@yahoo.com,(233)831-2797x57366,,Cancelled,2026-04-08,29.99
MEMBER-00342,Lawrence Carr,lawrence.carr@hotmail.com,001-298-580-8177,BASIC,Frozen,2025-11-02,-29.99
MEMBER-00343,Amanda Terrell,amanda.terrell@gmail.com,+1-668-903-4764,Basic,Cancelled,2025-02-02,29.99
MEMBER-00344,Roberto Austin,roberto.austin@gmail.com,001-882-877-1812x982,Basic,Frozen,2025-06-04,-29.99
MEMBER-00345,Shannon White,shannon.white@hotmail.com,001-337-814-5211x175,Basic,Active,2026-04-13,59.99
MEMBER-00346,Kylie Hunt,kylie.hunt@gmail.com,(686)602-5922x2206,,Cancelled,2026-04-16,-29.99
MEMBER-00347,Kayla Griffin,kayla.griffin@hotmail.com,(912)930-9407,BASIC,Frozen,2025-11-22,-29.99
MEMBER-00348,Lindsey Franklin,lindsey.franklin@yahoo.com,239.577.6719,,Cancelled,2026-08-12,-29.99
MEMBER-00349,Amy Harvey,amy.harvey@hotmail.com,602.720.5020,Basic,Active,2026-09-10,-29.99
MEMBER-00350,Christopher Rodriguez,christopher.rodriguez@gmail.com,(749)299-8279,VIP,Active,2024-12-07,99.99
MEMBER-00351,Kayla Morris,kayla.morris@yahoo.com,768-814-7214,Premium,Active,2025-11-07,-29.99
MEMBER-00352,Jason Clark,jason.clark@gmail.com,798-617-9469,Premium,Frozen,2025-11-08,29.99
MEMBER-00353,Barbara Hanson,barbara.hanson@gmail.com,+1-397-287-7293x430,VIP,Frozen,2025-09-22,29.99
MEMBER-00354,Colleen Wilson,colleen.wilson@gmail.com,+1-366-605-5830x344,BASIC,Frozen,2025-05-17,59.99
MEMBER-00355,William Nguyen,william.nguyen@gmail.com,755-769-9023,Basic,Active,2026-09-12,29.99
MEMBER-00356,Emily Hendricks,emily.hendricks@gmail.com,+1-727-227-8576x0849,Premium,Active,2025-03-06,29.99
MEMBER-00357,Barbara Rivera,barbara.rivera@yahoo.com,824-405-6829,VIP,Cancelled,2026-01-01,59.99
MEMBER-00358,Darryl Patton,darryl.patton@yahoo.com,001-650-446-1735x743,,Cancelled,2024-12-22,29.99
MEMBER-00359,Neil Johnson,neil.johnson@gmail.com,978-607-8235,,Cancelled,2026-05-21,59.99
MEMBER-00360,Mark Hammond,mark.hammond@gmail.com,923.207.6810x40915,Premium,Frozen,2024-12-15,59.99
MEMBER-00361,Abigail Hopkins,abigail.hopkins@yahoo.com,7949353344,,Active,2026-03-01,99.99
MEMBER-00362,David Hernandez,david.hernandez@yahoo.com,709-688-1385,Premium,Cancelled,2025-01-13,99.99
MEMBER-00363,Sherry Brock,sherry.brock@hotmail.com,421.249.5870,Premium,Active,2025-09-26,29.99
MEMBER-00364,Rebecca Williams,rebecca.williams@yahoo.com,7166629979,Premium,Active,2025-06-11,99.99
MEMBER-00365,Lisa Marquez,lisa.marquez@hotmail.com,+1-617-992-1717,Premium,Frozen,2025-09-26,29.99
MEMBER-00366,Jesse Walker,jesse.walker@hotmail.com,756-925-5770x171,Premium,Frozen,2025-09-19,29.99
MEMBER-00367,Megan Campbell,megan.campbell@yahoo.com,+1-992-881-6158x148,Premium,Active,2025-12-28,29.99
MEMBER-00368,Robert Oliver,robert.oliver@hotmail.com,(776)515-3966,Basic,Active,2025-02-07,-29.99
MEMBER-00369,Elaine Miller,elaine.miller@hotmail.com,001-971-499-7581,VIP,Active,2025-05-23,-29.99
MEMBER-00370,Stephanie Jones,stephanie.jones@gmail.com,+1-696-857-0132x90227,,Cancelled,2026-01-17,29.99
MEMBER-00371,Becky Gonzalez,becky.gonzalez@hotmail.com,249-746-5190x98624,,Frozen,2026-08-26,-29.99
MEMBER-00372,Ana Brown,ana.brown@hotmail.com,+1-751-840-3696,Basic,Active,2025-08-07,-29.99
MEMBER-00373,Patrick Gardner,patrick.gardner@hotmail.com,(672)438-6562,BASIC,Active,2025-01-08,29.99
MEMBER-00374,Alexander Wong,alexander.wong@gmail.com,001-876-921-2679x6927,BASIC,Active,2025-07-21,29.99
MEMBER-00375,Michael Lopez,michael.lopez@hotmail.com,7972384689,Basic,Frozen,2024-10-25,59.99
MEMBER-00376,Ashley Bush,ashley.bush@gmail.com,001-371-528-4781,Basic,Cancelled,2025-09-27,99.99
MEMBER-00377,Crystal Alvarado,crystal.alvarado@hotmail.com,989-949-0580,,Frozen,2025-10-29,-29.99
MEMBER-00378,Rebecca Berry,rebecca.berry@yahoo.com,(254)642-0949x40792,,Frozen,2026-06-16,-29.99
MEMBER-00379,Jo Johnson,jo.johnson@yahoo.com,628-614-4294,,Active,2024-10-07,29.99
MEMBER-00380,Judith Munoz,judith.munoz@hotmail.com,001-427-452-4372x8051,Basic,Cancelled,2026-07-08,-29.99
MEMBER-00381,Tyler Chaney,tyler.chaney@yahoo.com,272.439.5041,BASIC,Cancelled,2025-09-21,-29.99
MEMBER-00382,Raymond Turner,raymond.turner@hotmail.com,001-783-266-7428x60476,VIP,Active,2024-12-10,-29.99
MEMBER-00383,Samantha Walsh,samantha.walsh@yahoo.com,+1-545-744-1496x739,BASIC,Active,2026-03-06,99.99
MEMBER-00384,Hannah White,hannah.white@hotmail.com,7015061817,BASIC,Frozen,2026-04-12,99.99
MEMBER-00385,Justin Lee,justin.lee@gmail.com,+1-410-393-9111x926,VIP,Cancelled,2026-03-20,-29.99
MEMBER-00386,Jack Phillips,jack.phillips@hotmail.com,274-865-4214,Basic,Active,2025-07-24,29.99
MEMBER-00387,Marvin Brown,marvin.brown@yahoo.com,(371)473-9627,Basic,Active,2025-11-19,29.99
MEMBER-00388,Kayla Robinson,kayla.robinson@hotmail.com,974-210-1194,VIP,Cancelled,2026-08-23,29.99
MEMBER-00389,Tyler Delgado,tyler.delgado@gmail.com,9649256908,,Frozen,2025-08-30,29.99
MEMBER-00390,Richard Luna,richard.luna@gmail.com,+1-730-667-1985,BASIC,Frozen,2025-08-03,-29.99
MEMBER-00391,Brian Shea,brian.shea@hotmail.com,258-851-7432,Basic,Frozen,2026-02-21,99.99
MEMBER-00392,James Dominguez,james.dominguez@gmail.com,+1-857-317-3203x0937,VIP,Active,2026-06-03,59.99
MEMBER-00393,Amber Parker,amber.parker@hotmail.com,400.550.5061x387,Premium,Active,2026-09-14,59.99
MEMBER-00394,Charles Moss,charles.moss@yahoo.com,+1-407-390-3202x0417,Basic,Frozen,2026-06-23,99.99
MEMBER-00395,Lisa Wilson,lisa.wilson@hotmail.com,+1-731-536-5651x982,Basic,Frozen,2026-05-12,59.99
MEMBER-00396,Brandon Thompson,brandon.thompson@gmail.com,542-262-5827,BASIC,Active,2025-01-07,99.99
MEMBER-00397,Craig Boone,craig.boone@hotmail.com,(420)571-0021x9467,Basic,Cancelled,2025-01-15,99.99
MEMBER-00398,Danielle Mills,danielle.mills@yahoo.com,629.709.2791,VIP,Frozen,2025-08-17,99.99
MEMBER-00399,Adam Young,adam.young@gmail.com,919.958.8373x40312,Basic,Cancelled,2025-02-09,59.99
MEMBER-00400,Ernest Livingston,ernest.livingston@gmail.com,+1-454-436-4597x0108,,Active,2026-05-29,29.99
MEMBER-00401,Anthony Robertson,anthony.robertson@gmail.com,379.795.6353,Premium,Active,2025-03-21,29.99
MEMBER-00402,Corey Rojas,corey.rojas@gmail.com,(831)779-7062x3972,,Cancelled,2025-01-09,-29.99
MEMBER-00403,Stephen Lee,stephen.lee@yahoo.com,835-420-9042x177,BASIC,Active,2026-05-09,99.99
MEMBER-00404,Matthew Tanner,matthew.tanner@hotmail.com,(992)598-3168,Premium,Frozen,2025-12-29,99.99
MEMBER-00405,Thomas Ford,thomas.ford@gmail.com,001-263-235-6939x2906,VIP,Active,2025-09-26,29.99
MEMBER-00406,Jessica Gordon,jessica.gordon@yahoo.com,667.517.7318x06325,Premium,Cancelled,2026-02-11,29.99
MEMBER-00407,Yolanda Smith,yolanda.smith@hotmail.com,227-399-0772x6257,Basic,Frozen,2025-07-21,-29.99
MEMBER-00408,Patricia Cook,patricia.cook@gmail.com,264-398-9319x5085,BASIC,Active,2025-07-20,-29.99
MEMBER-00409,Michael Harvey,michael.harvey@yahoo.com,(528)518-3253x817,BASIC,Frozen,2025-06-01,59.99
MEMBER-00410,Michael Adams,michael.adams@hotmail.com,(640)915-5778x81788,,Active,2026-01-21,99.99
MEMBER-00411,Micheal Nunez,micheal.nunez@hotmail.com,337-411-6241,BASIC,Active,2025-04-28,99.99
MEMBER-00412,Daniel Hernandez,daniel.hernandez@gmail.com,880.946.8275,,Active,2026-04-21,99.99
MEMBER-00413,Deanna Carter,deanna.carter@gmail.com,9389569557,Basic,Cancelled,2025-05-20,-29.99
MEMBER-00414,Ashley Villanueva,ashley.villanueva@yahoo.com,(643)975-4025,,Active,2025-02-02,29.99
MEMBER-00415,Christine Martin,christine.martin@hotmail.com,722-422-3105x9274,Premium,Frozen,2025-03-04,59.99
MEMBER-00416,Anna Johnson,anna.johnson@yahoo.com,(425)978-2841x067,Premium,Frozen,2026-09-16,99.99
MEMBER-00417,Luke Smith,luke.smith@hotmail.com,+1-985-747-4929,VIP,Active,2026-03-15,29.99
MEMBER-00418,Daniel Mendoza,daniel.mendoza@gmail.com,(781)340-6937,BASIC,Active,2025-06-06,59.99
MEMBER-00419,Brian Davidson,brian.davidson@hotmail.com,234.730.1871x86375,Premium,Active,2025-07-31,59.99
MEMBER-00420,Earl Nash,earl.nash@yahoo.com,(950)645-5478x1376,,Frozen,2025-01-31,29.99
MEMBER-00421,Linda Waller,linda.waller@yahoo.com,001-862-399-1234x7851,BASIC,Active,2024-10-01,-29.99
MEMBER-00422,Robert Rocha,robert.rocha@yahoo.com,(987)292-3264,Basic,Active,2026-06-27,29.99
MEMBER-00423,Margaret Davenport,margaret.davenport@yahoo.com,487.930.0244x7146,VIP,Active,2026-08-31,-29.99
MEMBER-00424,Gwendolyn Sanchez,gwendolyn.sanchez@gmail.com,001-247-619-5979x64715,BASIC,Frozen,2025-01-30,29.99
MEMBER-00425,Bonnie Thomas,bonnie.thomas@yahoo.com,001-325-520-4565x044,BASIC,Active,2026-05-14,99.99
MEMBER-00426,Courtney Duran,courtney.duran@hotmail.com,001-428-655-4451x89520,Premium,Active,2025-07-12,99.99
MEMBER-00427,Kimberly Jenkins,kimberly.jenkins@gmail.com,332-883-3898,Basic,Active,2025-09-18,29.99
MEMBER-00428,Sabrina Wilson,sabrina.wilson@gmail.com,7754452798,Premium,Active,2026-03-31,-29.99
MEMBER-00429,Kevin Garner,kevin.garner@gmail.com,822.334.2321,,Active,2024-11-25,-29.99
MEMBER-00430,Andrew Washington,andrew.washington@yahoo.com,6312089071,VIP,Frozen,2024-11-16,59.99
MEMBER-00431,Kevin Smith,kevin.smith@gmail.com,493-693-2501,VIP,Cancelled,2025-12-20,29.99
MEMBER-00432,Michael Martin,michael.martin@hotmail.com,001-293-389-1190x83342,,Active,2026-09-13,59.99
MEMBER-00433,Jason Gordon,jason.gordon@hotmail.com,859.327.1256x6383,VIP,Frozen,2026-05-10,59.99
MEMBER-00434,Tracey Martinez,tracey.martinez@gmail.com,627.954.8015x71647,Premium,Active,2025-03-20,59.99
MEMBER-00435,Angela Roberts,angela.roberts@yahoo.com,917.352.0716,VIP,Cancelled,2024-12-27,59.99
MEMBER-00436,Douglas Morales,douglas.morales@hotmail.com,321-553-5396,,Cancelled,2026-07-08,29.99
MEMBER-00437,Roger Porter,roger.porter@hotmail.com,001-399-346-5796x78427,Premium,Active,2025-04-08,-29.99
MEMBER-00438,Tracy Hall,tracy.hall@gmail.com,7104170269,,Active,2025-05-19,99.99
MEMBER-00439,Christy Davis,christy.davis@gmail.com,+1-287-273-4778x48588,VIP,Cancelled,2025-08-26,-29.99
MEMBER-00440,Nicole Wilson,nicole.wilson@yahoo.com,867-970-0284x27624,Basic,Active,2026-05-12,-29.99
MEMBER-00441,Daniel Leonard,daniel.leonard@hotmail.com,+1-889-677-8280,VIP,Frozen,2025-10-15,29.99
MEMBER-00442,Brittany Gray,brittany.gray@hotmail.com,(745)800-9025x590,VIP,Active,2024-12-10,99.99
MEMBER-00443,Ronnie Braun,ronnie.braun@yahoo.com,(403)233-4911x415,BASIC,Active,2025-11-18,29.99
MEMBER-00444,Mark Murray,mark.murray@yahoo.com,001-886-840-7905,Basic,Frozen,2025-06-03,99.99
MEMBER-00445,Ashley Stokes,ashley.stokes@gmail.com,001-935-378-5294x563,Basic,Active,2026-07-10,-29.99
MEMBER-00446,Melissa Lewis,melissa.lewis@yahoo.com,7496639191,BASIC,Active,2024-11-17,-29.99
MEMBER-00447,Ashley Schmidt,ashley.schmidt@yahoo.com,551.848.4685,,Cancelled,2025-08-04,99.99
MEMBER-00448,John Robertson,john.robertson@hotmail.com,001-282-508-2973x74896,,Active,2025-07-05,59.99
MEMBER-00449,Steven Allen,steven.allen@hotmail.com,+1-846-565-1364x42493,Basic,Active,2024-12-23,29.99
MEMBER-00450,Edward Johnson,edward.johnson@yahoo.com,678.466.0324x204,VIP,Active,2026-02-08,59.99
MEMBER-00451,Melissa Stuart,melissa.stuart@yahoo.com,3018594165,Basic,Cancelled,2026-07-10,-29.99
MEMBER-00452,Jennifer Taylor,jennifer.taylor@gmail.com,001-581-389-8471,BASIC,Cancelled,2026-05-19,99.99
MEMBER-00453,Lindsay Murphy,lindsay.murphy@hotmail.com,001-263-963-2123x4764,VIP,Frozen,2025-11-14,-29.99
MEMBER-00454,Nicholas Fry,nicholas.fry@yahoo.com,+1-667-234-2575,BASIC,Frozen,2026-02-09,29.99
MEMBER-00455,Tammy Obrien,tammy.obrien@hotmail.com,+1-803-648-6451x83760,VIP,Active,2025-05-17,99.99
MEMBER-00456,Christopher Carson,christopher.carson@gmail.com,832-375-6041x7765,Basic,Active,2026-06-28,99.99
MEMBER-00457,Ethan Green,ethan.green@gmail.com,(869)585-7002x720,VIP,Cancelled,2026-01-27,99.99
MEMBER-00458,Kevin Johnston,kevin.johnston@gmail.com,(438)629-6577,Basic,Cancelled,2025-02-07,99.99
MEMBER-00459,Grace Serrano,grace.serrano@yahoo.com,216.252.6693,VIP,Active,2026-09-13,59.99
MEMBER-00460,Angelica Salazar,angelica.salazar@gmail.com,673-442-0696,,Active,2024-12-04,99.99
MEMBER-00461,Susan Jackson,susan.jackson@hotmail.com,508-667-7133,,Active,2025-05-07,99.99
MEMBER-00462,Julie Reyes,julie.reyes@yahoo.com,293.643.6262,Premium,Active,2025-04-17,-29.99
MEMBER-00463,Joe Hayes,joe.hayes@gmail.com,(697)310-7256x366,,Frozen,2024-12-09,29.99
MEMBER-00464,Angela Williams,angela.williams@gmail.com,459.290.0489x6465,VIP,Frozen,2025-12-20,59.99
MEMBER-00465,Harry Jackson,harry.jackson@yahoo.com,672-715-8624x15027,Premium,Frozen,2026-09-15,-29.99
MEMBER-00466,Russell Orr,russell.orr@yahoo.com,+1-548-456-2572x870,Premium,Cancelled,2024-11-07,59.99
MEMBER-00467,Jerry Johnson,jerry.johnson@yahoo.com,(976)917-0758,Premium,Active,2025-10-13,99.99
MEMBER-00468,Daniel Cortez,daniel.cortez@gmail.com,551-234-2284,Basic,Active,2025-11-08,99.99
MEMBER-00469,Katie White,katie.white@gmail.com,371.750.4165,,Cancelled,2025-01-23,-29.99
MEMBER-00470,Anthony Stevens,anthony.stevens@hotmail.com,+1-277-649-0509x75923,Premium,Cancelled,2025-06-04,59.99
MEMBER-00471,Lauren Manning,lauren.manning@hotmail.com,+1-861-864-2361x032,,Cancelled,2025-05-05,-29.99
MEMBER-00472,Deborah Best,deborah.best@gmail.com,747-564-9251,Basic,Active,2025-10-11,99.99
MEMBER-00473,Sean Hughes,sean.hughes@yahoo.com,001-896-316-5926,Premium,Active,2024-10-27,99.99
MEMBER-00474,William Mcpherson,william.mcpherson@hotmail.com,327.988.1476,BASIC,Cancelled,2025-05-17,59.99
MEMBER-00475,Edgar Anderson,edgar.anderson@yahoo.com,386.849.0810,VIP,Active,2025-08-12,59.99
MEMBER-00476,Cody Guerrero,cody.guerrero@hotmail.com,254-391-8017x226,VIP,Active,2025-08-15,-29.99
MEMBER-00477,Nancy Evans,nancy.evans@hotmail.com,001-877-294-5232x1941,VIP,Active,2024-09-30,-29.99
MEMBER-00478,Randall Smith,randall.smith@hotmail.com,476.297.4995x6412,Premium,Cancelled,2025-02-21,59.99
MEMBER-00479,Daniel Smith,daniel.smith@gmail.com,6379236831,VIP,Active,2025-01-19,-29.99
MEMBER-00480,Thomas Johnson,thomas.johnson@gmail.com,(677)870-7933,VIP,Active,2024-11-04,29.99
MEMBER-00481,Matthew Garcia,matthew.garcia@hotmail.com,(967)599-8407x67899,VIP,Active,2026-04-03,59.99
MEMBER-00482,Bruce Smith,bruce.smith@hotmail.com,681-546-7179x57602,VIP,Active,2025-09-25,59.99
MEMBER-00483,Maurice Hall,maurice.hall@gmail.com,001-959-472-4665,BASIC,Active,2026-01-21,59.99
MEMBER-00484,Jared Vazquez,jared.vazquez@gmail.com,+1-272-223-2971x67433,BASIC,Frozen,2025-07-01,29.99
MEMBER-00485,Nicole Kelly,nicole.kelly@gmail.com,(380)515-6193,BASIC,Active,2025-10-08,-29.99
MEMBER-00486,Jonathan Peterson,jonathan.peterson@yahoo.com,001-308-242-8910x77119,,Frozen,2025-10-25,59.99
MEMBER-00487,Daniel Soto,daniel.soto@gmail.com,(524)978-7125x521,BASIC,Active,2025-08-14,99.99
MEMBER-00488,Kayla Smith,kayla.smith@yahoo.com,448-821-4565x32863,Premium,Active,2025-08-13,99.99
MEMBER-00489,Samantha Villanueva,samantha.villanueva@hotmail.com,+1-250-872-0811x55626,Basic,Frozen,2026-05-08,59.99
MEMBER-00490,Benjamin Nielsen,benjamin.nielsen@gmail.com,001-708-246-6845,Premium,Active,2026-06-30,99.99
MEMBER-00491,Joshua Rose,joshua.rose@gmail.com,001-367-238-9975x634,BASIC,Cancelled,2025-11-17,-29.99
MEMBER-00492,Matthew Hardy,matthew.hardy@hotmail.com,(788)443-1884,BASIC,Active,2024-10-14,29.99
MEMBER-00493,Anthony Hogan,anthony.hogan@hotmail.com,234-368-1054x851,Basic,Frozen,2025-09-09,59.99
MEMBER-00494,Kenneth Doyle,kenneth.doyle@yahoo.com,539-398-9354x49268,Premium,Active,2025-06-07,29.99
MEMBER-00495,Zachary Lee,zachary.lee@yahoo.com,912.366.1106x273,VIP,Cancelled,2025-07-09,99.99
MEMBER-00496,Erica Powell,erica.powell@hotmail.com,964.497.6776x22827,Basic,Active,2026-03-27,59.99
MEMBER-00497,William Rice,william.rice@hotmail.com,877.302.8519,BASIC,Active,2024-12-28,29.99
MEMBER-00498,Mike Roberts,mike.roberts@hotmail.com,(415)445-4470,Basic,Active,2026-05-27,29.99
MEMBER-00499,Brittany Williams,brittany.williams@yahoo.com,632-970-1851x0679,,Cancelled,2026-08-26,59.99
MEMBER-00500,Matthew Bennett,matthew.bennett@hotmail.com,+1-822-887-7725x199,VIP,Active,2025-03-25,29.99
MEMBER-00501,Rachel Morgan,rachel.morgan@gmail.com,+1-274-512-0948x18139,,Frozen,2026-05-01,59.99
MEMBER-00502,Thomas Prince,thomas.prince@gmail.com,+1-282-904-3397x18956,,Active,2026-07-27,59.99
MEMBER-00503,Sarah Morgan,sarah.morgan@gmail.com,(608)356-4111x82422,Basic,Frozen,2025-01-23,29.99
MEMBER-00504,Kristopher Russell,kristopher.russell@gmail.com,7954200461,,Active,2025-08-12,-29.99
MEMBER-00505,Patricia Scott,patricia.scott@gmail.com,8333993788,BASIC,Active,2025-04-23,-29.99
MEMBER-00506,Bruce Marshall,bruce.marshall@yahoo.com,370-563-0489,VIP,Frozen,2026-05-11,29.99
MEMBER-00507,Angela Glover,angela.glover@yahoo.com,001-467-518-3258,VIP,Active,2025-11-17,99.99
MEMBER-00508,Stephanie Ali,stephanie.ali@hotmail.com,600.879.4200x749,Premium,Active,2025-06-25,99.99
MEMBER-00509,Megan Lewis,megan.lewis@hotmail.com,802-589-1416x1284,Premium,Active,2026-01-13,99.99
MEMBER-00510,William Pham,william.pham@hotmail.com,947-243-5537x95020,,Frozen,2026-08-27,59.99
MEMBER-00511,Albert Thompson,albert.thompson@hotmail.com,001-776-881-1807x156,BASIC,Active,2025-02-10,59.99
MEMBER-00512,Mary Cain,mary.cain@gmail.com,775-537-0304,Premium,Active,2024-12-04,-29.99
MEMBER-00513,Lisa Garrett,lisa.garrett@hotmail.com,237.550.4793,Basic,Frozen,2026-06-25,59.99
MEMBER-00514,Danielle Rodriguez,danielle.rodriguez@yahoo.com,001-487-328-3999,Basic,Cancelled,2025-12-26,29.99
MEMBER-00515,David Brown,david.brown@yahoo.com,001-938-243-0894,VIP,Frozen,2026-09-24,-29.99
MEMBER-00516,Ronald Nunez,ronald.nunez@hotmail.com,7562641877,,Active,2026-08-13,99.99
MEMBER-00517,Jennifer Williams,jennifer.williams@yahoo.com,+1-275-506-3519,Basic,Cancelled,2026-03-15,99.99
MEMBER-00518,Rodney Jones,rodney.jones@gmail.com,225.741.1076,VIP,Active,2026-07-10,99.99
MEMBER-00519,John Rodriguez,john.rodriguez@gmail.com,205-283-1997x17911,VIP,Active,2025-07-16,99.99
MEMBER-00520,Lawrence Abbott,lawrence.abbott@gmail.com,(207)204-9611,BASIC,Active,2025-05-13,-29.99
MEMBER-00521,Melissa Morales,melissa.morales@hotmail.com,001-263-999-0767x69915,BASIC,Frozen,2025-11-01,59.99
MEMBER-00522,Mark Lee,mark.lee@gmail.com,7918939284,BASIC,Active,2025-10-04,99.99
MEMBER-00523,Jenny Wallace,jenny.wallace@gmail.com,(600)424-9685,,Frozen,2025-01-18,29.99
MEMBER-00524,Terrance Morrison,terrance.morrison@yahoo.com,(508)592-0388x065,BASIC,Active,2026-02-05,-29.99
MEMBER-00525,Rebekah Glover,rebekah.glover@yahoo.com,677.895.9959,,Cancelled,2025-06-08,99.99
MEMBER-00526,Francis Gibson,francis.gibson@gmail.com,830.433.7933x7563,VIP,Active,2026-06-29,29.99
MEMBER-00527,Veronica Cox,veronica.cox@gmail.com,(508)512-4739x500,VIP,Frozen,2025-05-04,99.99
MEMBER-00528,Grant Mcclure,grant.mcclure@hotmail.com,(358)232-3024,BASIC,Active,2026-07-03,59.99
MEMBER-00529,Erica Gray,erica.gray@gmail.com,434-573-5528x96112,BASIC,Frozen,2025-02-21,-29.99
MEMBER-00530,Amanda Benson,amanda.benson@yahoo.com,+1-263-609-9384x253,Basic,Frozen,2026-08-04,-29.99
MEMBER-00531,David Romero,david.romero@hotmail.com,931.479.1286x8578,VIP,Active,2025-06-02,29.99
MEMBER-00532,Jennifer Fox,jennifer.fox@yahoo.com,001-577-849-6903x337,BASIC,Frozen,2025-03-14,59.99
MEMBER-00533,Kevin Oneal,kevin.oneal@hotmail.com,(754)581-2147,Basic,Cancelled,2025-12-23,-29.99
MEMBER-00534,Blake Hunt,blake.hunt@yahoo.com,(677)366-5754x60273,Basic,Cancelled,2025-07-01,29.99
MEMBER-00535,Rachel Phillips,rachel.phillips@hotmail.com,781.643.1115x08353,Premium,Frozen,2025-05-19,99.99
MEMBER-00536,Julie Mack,julie.mack@yahoo.com,892.884.0445,BASIC,Active,2026-06-26,59.99
MEMBER-00537,Bethany Rios,bethany.rios@yahoo.com,+1-982-763-3373x8987,BASIC,Frozen,2026-06-03,99.99
MEMBER-00538,Christopher Singleton,christopher.singleton@yahoo.com,001-763-777-8052x92407,BASIC,Active,2025-03-20,59.99
MEMBER-00539,Robert Jennings,robert.jennings@yahoo.com,001-884-859-0902x25999,,Frozen,2025-03-03,-29.99
MEMBER-00540,Stacy Brown,stacy.brown@yahoo.com,371.459.7412,VIP,Frozen,2024-10-20,59.99
MEMBER-00541,Margaret Morrison,margaret.morrison@gmail.com,(331)964-3348,Basic,Active,2024-11-09,59.99
MEMBER-00542,Miguel Smith,miguel.smith@yahoo.com,(862)912-8671x63234,BASIC,Active,2025-01-27,29.99
MEMBER-00543,Cassandra Crosby,cassandra.crosby@hotmail.com,887.543.0271,VIP,Frozen,2025-11-08,-29.99
MEMBER-00544,Mark Carroll,mark.carroll@yahoo.com,879.501.4754x692,Premium,Frozen,2025-02-12,-29.99
MEMBER-00545,Rachel Quinn,rachel.quinn@yahoo.com,(929)816-0324x8413,Premium,Active,2026-05-10,59.99
MEMBER-00546,Angela Carney,angela.carney@gmail.com,001-918-856-7243x80701,Basic,Active,2025-06-19,59.99
MEMBER-00547,Julie Foley,julie.foley@yahoo.com,3043125777,BASIC,Active,2025-11-25,99.99
MEMBER-00548,Diane Reeves,diane.reeves@yahoo.com,(674)322-0912,VIP,Active,2025-11-15,99.99
MEMBER-00549,Judith Jackson,judith.jackson@hotmail.com,001-304-827-5230x83708,VIP,Cancelled,2026-03-16,59.99
MEMBER-00550,Kyle Williams,kyle.williams@gmail.com,8632353310,VIP,Cancelled,2024-10-07,29.99
MEMBER-00551,Matthew Lee,matthew.lee@hotmail.com,731-722-0681,Premium,Cancelled,2025-12-06,59.99
MEMBER-00552,Courtney Weber,courtney.weber@hotmail.com,(861)533-1552x0650,BASIC,Active,2025-09-17,99.99
MEMBER-00553,Jeffrey Barrett,jeffrey.barrett@yahoo.com,+1-495-601-3649x7189,,Frozen,2024-12-08,-29.99
MEMBER-00554,Carol Jarvis,carol.jarvis@hotmail.com,(525)225-7150x9976,,Cancelled,2025-03-25,29.99
MEMBER-00555,Andrew Blake,andrew.blake@gmail.com,836-539-1025x7432,Basic,Frozen,2026-02-06,-29.99
MEMBER-00556,Benjamin Mclean,benjamin.mclean@hotmail.com,752.545.0864x035,BASIC,Active,2025-03-04,-29.99
MEMBER-00557,Amber Knox,amber.knox@hotmail.com,339.968.5270,,Active,2024-11-19,59.99
MEMBER-00558,Stephanie Williams,stephanie.williams@gmail.com,321.829.8338,VIP,Active,2026-04-12,-29.99
MEMBER-00559,Stuart Martin,stuart.martin@gmail.com,562.693.4497,BASIC,Frozen,2026-07-27,59.99
MEMBER-00560,Kimberly Miller,kimberly.miller@yahoo.com,(862)377-6896x2706,,Cancelled,2026-05-08,59.99
MEMBER-00561,Rebecca Evans,rebecca.evans@hotmail.com,(882)946-7474,BASIC,Active,2024-11-20,29.99
MEMBER-00562,Mathew Espinoza,mathew.espinoza@gmail.com,(830)708-5766,,Cancelled,2025-07-21,99.99
MEMBER-00563,Tracy Davidson,tracy.davidson@hotmail.com,660-716-9236,Premium,Cancelled,2025-10-26,99.99
MEMBER-00564,Jenna Reid,jenna.reid@yahoo.com,001-906-463-3705x024,Premium,Frozen,2025-04-11,99.99
MEMBER-00565,John Lane,john.lane@hotmail.com,(501)816-6918,Basic,Frozen,2025-02-01,59.99
MEMBER-00566,Maria King,maria.king@yahoo.com,686.294.6119x52436,,Frozen,2025-02-03,59.99
MEMBER-00567,Lisa Smith,lisa.smith@gmail.com,001-368-964-6225x22372,VIP,Active,2025-12-10,59.99
MEMBER-00568,Lisa Lopez,lisa.lopez@gmail.com,001-323-646-7912x1416,,Cancelled,2024-11-14,59.99
MEMBER-00569,Matthew Richards,matthew.richards@yahoo.com,610.904.0901x3806,,Frozen,2025-09-28,29.99
MEMBER-00570,Katherine Munoz,katherine.munoz@yahoo.com,(255)935-6690x551,Basic,Active,2026-08-03,29.99
MEMBER-00571,Holly Hardy,holly.hardy@gmail.com,9918843579,,Frozen,2026-02-20,59.99
MEMBER-00572,Jacob Andersen,jacob.andersen@yahoo.com,3507573976,,Active,2025-08-24,29.99
MEMBER-00573,Sheila David,sheila.david@yahoo.com,+1-616-949-3289x80271,BASIC,Frozen,2025-02-03,99.99
MEMBER-00574,Peggy Friedman,peggy.friedman@yahoo.com,+1-583-633-2116x02564,BASIC,Cancelled,2026-02-25,-29.99
MEMBER-00575,Thomas Merritt,thomas.merritt@gmail.com,+1-828-571-5399x15668,VIP,Active,2025-03-18,29.99
MEMBER-00576,Jonathon Carter,jonathon.carter@gmail.com,859-231-9525,Basic,Cancelled,2025-05-25,-29.99
MEMBER-00577,Bryan Nichols,bryan.nichols@yahoo.com,(455)628-9931x60875,BASIC,Active,2026-07-08,-29.99
MEMBER-00578,Jeffery Frazier,jeffery.frazier@gmail.com,+1-542-909-5481x497,Premium,Frozen,2025-05-10,59.99
MEMBER-00579,Janet Bennett,janet.bennett@yahoo.com,(233)802-7642,VIP,Frozen,2025-06-15,99.99
MEMBER-00580,Roberto Kennedy,roberto.kennedy@yahoo.com,001-266-618-4438x61259,BASIC,Cancelled,2025-09-16,99.99
MEMBER-00581,Diamond Ray,diamond.ray@yahoo.com,001-874-823-3305x912,,Active,2026-03-07,99.99
MEMBER-00582,Meagan Howe,meagan.howe@gmail.com,(272)301-8596x263,Premium,Active,2025-04-01,29.99
MEMBER-00583,Randy Turner,randy.turner@hotmail.com,(361)376-4750,VIP,Active,2024-11-29,59.99
MEMBER-00584,David May,david.may@hotmail.com,409.899.7419,Premium,Active,2025-10-07,29.99
MEMBER-00585,Zoe Park,zoe.park@yahoo.com,001-821-951-8260,VIP,Active,2024-11-14,-29.99
MEMBER-00586,April Richards,april.richards@hotmail.com,+1-413-512-9208x7510,Premium,Cancelled,2026-02-14,99.99
MEMBER-00587,Evan Hart,evan.hart@gmail.com,518-645-8260,,Frozen,2024-10-31,59.99
MEMBER-00588,Sophia Stone,sophia.stone@yahoo.com,+1-287-529-7585x98831,Premium,Active,2024-10-24,-29.99
MEMBER-00589,Jacob Evans,jacob.evans@gmail.com,(898)339-5429,BASIC,Frozen,2025-11-27,-29.99
MEMBER-00590,Jonathan James,jonathan.james@gmail.com,(471)846-2831x4359,Basic,Active,2026-06-26,-29.99
MEMBER-00591,Eric Riddle,eric.riddle@yahoo.com,(309)731-4181x8615,,Active,2026-09-02,59.99
MEMBER-00592,Matthew Nelson,matthew.nelson@gmail.com,901-363-6112x849,Premium,Frozen,2025-11-10,29.99
MEMBER-00593,Michael Armstrong,michael.armstrong@yahoo.com,+1-749-810-2562,Basic,Frozen,2025-10-01,-29.99
MEMBER-00594,Brittany Green,brittany.green@hotmail.com,922.726.9405x39672,,Active,2026-06-08,99.99
MEMBER-00595,Taylor Mitchell,taylor.mitchell@yahoo.com,234.314.6511x13129,,Active,2026-04-26,29.99
MEMBER-00596,Justin Noble,justin.noble@gmail.com,(782)577-8816x09306,BASIC,Cancelled,2026-04-22,99.99
MEMBER-00597,Donna Knapp,donna.knapp@hotmail.com,+1-290-897-2832x15285,VIP,Active,2025-10-15,99.99
MEMBER-00598,Nicholas Brooks,nicholas.brooks@gmail.com,638-214-4744x30963,Basic,Active,2026-09-22,29.99
MEMBER-00599,Steven Williamson,steven.williamson@yahoo.com,2507975451,,Cancelled,2026-08-18,99.99
MEMBER-00600,Jennifer Morales,jennifer.morales@gmail.com,367-931-8826,,Frozen,2024-10-01,29.99
MEMBER-00601,Eric Douglas,eric.douglas@gmail.com,465.745.6284x1772,BASIC,Active,2026-04-29,99.99
MEMBER-00602,Ryan Howard,ryan.howard@hotmail.com,213.440.2665,,Active,2026-02-25,59.99
MEMBER-00603,James Mendoza,james.mendoza@hotmail.com,316-378-7256x862,Basic,Active,2026-06-03,99.99
MEMBER-00604,Andrew Moore,andrew.moore@hotmail.com,6306569067,VIP,Frozen,2025-10-08,59.99
MEMBER-00605,Christopher Patterson,christopher.patterson@hotmail.com,(582)934-1436,Premium,Active,2026-03-28,29.99
MEMBER-00606,Kirsten Garcia,kirsten.garcia@hotmail.com,892.239.2312x60432,Basic,Active,2026-01-17,59.99
MEMBER-00607,James Lin,james.lin@yahoo.com,(684)733-5670x86041,VIP,Active,2025-05-01,-29.99
MEMBER-00608,Sherry Dawson,sherry.dawson@gmail.com,402-600-0534x74916,Premium,Cancelled,2025-10-12,99.99
MEMBER-00609,Michael Torres,michael.torres@gmail.com,+1-808-325-5598x95343,,Frozen,2026-08-16,59.99
MEMBER-00610,Daniel Soto,daniel.soto@hotmail.com,709-633-7118,BASIC,Frozen,2026-04-12,99.99
MEMBER-00611,Thomas Juarez,thomas.juarez@hotmail.com,001-820-323-6848x5571,,Active,2025-10-06,99.99
MEMBER-00612,Robert Velazquez,robert.velazquez@hotmail.com,5298424090,BASIC,Active,2025-10-15,99.99
MEMBER-00613,Gail Berg,gail.berg@gmail.com,(578)468-6694,VIP,Active,2024-09-28,-29.99
MEMBER-00614,Ernest Robinson,ernest.robinson@hotmail.com,6873884434,,Frozen,2025-02-05,29.99
MEMBER-00615,Jeffrey Ferguson,jeffrey.ferguson@yahoo.com,3242240338,,Active,2026-02-11,99.99
MEMBER-00616,Michael Jacobs,michael.jacobs@yahoo.com,418-642-6945x00534,,Cancelled,2024-10-08,29.99
MEMBER-00617,Amanda Irwin,amanda.irwin@hotmail.com,664-598-3735,,Active,2025-12-21,59.99
MEMBER-00618,Crystal Garrison,crystal.garrison@yahoo.com,(473)965-2717,,Active,2025-02-16,59.99
MEMBER-00619,Lisa Thompson,lisa.thompson@hotmail.com,824.504.2269x3121,Premium,Active,2025-09-14,29.99
MEMBER-00620,Regina Waller,regina.waller@gmail.com,001-582-309-1660x1002,Premium,Active,2025-04-21,-29.99
MEMBER-00621,Douglas Burton,douglas.burton@gmail.com,9184513279,VIP,Active,2025-05-22,59.99
MEMBER-00622,Martin Moore,martin.moore@gmail.com,+1-348-810-0184,BASIC,Cancelled,2025-01-14,-29.99
MEMBER-00623,Aaron Walker,aaron.walker@gmail.com,(762)354-3617x21314,,Active,2026-01-17,29.99
MEMBER-00624,Matthew Ward,matthew.ward@gmail.com,8924268592,Premium,Cancelled,2026-08-20,99.99
MEMBER-00625,Elizabeth Turner,elizabeth.turner@yahoo.com,(814)975-4102x252,BASIC,Active,2026-04-09,99.99
MEMBER-00626,Laura Bray,laura.bray@gmail.com,896-742-1522,Premium,Active,2025-06-01,99.99
MEMBER-00627,Troy Olson,troy.olson@yahoo.com,+1-552-836-6878x878,,Frozen,2024-11-29,99.99
MEMBER-00628,Bianca Fisher,bianca.fisher@hotmail.com,001-731-735-0305x87210,,Active,2026-07-17,59.99
MEMBER-00629,Melinda Osborne,melinda.osborne@gmail.com,272-886-3330x2126,Premium,Frozen,2025-07-11,99.99
MEMBER-00630,Brian Rodriguez,brian.rodriguez@hotmail.com,579-320-2521,Premium,Frozen,2024-10-05,99.99
MEMBER-00631,Ashley Cervantes,ashley.cervantes@gmail.com,001-227-228-4765x70412,Premium,Active,2026-01-08,99.99
MEMBER-00632,Karen Gordon,karen.gordon@gmail.com,(867)484-9843x6241,BASIC,Frozen,2026-04-26,99.99
MEMBER-00633,Jason Montgomery,jason.montgomery@gmail.com,(828)591-7756x6205,VIP,Active,2025-04-23,-29.99
MEMBER-00634,Daniel Miller,daniel.miller@hotmail.com,001-550-234-2811x39043,BASIC,Frozen,2025-03-31,59.99
MEMBER-00635,Joseph Davila,joseph.davila@hotmail.com,7976005140,VIP,Active,2025-08-01,99.99
MEMBER-00636,Vincent Edwards,vincent.edwards@yahoo.com,001-952-215-6818x2096,Basic,Frozen,2025-05-09,-29.99
MEMBER-00637,Evan Fleming,evan.fleming@gmail.com,+1-713-632-2889x8572,VIP,Active,2025-07-02,59.99
MEMBER-00638,Cindy Bentley,cindy.bentley@gmail.com,001-463-639-9129x710,Premium,Frozen,2025-11-24,99.99
MEMBER-00639,Mikayla Salinas,mikayla.salinas@gmail.com,317.452.4214x9551,Premium,Active,2026-03-31,59.99
MEMBER-00640,Kelsey Scott,kelsey.scott@yahoo.com,472-919-7054x669,Premium,Active,2025-07-07,59.99
MEMBER-00641,William Weber,william.weber@yahoo.com,(416)387-4090x380,Premium,Active,2025-05-09,29.99
MEMBER-00642,Nicholas Hudson,nicholas.hudson@gmail.com,367.315.7787,BASIC,Frozen,2025-02-13,-29.99
MEMBER-00643,Jessica Lowery,jessica.lowery@yahoo.com,001-963-265-1559x73714,Basic,Cancelled,2025-11-23,29.99
MEMBER-00644,Eric Harrison,eric.harrison@hotmail.com,959.509.6056,,Cancelled,2024-11-07,-29.99
MEMBER-00645,Jason Johnson,jason.johnson@hotmail.com,(544)621-2146x14768,BASIC,Active,2025-02-15,59.99
MEMBER-00646,Maria Davis,maria.davis@yahoo.com,242-535-6778x26596,VIP,Frozen,2024-11-25,99.99
MEMBER-00647,Jennifer Lane,jennifer.lane@gmail.com,450-927-2751x64807,Basic,Active,2026-02-04,59.99
MEMBER-00648,Tara Davis,tara.davis@gmail.com,001-736-782-9635x3390,,Active,2024-10-08,59.99
MEMBER-00649,Kevin Parker,kevin.parker@gmail.com,001-477-966-5586x851,BASIC,Cancelled,2025-08-24,29.99
MEMBER-00650,Nathan Tran,nathan.tran@gmail.com,+1-366-346-4911,BASIC,Active,2026-02-12,59.99
MEMBER-00651,Allen Randolph,allen.randolph@gmail.com,898.317.8904x6337,VIP,Active,2025-02-24,29.99
MEMBER-00652,Melissa Sampson,melissa.sampson@yahoo.com,566.205.3844x446,VIP,Active,2026-08-26,99.99
MEMBER-00653,Regina Johnson,regina.johnson@gmail.com,(558)895-5296,VIP,Active,2025-02-22,-29.99
MEMBER-00654,Christina Long,christina.long@gmail.com,001-862-562-6582,Premium,Active,2024-12-12,99.99
MEMBER-00655,Jennifer Martinez,jennifer.martinez@gmail.com,+1-496-248-2531x1060,Premium,Active,2026-01-19,99.99
MEMBER-00656,Jasmine Knapp,jasmine.knapp@gmail.com,001-660-527-5233,Premium,Active,2025-11-15,99.99
MEMBER-00657,Mary Barber,mary.barber@yahoo.com,001-440-641-2091x17911,Premium,Active,2025-04-17,99.99
MEMBER-00658,Patricia Davis,patricia.davis@yahoo.com,(836)717-0617x136,VIP,Cancelled,2026-01-31,59.99
MEMBER-00659,Rebekah Stokes,rebekah.stokes@gmail.com,202-499-0155x7998,,Active,2025-11-05,-29.99
MEMBER-00660,Judy House,judy.house@gmail.com,+1-708-408-8235x130,,Frozen,2025-03-15,29.99
MEMBER-00661,Christopher Holt,christopher.holt@gmail.com,847-531-5847x768,BASIC,Active,2025-04-08,59.99
MEMBER-00662,Gerald Mcdaniel,gerald.mcdaniel@hotmail.com,661-799-4237x676,Premium,Active,2026-01-22,99.99
MEMBER-00663,Daniel Reyes,daniel.reyes@gmail.com,001-855-617-2084,Premium,Active,2026-01-08,99.99
MEMBER-00664,Margaret Newman,margaret.newman@hotmail.com,(760)712-5625x313,BASIC,Cancelled,2025-01-16,-29.99
MEMBER-00665,Kimberly Martinez,kimberly.martinez@yahoo.com,001-505-537-9538x164,VIP,Frozen,2024-12-14,99.99
MEMBER-00666,Ann Moran,ann.moran@hotmail.com,996-965-5330,,Active,2024-11-01,99.99
MEMBER-00667,Veronica Fisher,veronica.fisher@gmail.com,229.959.6390x409,VIP,Cancelled,2025-05-04,29.99
MEMBER-00668,David Rasmussen,david.rasmussen@gmail.com,+1-680-650-1716,Basic,Active,2025-05-30,99.99
MEMBER-00669,Karen Ross,karen.ross@hotmail.com,001-557-290-6477x15910,Premium,Active,2026-06-29,99.99
MEMBER-00670,Alex Garcia,alex.garcia@yahoo.com,001-363-221-3580x040,Basic,Frozen,2025-05-20,99.99
MEMBER-00671,Charles Murphy,charles.murphy@hotmail.com,(342)529-7125x2967,,Cancelled,2025-12-18,59.99
MEMBER-00672,Timothy Henry,timothy.henry@yahoo.com,273-514-4158x33117,Premium,Active,2024-10-06,59.99
MEMBER-00673,Ellen Mcdonald,ellen.mcdonald@yahoo.com,671.953.9885,BASIC,Frozen,2026-02-16,-29.99
MEMBER-00674,Eric Wagner,eric.wagner@gmail.com,356.679.8363,,Active,2025-08-20,59.99
MEMBER-00675,Frank Parker,frank.parker@hotmail.com,+1-912-771-1307x2407,Premium,Active,2025-04-20,-29.99
MEMBER-00676,David Pierce,david.pierce@yahoo.com,(832)868-6850x74510,,Frozen,2025-02-23,29.99
MEMBER-00677,Kelly Powell,kelly.powell@hotmail.com,289-278-6103x131,,Active,2025-12-16,29.99
MEMBER-00678,Joseph Jones,joseph.jones@gmail.com,539-766-6134x732,,Cancelled,2026-02-02,59.99
MEMBER-00679,Keith Carlson,keith.carlson@hotmail.com,7123897432,Premium,Frozen,2025-02-02,-29.99
MEMBER-00680,Jacob Yoder,jacob.yoder@gmail.com,2767502412,Basic,Cancelled,2025-09-29,-29.99
MEMBER-00681,Brandy Freeman,brandy.freeman@gmail.com,610.709.4388x2211,Basic,Active,2025-09-12,29.99
MEMBER-00682,Tracy Bell,tracy.bell@hotmail.com,374-657-0545x897,BASIC,Cancelled,2026-03-12,-29.99
MEMBER-00683,April Bowman,april.bowman@gmail.com,(332)657-0396x53136,BASIC,Active,2026-08-08,-29.99
MEMBER-00684,Courtney Gardner,courtney.gardner@yahoo.com,724.355.6964x43098,VIP,Active,2025-08-28,-29.99
MEMBER-00685,Laura Knight,laura.knight@yahoo.com,910-672-7284x9824,VIP,Active,2024-11-15,59.99
MEMBER-00686,Lauren Smith,lauren.smith@gmail.com,749.210.7406,,Active,2024-11-03,29.99
MEMBER-00687,John Bell,john.bell@yahoo.com,782.514.2369x14307,BASIC,Frozen,2026-06-18,29.99
MEMBER-00688,Erika Hughes,erika.hughes@yahoo.com,444-594-2965,,Active,2025-04-08,29.99
MEMBER-00689,Derek Spencer,derek.spencer@yahoo.com,714-797-8266x1287,BASIC,Active,2025-09-24,99.99
MEMBER-00690,Michael Owens,michael.owens@yahoo.com,708.406.1294x398,BASIC,Cancelled,2026-01-21,59.99
MEMBER-00691,Amy Cunningham,amy.cunningham@yahoo.com,3622607870,BASIC,Frozen,2025-04-23,-29.99
MEMBER-00692,Maria Santos,maria.santos@yahoo.com,+1-414-997-5019x803,BASIC,Active,2025-01-09,-29.99
MEMBER-00693,Jeffrey Lowe,jeffrey.lowe@gmail.com,340-579-3110x2918,Basic,Cancelled,2025-03-03,99.99
MEMBER-00694,Dale Johnson,dale.johnson@hotmail.com,960.314.6723x849,Basic,Cancelled,2025-08-27,-29.99
MEMBER-00695,Dustin Smith,dustin.smith@gmail.com,001-732-688-3774x4197,,Cancelled,2025-07-26,59.99
MEMBER-00696,Paul Marsh,paul.marsh@yahoo.com,(962)204-7196x09409,Basic,Active,2026-09-01,99.99
MEMBER-00697,Rebecca Estes,rebecca.estes@yahoo.com,001-374-402-5883x5868,BASIC,Active,2026-02-17,-29.99
MEMBER-00698,Edward Rios,edward.rios@hotmail.com,672-444-6176x79298,Premium,Cancelled,2026-03-21,-29.99
MEMBER-00699,Mario Moses,mario.moses@yahoo.com,001-396-910-0231,VIP,Cancelled,2026-09-21,99.99
MEMBER-00700,Erin Morris,erin.morris@gmail.com,001-731-226-6109x41017,Premium,Active,2026-09-13,29.99
MEMBER-00701,Grant Rodriguez,grant.rodriguez@yahoo.com,(829)583-3477x4332,BASIC,Active,2024-12-01,59.99
MEMBER-00702,Brandi Soto,brandi.soto@hotmail.com,330-720-5698,Premium,Active,2025-02-16,29.99
MEMBER-00703,Faith Rosario,faith.rosario@hotmail.com,+1-387-933-9785x5982,,Active,2025-08-24,-29.99
MEMBER-00704,Colleen Sawyer,colleen.sawyer@hotmail.com,728-241-1730,,Active,2025-03-19,59.99
MEMBER-00705,Lori Roberts,lori.roberts@yahoo.com,(851)224-1893x8984,Basic,Active,2025-11-24,-29.99
MEMBER-00706,Heidi Rodriguez,heidi.rodriguez@yahoo.com,700-256-4350x238,Premium,Cancelled,2025-03-28,29.99
MEMBER-00707,Trevor Shaffer,trevor.shaffer@hotmail.com,+1-205-316-9918x724,Premium,Frozen,2024-10-23,59.99
MEMBER-00708,Tyler Perez,tyler.perez@yahoo.com,(274)830-0038x96087,,Frozen,2026-05-13,99.99
MEMBER-00709,Nicholas Martinez,nicholas.martinez@hotmail.com,(582)317-1955x35603,Premium,Frozen,2025-12-27,59.99
MEMBER-00710,Alejandro Gutierrez,alejandro.gutierrez@hotmail.com,001-400-630-1027,,Cancelled,2024-10-29,-29.99
MEMBER-00711,Lee Morrison,lee.morrison@gmail.com,529-967-1114x8375,VIP,Frozen,2026-04-02,29.99
MEMBER-00712,Kevin Richardson,kevin.richardson@hotmail.com,638-345-8810x5697,,Cancelled,2025-03-03,-29.99
MEMBER-00713,Rhonda Skinner,rhonda.skinner@hotmail.com,948.931.5203,,Active,2024-12-23,29.99
MEMBER-00714,Andrew Huff,andrew.huff@yahoo.com,896-941-0496x706,VIP,Active,2024-10-30,99.99
MEMBER-00715,Jeffrey Gray,jeffrey.gray@hotmail.com,(780)840-8509x54930,BASIC,Active,2026-07-30,59.99
MEMBER-00716,Ronald Daniel,ronald.daniel@hotmail.com,001-801-986-4876x99842,VIP,Active,2026-04-28,59.99
MEMBER-00717,Victoria Allen,victoria.allen@gmail.com,741-638-4596x094,,Active,2026-02-20,59.99
MEMBER-00718,John Delgado,john.delgado@hotmail.com,2149954277,Premium,Frozen,2024-10-02,59.99
MEMBER-00719,Steven Church,steven.church@yahoo.com,+1-483-660-9149x8517,BASIC,Active,2026-05-13,-29.99
MEMBER-00720,Kristin Green,kristin.green@yahoo.com,(432)929-0310,BASIC,Cancelled,2025-12-20,-29.99
MEMBER-00721,Logan Tran,logan.tran@gmail.com,7443058093,Premium,Frozen,2024-11-25,59.99
MEMBER-00722,William Wilson,william.wilson@gmail.com,435.295.6164,VIP,Active,2025-06-06,-29.99
MEMBER-00723,Catherine Ward,catherine.ward@yahoo.com,+1-357-549-0250x4290,VIP,Active,2026-06-15,59.99
MEMBER-00724,Lawrence Baldwin,lawrence.baldwin@hotmail.com,895.336.9026x11398,Basic,Frozen,2026-07-16,-29.99
MEMBER-00725,Natalie Yates,natalie.yates@hotmail.com,588.975.4394x3535,,Active,2025-05-28,29.99
MEMBER-00726,Kaitlin Wilson,kaitlin.wilson@gmail.com,965.815.8815x793,Premium,Cancelled,2025-03-23,-29.99
MEMBER-00727,Ashley Serrano,ashley.serrano@gmail.com,+1-736-392-9445,Premium,Frozen,2024-11-28,99.99
MEMBER-00728,Ricky Wagner,ricky.wagner@gmail.com,001-673-927-0216,Basic,Cancelled,2026-04-25,59.99
MEMBER-00729,Craig Booth,craig.booth@yahoo.com,4218288665,Basic,Active,2026-03-21,59.99
MEMBER-00730,Angela Joseph,angela.joseph@gmail.com,959-499-1015x76764,,Cancelled,2026-04-18,-29.99
MEMBER-00731,Isaac Cannon,isaac.cannon@hotmail.com,920-499-5765,Premium,Frozen,2025-10-26,99.99
MEMBER-00732,Jennifer Ramirez,jennifer.ramirez@gmail.com,847.650.9889,BASIC,Active,2025-06-03,99.99
MEMBER-00733,Patrick Todd,patrick.todd@gmail.com,7366849951,VIP,Frozen,2025-02-01,99.99
MEMBER-00734,David Hill,david.hill@yahoo.com,324.549.1342,,Active,2025-11-28,-29.99
MEMBER-00735,Mary Fischer,mary.fischer@gmail.com,+1-808-983-0705x349,Basic,Active,2025-11-04,99.99
MEMBER-00736,David Chavez,david.chavez@gmail.com,001-517-367-4124x151,Premium,Frozen,2025-06-07,99.99
MEMBER-00737,Eric Rogers,eric.rogers@yahoo.com,+1-581-450-6185x3800,BASIC,Active,2025-12-25,59.99
MEMBER-00738,Nicholas Hahn,nicholas.hahn@hotmail.com,547.327.2742,Premium,Active,2025-11-01,99.99
MEMBER-00739,Mercedes Curry,mercedes.curry@gmail.com,(717)989-3206x49693,,Active,2025-11-12,99.99
MEMBER-00740,Diane White,diane.white@yahoo.com,647.376.9587,Premium,Cancelled,2025-03-15,99.99
MEMBER-00741,Daniel Ibarra,daniel.ibarra@yahoo.com,(975)836-1275x15627,Premium,Active,2026-03-13,59.99
MEMBER-00742,Jimmy Carter,jimmy.carter@hotmail.com,960.885.4566,BASIC,Frozen,2025-08-01,99.99
MEMBER-00743,Jorge Brown,jorge.brown@yahoo.com,001-735-404-7639x2831,BASIC,Active,2026-01-08,-29.99
MEMBER-00744,Amber Clements,amber.clements@gmail.com,(815)558-1083x5832,Premium,Frozen,2025-05-09,59.99
MEMBER-00745,Laurie Lozano,laurie.lozano@yahoo.com,(638)630-0081x86702,Premium,Active,2024-10-14,59.99
MEMBER-00746,Jerry Barton,jerry.barton@gmail.com,3418662411,,Active,2024-10-11,29.99
MEMBER-00747,Alexis Greer,alexis.greer@hotmail.com,(219)663-9456,Basic,Active,2025-04-26,29.99
MEMBER-00748,Stephen Garcia,stephen.garcia@hotmail.com,001-676-946-1368,BASIC,Cancelled,2025-05-04,59.99
MEMBER-00749,Rebecca Ferguson,rebecca.ferguson@gmail.com,(907)765-8173x9063,Basic,Cancelled,2025-10-01,29.99
MEMBER-00750,Anna Day,anna.day@yahoo.com,(311)482-3793,Premium,Active,2025-08-05,99.99
MEMBER-00751,Christina Wells,christina.wells@hotmail.com,001-230-774-6452,Basic,Active,2026-03-15,-29.99
MEMBER-00752,Annette Russell,annette.russell@gmail.com,338-378-7535x778,Basic,Active,2025-08-22,-29.99
MEMBER-00753,Holly Bennett,holly.bennett@gmail.com,(981)423-7106,Basic,Active,2026-01-25,99.99
MEMBER-00754,Linda Freeman,linda.freeman@hotmail.com,+1-766-704-1644,,Frozen,2025-12-07,29.99
MEMBER-00755,Debra Thomas,debra.thomas@hotmail.com,+1-939-258-9477x35228,,Active,2025-05-30,59.99
MEMBER-00756,Robert Hernandez,robert.hernandez@gmail.com,2439318751,Basic,Active,2025-12-31,59.99
MEMBER-00757,Eric Bell,eric.bell@hotmail.com,750.834.4694,Premium,Cancelled,2026-09-21,99.99
MEMBER-00758,Jonathan Weaver,jonathan.weaver@hotmail.com,319.421.3424,VIP,Frozen,2026-06-06,-29.99
MEMBER-00759,Alexa Newman,alexa.newman@yahoo.com,499-494-9732x03319,Basic,Frozen,2025-02-01,-29.99
MEMBER-00760,Thomas Smith,thomas.smith@gmail.com,3285767548,BASIC,Cancelled,2025-12-05,59.99
MEMBER-00761,Phillip Schroeder,phillip.schroeder@hotmail.com,954.985.8193x2426,VIP,Active,2026-03-19,29.99
MEMBER-00762,Kristina Jennings,kristina.jennings@hotmail.com,(452)205-7563x98365,Basic,Active,2025-02-25,-29.99
MEMBER-00763,Scott Fox,scott.fox@gmail.com,001-645-215-4809,BASIC,Active,2026-02-10,29.99
MEMBER-00764,Joshua Mendoza,joshua.mendoza@gmail.com,001-344-209-0797x727,Basic,Cancelled,2025-07-10,29.99
MEMBER-00765,Anthony Shannon,anthony.shannon@gmail.com,001-622-516-1070x518,BASIC,Active,2026-02-16,99.99
MEMBER-00766,Christina Smith,christina.smith@hotmail.com,329-458-0660x13824,,Active,2025-09-05,29.99
MEMBER-00767,Bradley Franklin,bradley.franklin@hotmail.com,962.304.4851x57919,Premium,Cancelled,2024-12-25,-29.99
MEMBER-00768,Samantha White,samantha.white@gmail.com,(359)502-0357,VIP,Active,2025-05-23,29.99
MEMBER-00769,Mary May,mary.may@gmail.com,001-524-606-4242x9563,VIP,Active,2026-08-13,59.99
MEMBER-00770,James Krause,james.krause@yahoo.com,001-274-817-5955x872,VIP,Active,2025-01-24,59.99
MEMBER-00771,Amanda Clark,amanda.clark@hotmail.com,(654)235-8841x83437,,Cancelled,2026-09-12,-29.99
MEMBER-00772,Darius Barrett,darius.barrett@gmail.com,227.495.5969x0515,Basic,Frozen,2025-08-19,59.99
MEMBER-00773,Thomas Rogers,thomas.rogers@gmail.com,(954)827-8207,,Cancelled,2026-04-16,-29.99
MEMBER-00774,Reginald Flowers,reginald.flowers@yahoo.com,001-659-857-6403x8166,,Frozen,2025-12-30,-29.99
MEMBER-00775,Anthony Hunt,anthony.hunt@yahoo.com,+1-983-892-2501x425,Premium,Active,2025-02-01,99.99
MEMBER-00776,Steven Hopkins,steven.hopkins@gmail.com,(544)412-3361,Basic,Active,2026-03-11,-29.99
MEMBER-00777,Angela Rowe,angela.rowe@gmail.com,825.417.8637x6731,Premium,Active,2025-05-31,99.99
MEMBER-00778,Kathryn Anderson,kathryn.anderson@yahoo.com,569-768-1579x0392,,Active,2025-07-04,99.99
MEMBER-00779,Matthew Morrow,matthew.morrow@hotmail.com,+1-761-832-7303x461,Basic,Frozen,2026-02-16,-29.99
MEMBER-00780,Hector Hernandez,hector.hernandez@yahoo.com,(370)846-2268x1715,BASIC,Cancelled,2026-06-12,99.99
MEMBER-00781,Lindsay Martin,lindsay.martin@gmail.com,001-686-870-7660,,Active,2025-04-14,-29.99
MEMBER-00782,Judy Wilson,judy.wilson@yahoo.com,757.658.5126x86120,Premium,Active,2025-02-26,29.99
MEMBER-00783,Zachary Mendez,zachary.mendez@yahoo.com,(707)640-1775x09546,,Frozen,2026-05-14,59.99
MEMBER-00784,Lori Daniels,lori.daniels@gmail.com,856-507-5409x1508,Basic,Active,2025-02-09,99.99
MEMBER-00785,Christopher Davis,christopher.davis@hotmail.com,(976)245-7938,Premium,Active,2024-11-24,59.99
MEMBER-00786,Mark Johnson,mark.johnson@hotmail.com,001-816-381-5466x0241,BASIC,Frozen,2026-06-04,99.99
MEMBER-00787,James Green,james.green@yahoo.com,+1-688-230-5973x642,Basic,Active,2026-01-08,29.99
MEMBER-00788,Raymond White,raymond.white@yahoo.com,306-530-6244x795,VIP,Active,2025-03-19,99.99
MEMBER-00789,Andrew Nguyen,andrew.nguyen@gmail.com,+1-249-779-6958x678,VIP,Active,2025-06-17,59.99
MEMBER-00790,Luis Carson,luis.carson@gmail.com,773.382.6460x917,Basic,Cancelled,2025-03-06,-29.99
MEMBER-00791,Julie Moreno,julie.moreno@yahoo.com,857-270-2992x9596,BASIC,Active,2026-05-02,29.99
MEMBER-00792,Teresa Hawkins,teresa.hawkins@yahoo.com,568.526.9116,Basic,Active,2024-12-20,99.99
MEMBER-00793,Ashley White,ashley.white@gmail.com,001-868-565-3694x55158,,Active,2026-07-25,99.99
MEMBER-00794,Richard Sherman,richard.sherman@yahoo.com,822.864.0857x216,BASIC,Active,2025-08-10,99.99
MEMBER-00795,Jacob Johnson,jacob.johnson@gmail.com,(799)581-9960,BASIC,Active,2025-02-02,29.99
MEMBER-00796,Ashley Kennedy,ashley.kennedy@gmail.com,(909)568-8327x532,,Cancelled,2025-06-03,59.99
MEMBER-00797,David Brown,david.brown@gmail.com,997.373.9732,BASIC,Cancelled,2026-06-12,59.99
MEMBER-00798,Cassandra Rivera,cassandra.rivera@gmail.com,371.800.6876,VIP,Frozen,2025-04-15,99.99
MEMBER-00799,Nicole Medina,nicole.medina@hotmail.com,001-898-307-7046x05687,BASIC,Cancelled,2024-12-15,29.99
MEMBER-00800,Dustin Baker,dustin.baker@hotmail.com,001-912-956-5237x34151,Premium,Active,2026-05-03,99.99
MEMBER-00801,John Green,john.green@yahoo.com,001-675-274-9490x228,BASIC,Frozen,2025-03-16,-29.99
MEMBER-00802,Nicole Elliott,nicole.elliott@hotmail.com,842-694-7742x2294,Basic,Frozen,2026-02-02,99.99
MEMBER-00803,Jeremy Rosales,jeremy.rosales@hotmail.com,429-704-5886x7925,Premium,Active,2025-11-06,59.99
MEMBER-00804,Nicholas Grimes,nicholas.grimes@yahoo.com,+1-528-472-7601x5343,BASIC,Active,2025-04-30,59.99
MEMBER-00805,Charlotte Daniel,charlotte.daniel@gmail.com,+1-335-777-9083x3506,VIP,Active,2025-10-25,-29.99
MEMBER-00806,Carlos Tran,carlos.tran@hotmail.com,001-981-407-9833x4233,VIP,Active,2024-10-27,99.99
MEMBER-00807,Tiffany Baker,tiffany.baker@yahoo.com,531-928-4033,BASIC,Frozen,2025-09-21,-29.99
MEMBER-00808,Corey Keith,corey.keith@gmail.com,913-671-7173x18939,,Cancelled,2025-12-12,99.99
MEMBER-00809,Alec Jordan,alec.jordan@gmail.com,001-773-999-7046x9472,VIP,Cancelled,2025-10-30,-29.99
MEMBER-00810,Justin Brewer,justin.brewer@yahoo.com,+1-435-948-8471,VIP,Cancelled,2024-10-01,-29.99
MEMBER-00811,Luis Mccann,luis.mccann@yahoo.com,522.516.4175x8231,VIP,Frozen,2025-05-22,-29.99
MEMBER-00812,Warren Flores,warren.flores@hotmail.com,414.793.9252x3622,,Cancelled,2025-11-01,99.99
MEMBER-00813,Tina Valdez,tina.valdez@yahoo.com,001-843-847-4524x55574,BASIC,Frozen,2026-05-11,-29.99
MEMBER-00814,Robert Gill,robert.gill@yahoo.com,6656274033,VIP,Active,2026-07-04,59.99
MEMBER-00815,Nathaniel Morris,nathaniel.morris@yahoo.com,988-933-9874x11325,,Cancelled,2024-10-31,29.99
MEMBER-00816,Kimberly Price,kimberly.price@hotmail.com,934.699.6010x5485,BASIC,Cancelled,2024-12-21,-29.99
MEMBER-00817,Thomas Gilmore,thomas.gilmore@gmail.com,662-629-4938x17359,VIP,Active,2026-03-15,-29.99
MEMBER-00818,Andrew Barton,andrew.barton@gmail.com,001-555-673-2573x755,BASIC,Cancelled,2025-04-12,99.99
MEMBER-00819,Cassandra Cantu,cassandra.cantu@gmail.com,766-267-0808,Premium,Frozen,2025-12-09,59.99
MEMBER-00820,Samuel Johnson,samuel.johnson@hotmail.com,387-949-5119x18182,BASIC,Active,2026-01-12,29.99
MEMBER-00821,Debra Lee,debra.lee@gmail.com,001-264-877-2512x95786,BASIC,Active,2025-12-16,-29.99
MEMBER-00822,Kelly Hanson,kelly.hanson@yahoo.com,7039562439,,Active,2026-02-15,29.99
MEMBER-00823,Elizabeth Carrillo,elizabeth.carrillo@hotmail.com,(292)432-3421x089,VIP,Active,2025-11-19,29.99
MEMBER-00824,Michael Jones,michael.jones@yahoo.com,733.242.6433,Premium,Frozen,2025-01-10,59.99
MEMBER-00825,Natalie Blackburn,natalie.blackburn@gmail.com,(307)336-0776x3369,,Active,2025-02-09,-29.99
MEMBER-00826,William Lane,william.lane@hotmail.com,523-517-9556,VIP,Active,2024-12-05,29.99
MEMBER-00827,Lauren Ward,lauren.ward@yahoo.com,617.500.6661x55416,Basic,Active,2026-03-24,99.99
MEMBER-00828,Christopher Schneider,christopher.schneider@yahoo.com,404.950.2329x0282,Premium,Cancelled,2026-05-11,-29.99
MEMBER-00829,Benjamin Carlson,benjamin.carlson@gmail.com,001-345-496-2622x8225,VIP,Active,2024-10-19,-29.99
MEMBER-00830,Tyler Torres,tyler.torres@hotmail.com,(249)850-0507x026,,Cancelled,2026-05-11,99.99
MEMBER-00831,Carmen Fox,carmen.fox@gmail.com,905-831-6117,Basic,Active,2026-07-22,29.99
MEMBER-00832,Rachael Alexander,rachael.alexander@hotmail.com,+1-904-577-4258x5917,VIP,Active,2025-01-01,29.99
MEMBER-00833,Jeffrey Anderson,jeffrey.anderson@gmail.com,611.464.9133,Basic,Cancelled,2026-04-16,99.99
MEMBER-00834,Donna Murphy,donna.murphy@yahoo.com,+1-298-589-4256x52906,VIP,Frozen,2025-02-14,-29.99
MEMBER-00835,Alexis Walters,alexis.walters@gmail.com,(865)909-7753,Premium,Active,2025-03-11,99.99
MEMBER-00836,Shawn Baker,shawn.baker@yahoo.com,948-355-2457,BASIC,Active,2026-02-26,-29.99
MEMBER-00837,Melissa Hines,melissa.hines@yahoo.com,356-308-2137,BASIC,Frozen,2025-11-27,29.99
MEMBER-00838,Jennifer Martinez,jennifer.martinez@yahoo.com,576-781-8268x3230,VIP,Active,2025-11-08,29.99
MEMBER-00839,Carolyn Hernandez,carolyn.hernandez@hotmail.com,408.858.3825x21293,Basic,Frozen,2026-07-24,29.99
MEMBER-00840,James Williams,james.williams@yahoo.com,668-567-7524x0148,Premium,Cancelled,2026-09-12,59.99
MEMBER-00841,Jessica Wheeler,jessica.wheeler@gmail.com,8628272362,,Cancelled,2025-12-29,99.99
MEMBER-00842,James Flowers,james.flowers@gmail.com,442.661.9237,,Active,2026-05-09,-29.99
MEMBER-00843,Mark Walsh,mark.walsh@hotmail.com,381-797-3741x8972,Premium,Active,2026-08-06,59.99
MEMBER-00844,Joseph Travis,joseph.travis@yahoo.com,717-569-2743x811,Premium,Active,2026-08-02,-29.99
MEMBER-00845,Melissa Simpson,melissa.simpson@hotmail.com,(360)914-4485x64510,Basic,Cancelled,2025-04-02,-29.99
MEMBER-00846,Brenda Walker,brenda.walker@yahoo.com,+1-341-378-9969x86091,,Active,2024-12-26,-29.99
MEMBER-00847,Tammy Allen,tammy.allen@hotmail.com,+1-596-460-5779x80660,Basic,Cancelled,2024-10-14,59.99
MEMBER-00848,Crystal Murphy,crystal.murphy@yahoo.com,(407)545-5534x70574,VIP,Active,2025-12-03,29.99
MEMBER-00849,Kelli Kelley,kelli.kelley@yahoo.com,001-365-327-1559x8354,,Cancelled,2026-02-04,99.99
MEMBER-00850,Richard Howell,richard.howell@hotmail.com,(463)447-5575,VIP,Cancelled,2025-06-03,-29.99
MEMBER-00851,Allen Lopez,allen.lopez@yahoo.com,684.488.2691x31196,Basic,Frozen,2026-04-05,-29.99
MEMBER-00852,Matthew Gomez,matthew.gomez@gmail.com,(614)299-1537x0382,,Frozen,2025-10-15,-29.99
MEMBER-00853,Jeffrey Neal,jeffrey.neal@gmail.com,937.932.0430,,Active,2025-08-13,29.99
MEMBER-00854,Angela Murillo,angela.murillo@gmail.com,(728)796-9645x46553,VIP,Frozen,2024-11-24,-29.99
MEMBER-00855,Susan Taylor,susan.taylor@hotmail.com,389.521.8785,,Cancelled,2026-04-08,99.99
MEMBER-00856,Michael Park,michael.park@hotmail.com,874.390.7977,,Active,2025-02-06,59.99
MEMBER-00857,Andrew West,andrew.west@hotmail.com,6572215149,VIP,Active,2026-04-03,59.99
MEMBER-00858,Carla Jordan,carla.jordan@gmail.com,(737)248-4539x8628,VIP,Active,2026-01-12,59.99
MEMBER-00859,Brian Webster,brian.webster@hotmail.com,419-418-6233,VIP,Cancelled,2024-10-18,-29.99
MEMBER-00860,Debra Simpson,debra.simpson@gmail.com,711-469-6667x25214,BASIC,Cancelled,2026-03-29,-29.99
MEMBER-00861,Russell King,russell.king@gmail.com,(346)633-5157,BASIC,Cancelled,2024-10-11,-29.99
MEMBER-00862,Natasha Brown,natasha.brown@hotmail.com,8516208005,,Cancelled,2024-10-17,59.99
MEMBER-00863,Lauren Carroll,lauren.carroll@yahoo.com,323-497-2835,BASIC,Frozen,2026-01-04,59.99
MEMBER-00864,Neil Thompson,neil.thompson@yahoo.com,001-328-727-0908x144,Premium,Frozen,2026-03-10,-29.99
MEMBER-00865,Henry Stone,henry.stone@gmail.com,739.529.5786x7181,,Active,2025-07-07,99.99
MEMBER-00866,Donald Horne,donald.horne@yahoo.com,360.750.7918,Basic,Active,2026-09-04,59.99
MEMBER-00867,Alison Andrews,alison.andrews@hotmail.com,368.934.5273x46666,Premium,Active,2024-10-14,-29.99
MEMBER-00868,Travis Morris,travis.morris@yahoo.com,+1-464-774-0803x149,BASIC,Active,2026-04-23,-29.99
MEMBER-00869,Brandon Johnson,brandon.johnson@yahoo.com,(335)980-6882x8503,BASIC,Active,2025-02-17,59.99
MEMBER-00870,Patricia Joseph,patricia.joseph@gmail.com,001-237-539-9006x314,Basic,Active,2026-02-20,59.99
MEMBER-00871,Lisa Guerra,lisa.guerra@gmail.com,(635)560-2293x9469,VIP,Active,2026-09-26,99.99
MEMBER-00872,Natasha Doyle,natasha.doyle@yahoo.com,(406)566-4374x90607,Premium,Frozen,2024-11-19,59.99
MEMBER-00873,Dana Wilson,dana.wilson@yahoo.com,628-652-4648,BASIC,Active,2026-07-22,29.99
MEMBER-00874,Ashley Rodriguez,ashley.rodriguez@gmail.com,(531)287-3280x7711,,Active,2026-07-05,99.99
MEMBER-00875,Paul Miller,paul.miller@hotmail.com,236-595-7279,,Frozen,2026-05-15,29.99
MEMBER-00876,Jason Stewart,jason.stewart@hotmail.com,8258425730,BASIC,Cancelled,2025-01-22,-29.99
MEMBER-00877,Stacey Wagner,stacey.wagner@gmail.com,(635)470-7139,Basic,Cancelled,2025-01-15,99.99
MEMBER-00878,Amy Stewart,amy.stewart@gmail.com,+1-216-888-0925x50213,Basic,Active,2024-09-28,99.99
MEMBER-00879,Anna Cervantes,anna.cervantes@hotmail.com,830-698-1079,VIP,Active,2026-03-12,-29.99
MEMBER-00880,Christina Cole,christina.cole@hotmail.com,779.545.7727,Basic,Cancelled,2025-01-16,59.99
MEMBER-00881,Justin Simon,justin.simon@yahoo.com,825-406-4207x683,,Frozen,2026-07-10,-29.99
MEMBER-00882,Courtney Clark,courtney.clark@yahoo.com,(567)577-6755x56283,Premium,Cancelled,2026-04-02,59.99
MEMBER-00883,James Lee,james.lee@hotmail.com,+1-995-678-6543x62718,Premium,Active,2026-08-29,99.99
MEMBER-00884,Marissa Hampton,marissa.hampton@hotmail.com,(803)435-8268x62703,,Frozen,2025-04-26,59.99
MEMBER-00885,Tonya Becker,tonya.becker@gmail.com,+1-269-332-6573x2759,VIP,Frozen,2026-05-30,99.99
MEMBER-00886,Cameron Smith,cameron.smith@gmail.com,915-753-2341x59597,,Frozen,2026-03-26,29.99
MEMBER-00887,Gregory Turner,gregory.turner@hotmail.com,(922)661-8962,Premium,Active,2026-03-15,29.99
MEMBER-00888,Melanie Wright,melanie.wright@gmail.com,+1-927-410-2676x72095,VIP,Cancelled,2025-09-08,59.99
MEMBER-00889,Patricia Waller,patricia.waller@hotmail.com,001-655-815-1229,Premium,Cancelled,2026-09-08,99.99
MEMBER-00890,Edward Haney,edward.haney@hotmail.com,854.415.9709,Premium,Active,2025-07-06,-29.99
MEMBER-00891,Melissa Lee,melissa.lee@yahoo.com,907.352.0344x76504,Premium,Frozen,2025-06-11,-29.99
MEMBER-00892,Andrea Anderson,andrea.anderson@hotmail.com,2906463766,BASIC,Active,2026-03-21,29.99
MEMBER-00893,Nicholas Richardson,nicholas.richardson@hotmail.com,(765)325-4837x44171,Basic,Active,2024-10-13,99.99
MEMBER-00894,Lisa Drake,lisa.drake@gmail.com,312.251.2931,VIP,Active,2026-04-10,-29.99
MEMBER-00895,Alexander Roman,alexander.roman@hotmail.com,429-575-1910,VIP,Active,2026-09-09,29.99
MEMBER-00896,Julie Miller,julie.miller@gmail.com,001-910-563-3016x583,BASIC,Frozen,2026-03-30,29.99
MEMBER-00897,Vanessa Jacobs,vanessa.jacobs@gmail.com,549.307.2801x2342,,Active,2026-03-25,59.99
MEMBER-00898,Kathleen Lopez,kathleen.lopez@yahoo.com,001-532-269-4968x43645,BASIC,Cancelled,2026-02-16,-29.99
MEMBER-00899,Pamela Sutton,pamela.sutton@yahoo.com,001-721-701-7509x61701,VIP,Frozen,2026-03-22,99.99
MEMBER-00900,Erin Gregory,erin.gregory@gmail.com,001-945-775-7574,VIP,Cancelled,2025-11-24,-29.99
MEMBER-00901,Yvette Lee,yvette.lee@hotmail.com,(905)967-7567,VIP,Active,2025-01-22,29.99
MEMBER-00902,Douglas Christensen,douglas.christensen@yahoo.com,4254626506,Basic,Active,2025-12-30,29.99
MEMBER-00903,Sophia Robinson,sophia.robinson@gmail.com,(572)545-3076x2484,Basic,Cancelled,2025-10-08,-29.99
MEMBER-00904,Catherine Porter,catherine.porter@yahoo.com,(670)451-1579,BASIC,Active,2025-03-27,-29.99
MEMBER-00905,April Snyder,april.snyder@gmail.com,(670)742-5496x91928,Premium,Cancelled,2026-04-11,99.99
MEMBER-00906,Nathaniel Barker,nathaniel.barker@gmail.com,(797)910-7563x353,Premium,Frozen,2026-05-30,29.99
MEMBER-00907,Juan Peterson,juan.peterson@yahoo.com,001-932-259-3993x379,VIP,Frozen,2025-05-27,29.99
MEMBER-00908,William Davis,william.davis@gmail.com,+1-651-487-7941x763,VIP,Cancelled,2025-07-05,29.99
MEMBER-00909,Melanie Brown,melanie.brown@gmail.com,705.959.7824,BASIC,Frozen,2025-05-28,59.99
MEMBER-00910,Cassandra Herrera,cassandra.herrera@hotmail.com,699.514.0388,BASIC,Active,2026-06-02,29.99
MEMBER-00911,Nicholas Haynes,nicholas.haynes@gmail.com,843-424-0061x5727,Basic,Cancelled,2025-12-31,-29.99
MEMBER-00912,Sean Edwards,sean.edwards@yahoo.com,243.797.4292x501,Basic,Cancelled,2025-11-29,59.99
MEMBER-00913,Thomas Thomas,thomas.thomas@hotmail.com,(280)265-6259x0459,,Active,2026-04-10,29.99
MEMBER-00914,Jennifer Anderson,jennifer.anderson@gmail.com,722-718-2315,Basic,Frozen,2024-11-28,29.99
MEMBER-00915,Robert Potter,robert.potter@yahoo.com,(680)586-6281x3721,BASIC,Cancelled,2025-03-30,-29.99
MEMBER-00916,Brian Vega,brian.vega@gmail.com,7377003322,Basic,Cancelled,2025-07-23,-29.99
MEMBER-00917,Katelyn Santiago,katelyn.santiago@gmail.com,947.206.8103x90339,Basic,Active,2025-06-24,29.99
MEMBER-00918,Jacqueline Perkins,jacqueline.perkins@yahoo.com,426.532.8094x48586,VIP,Frozen,2026-05-04,99.99
MEMBER-00919,Cathy Cook,cathy.cook@yahoo.com,361-247-0798x632,Premium,Active,2025-07-23,59.99
MEMBER-00920,Linda Newton,linda.newton@gmail.com,594.639.4570,Premium,Active,2025-03-13,29.99
MEMBER-00921,William Collins,william.collins@gmail.com,(453)976-5769,,Cancelled,2025-10-03,-29.99
MEMBER-00922,Ann Mitchell,ann.mitchell@hotmail.com,619.210.0900,VIP,Cancelled,2025-05-19,59.99
MEMBER-00923,Sean Daniel,sean.daniel@gmail.com,805-233-6514,BASIC,Active,2025-05-15,59.99
MEMBER-00924,Kaylee Roach,kaylee.roach@yahoo.com,(347)331-0720,Basic,Active,2026-04-11,59.99
MEMBER-00925,Jimmy Kane,jimmy.kane@hotmail.com,001-884-240-9712x316,Basic,Active,2024-10-24,99.99
MEMBER-00926,Tyler Rivas,tyler.rivas@yahoo.com,(609)201-4473,BASIC,Frozen,2026-03-01,59.99
MEMBER-00927,Joseph Wiggins,joseph.wiggins@gmail.com,001-370-709-6873x045,Premium,Frozen,2025-09-15,29.99
MEMBER-00928,Lori Stephens,lori.stephens@yahoo.com,+1-658-482-5562x96575,Premium,Frozen,2026-06-20,29.99
MEMBER-00929,Emily Preston,emily.preston@hotmail.com,+1-765-961-9425,VIP,Cancelled,2025-09-11,59.99
MEMBER-00930,Karen Hensley,karen.hensley@gmail.com,4585295829,BASIC,Frozen,2026-06-28,29.99
MEMBER-00931,Heather Miller,heather.miller@yahoo.com,488-508-1904,Premium,Active,2026-03-11,-29.99
MEMBER-00932,Jenna Rogers,jenna.rogers@gmail.com,558-268-6395x61372,Basic,Cancelled,2026-08-20,-29.99
MEMBER-00933,Laura Wagner,laura.wagner@gmail.com,221.643.6438x1300,,Active,2024-12-29,29.99
MEMBER-00934,Jamie Carey,jamie.carey@hotmail.com,614-771-6560,VIP,Frozen,2025-07-24,59.99
MEMBER-00935,Nicholas Torres,nicholas.torres@hotmail.com,001-779-290-7075,BASIC,Active,2025-04-12,99.99
MEMBER-00936,Jackie Callahan,jackie.callahan@yahoo.com,001-681-369-9570x60717,,Cancelled,2024-11-29,-29.99
MEMBER-00937,John Rivas,john.rivas@hotmail.com,676-953-9705,Basic,Active,2025-03-13,29.99
MEMBER-00938,Christina Davis,christina.davis@hotmail.com,(690)887-1827,Basic,Frozen,2026-06-10,59.99
MEMBER-00939,Sara Valdez,sara.valdez@gmail.com,791-887-2742x049,Basic,Active,2024-12-20,-29.99
MEMBER-00940,Gloria Schmitt,gloria.schmitt@gmail.com,677.430.6260,,Frozen,2025-03-18,-29.99
MEMBER-00941,Matthew Vega,matthew.vega@yahoo.com,271.912.2299,BASIC,Active,2025-10-16,29.99
MEMBER-00942,Michael Hale,michael.hale@gmail.com,001-385-381-6704x686,,Cancelled,2024-12-02,99.99
MEMBER-00943,Jose Fry,jose.fry@yahoo.com,768.632.1021x9237,Basic,Frozen,2025-10-02,29.99
MEMBER-00944,Carl Tyler,carl.tyler@gmail.com,001-461-880-3324,,Cancelled,2024-10-04,59.99
MEMBER-00945,Nathan Dixon,nathan.dixon@gmail.com,584-998-0425,,Frozen,2026-06-10,-29.99
MEMBER-00946,Jason Beck,jason.beck@yahoo.com,931.326.8812x2821,,Active,2025-12-09,99.99
MEMBER-00947,Fred Sims,fred.sims@yahoo.com,+1-853-946-0605x6035,BASIC,Cancelled,2026-01-10,29.99
MEMBER-00948,Mary Walker,mary.walker@gmail.com,298.862.3984x7169,Premium,Active,2024-11-16,-29.99
MEMBER-00949,Anna Bush,anna.bush@gmail.com,001-905-846-4754x89547,Basic,Active,2026-05-07,29.99
MEMBER-00950,Monica Barker,monica.barker@hotmail.com,+1-799-392-7517,VIP,Cancelled,2025-04-09,29.99
MEMBER-00951,Crystal Villa,crystal.villa@yahoo.com,+1-883-655-3935x435,Basic,Cancelled,2025-04-18,29.99
MEMBER-00952,Carla Santiago,carla.santiago@gmail.com,001-392-643-5885x37982,Premium,Active,2026-02-04,99.99
MEMBER-00953,John George,john.george@hotmail.com,327-653-6749x78524,,Frozen,2024-12-31,59.99
MEMBER-00954,Tammy Li,tammy.li@yahoo.com,8135477894,VIP,Cancelled,2025-04-20,99.99
MEMBER-00955,Brent Patterson,brent.patterson@yahoo.com,+1-217-366-5122x150,Basic,Active,2025-04-29,99.99
MEMBER-00956,Daniel Nichols,daniel.nichols@gmail.com,663-609-0015,BASIC,Frozen,2025-08-25,29.99
MEMBER-00957,John Robinson,john.robinson@hotmail.com,001-748-553-2089,VIP,Active,2025-02-06,-29.99
MEMBER-00958,Linda Bryan,linda.bryan@gmail.com,+1-390-321-9947,BASIC,Frozen,2025-04-05,29.99
MEMBER-00959,Megan Walker,megan.walker@yahoo.com,+1-822-934-1034x699,BASIC,Cancelled,2025-03-10,99.99
MEMBER-00960,Jesse Boone,jesse.boone@yahoo.com,001-877-726-9608x437,Premium,Frozen,2025-06-03,29.99
MEMBER-00961,Andrew Romero,andrew.romero@yahoo.com,793.752.1962x633,,Active,2025-08-06,59.99
MEMBER-00962,Joshua Espinoza,joshua.espinoza@gmail.com,(897)209-3170x6955,,Active,2025-10-12,29.99
MEMBER-00963,Samuel Griffin,samuel.griffin@yahoo.com,464-453-4547,Basic,Cancelled,2025-03-15,29.99
MEMBER-00964,Melissa Newman,melissa.newman@hotmail.com,330.665.0312x19804,BASIC,Frozen,2025-09-12,-29.99
MEMBER-00965,Edward Thomas,edward.thomas@yahoo.com,423-664-2813x190,Premium,Cancelled,2025-11-25,29.99
MEMBER-00966,Thomas Henderson,thomas.henderson@gmail.com,303.991.1142,,Active,2025-11-29,59.99
MEMBER-00967,Kathleen Cummings,kathleen.cummings@gmail.com,+1-223-805-2480,VIP,Cancelled,2025-01-08,-29.99
MEMBER-00968,Gary Harrison,gary.harrison@gmail.com,395.594.7372,VIP,Frozen,2025-01-29,29.99
MEMBER-00969,Danielle Webster,danielle.webster@gmail.com,(720)847-8768x8687,,Frozen,2026-05-02,29.99
MEMBER-00970,John Giles,john.giles@gmail.com,672.703.1954x19666,,Active,2024-10-14,59.99
MEMBER-00971,Leonard Gonzalez,leonard.gonzalez@gmail.com,462.279.2463,Premium,Active,2026-08-26,-29.99
MEMBER-00972,Jeremy Gonzales,jeremy.gonzales@yahoo.com,(777)253-7260x3214,Basic,Active,2025-06-25,99.99
MEMBER-00973,Steven Hughes,steven.hughes@hotmail.com,(619)445-8870x71553,VIP,Frozen,2024-10-04,29.99
MEMBER-00974,Victoria Thomas,victoria.thomas@hotmail.com,+1-940-808-3850,,Active,2025-06-12,29.99
MEMBER-00975,Lauren Stevens,lauren.stevens@hotmail.com,345-408-9177x68089,VIP,Cancelled,2026-09-20,99.99
MEMBER-00976,Mallory Rivera,mallory.rivera@hotmail.com,242.623.1964x630,,Frozen,2024-10-05,59.99
MEMBER-00977,Stephanie Lee,stephanie.lee@hotmail.com,362.468.9430,BASIC,Frozen,2026-07-25,-29.99
MEMBER-00978,Benjamin Acosta,benjamin.acosta@gmail.com,772.971.1759,Premium,Cancelled,2025-04-14,59.99
MEMBER-00979,Barbara Kelley,barbara.kelley@hotmail.com,758-629-8493x30674,Basic,Active,2025-10-18,29.99
MEMBER-00980,Teresa Esparza,teresa.esparza@gmail.com,001-944-412-8333,Premium,Frozen,2026-09-15,29.99
MEMBER-00981,Corey Daniels,corey.daniels@yahoo.com,(866)895-4132x97150,VIP,Active,2026-06-21,-29.99
MEMBER-00982,Ryan Perry,ryan.perry@gmail.com,551-443-7769x36634,VIP,Active,2025-06-14,59.99
MEMBER-00983,Erik Murphy,erik.murphy@yahoo.com,311-410-2867,,Cancelled,2024-11-04,-29.99
MEMBER-00984,Aaron Thompson,aaron.thompson@gmail.com,255-291-0245x1091,BASIC,Active,2026-06-26,59.99
MEMBER-00985,Sandra Clarke,sandra.clarke@yahoo.com,614.494.9819x4217,VIP,Active,2026-02-07,29.99
MEMBER-00986,Kimberly Robertson,kimberly.robertson@yahoo.com,+1-634-806-5277x584,Premium,Active,2025-08-16,99.99
MEMBER-00987,Lindsay Young,lindsay.young@yahoo.com,+1-953-437-2201x09121,BASIC,Active,2025-01-19,29.99
MEMBER-00988,Jennifer Campbell,jennifer.campbell@yahoo.com,001-959-237-6618x943,,Cancelled,2025-07-05,-29.99
MEMBER-00989,Eric Lee,eric.lee@gmail.com,9044627765,Basic,Active,2026-06-21,-29.99
MEMBER-00990,Mark Levy,mark.levy@yahoo.com,+1-559-920-2461x75202,Premium,Cancelled,2025-04-29,99.99
MEMBER-00991,Rebecca Le,rebecca.le@yahoo.com,9055595501,VIP,Frozen,2025-03-08,-29.99
MEMBER-00992,Dylan Becker,dylan.becker@hotmail.com,001-684-986-8999x3607,VIP,Frozen,2024-10-30,-29.99
MEMBER-00993,Justin Smith,justin.smith@hotmail.com,+1-617-267-9935x9374,VIP,Cancelled,2026-06-22,29.99
MEMBER-00994,Jerome Strong,jerome.strong@yahoo.com,(340)683-0373x6060,Premium,Cancelled,2025-11-15,29.99
MEMBER-00995,Lisa Payne,lisa.payne@yahoo.com,6843907938,Premium,Active,2026-07-22,59.99
MEMBER-00996,Jimmy Hays,jimmy.hays@hotmail.com,001-452-683-0615x3701,BASIC,Active,2025-02-04,99.99
MEMBER-00997,Diane Powers,diane.powers@yahoo.com,(363)325-1448,BASIC,Active,2025-01-24,99.99
MEMBER-00998,Morgan Farrell,morgan.farrell@gmail.com,914.321.7518,Premium,Active,2025-10-04,99.99
MEMBER-00999,Elizabeth Ramirez,elizabeth.ramirez@gmail.com,(415)426-3840x911,BASIC,Frozen,2025-06-18,29.99
MEMBER-01000,Ethan Ochoa,ethan.ochoa@hotmail.com,875.505.6618,Basic,Cancelled,2025-02-03,99.99
MEMBER-01001,James Walsh,james.walsh@hotmail.com,001-513-278-7655x3007,,Active,2025-12-13,59.99
MEMBER-01002,Michael Huerta,michael.huerta@yahoo.com,+1-456-905-7121x9881,VIP,Cancelled,2025-10-14,29.99
MEMBER-01003,Angela Arnold,angela.arnold@yahoo.com,290-353-4864,Premium,Frozen,2024-11-07,-29.99
MEMBER-01004,Sheila Ortega,sheila.ortega@gmail.com,001-646-624-5618x517,,Active,2025-08-08,99.99
MEMBER-01005,Andrew Zavala,andrew.zavala@yahoo.com,(312)689-9151,VIP,Cancelled,2026-05-15,29.99
MEMBER-01006,Matthew Beasley,matthew.beasley@gmail.com,001-339-613-0448,BASIC,Active,2026-08-30,59.99
MEMBER-01007,Andrea Evans,andrea.evans@yahoo.com,001-904-261-5402x11901,Basic,Active,2025-09-25,29.99
MEMBER-01008,Lisa Sullivan,lisa.sullivan@gmail.com,929-583-1522x910,Premium,Active,2026-04-15,29.99
MEMBER-01009,Jean Jackson,jean.jackson@hotmail.com,836.508.4937x83063,Basic,Cancelled,2026-06-28,59.99
MEMBER-01010,Allison Cooper,allison.cooper@yahoo.com,001-669-944-3916,Premium,Active,2024-09-27,99.99
MEMBER-01011,Tiffany Sullivan,tiffany.sullivan@gmail.com,001-342-892-9132x0330,Basic,Frozen,2025-01-07,29.99
MEMBER-01012,Tammy Hill,tammy.hill@gmail.com,001-903-410-6153,Basic,Active,2025-01-18,59.99
MEMBER-01013,Jennifer Floyd,jennifer.floyd@yahoo.com,966-684-7323x65337,BASIC,Cancelled,2025-08-31,29.99
MEMBER-01014,Brandon Smith,brandon.smith@yahoo.com,(600)478-4361,VIP,Active,2025-05-04,29.99
MEMBER-01015,Joshua Simmons,joshua.simmons@gmail.com,681.497.5437x3476,BASIC,Active,2025-10-04,59.99
MEMBER-01016,Jeffrey Conway,jeffrey.conway@gmail.com,001-637-663-8821x45841,,Active,2026-04-28,-29.99
MEMBER-01017,Richard Brown,richard.brown@gmail.com,944.238.9982,BASIC,Active,2025-01-19,-29.99
MEMBER-01018,Susan Murphy,susan.murphy@hotmail.com,001-586-895-0732x14644,BASIC,Cancelled,2026-02-28,99.99
MEMBER-01019,Meagan Guzman,meagan.guzman@hotmail.com,(516)779-3350x557,Premium,Cancelled,2025-10-14,99.99
MEMBER-01020,Jeremy Bernard,jeremy.bernard@gmail.com,001-311-392-3603x768,VIP,Active,2026-03-08,59.99
MEMBER-01021,Veronica Dunn,veronica.dunn@hotmail.com,(833)335-1040,Basic,Cancelled,2025-05-01,99.99
MEMBER-01022,Dawn Wu,dawn.wu@gmail.com,553-291-1498,BASIC,Active,2025-09-30,-29.99
MEMBER-01023,Hannah Weaver,hannah.weaver@hotmail.com,001-807-736-5118x93940,Basic,Active,2026-09-21,99.99
MEMBER-01024,Michael Chavez,michael.chavez@hotmail.com,(501)290-4322,BASIC,Cancelled,2026-04-17,-29.99
MEMBER-01025,Harry Wilcox,harry.wilcox@gmail.com,(347)507-3920,Premium,Cancelled,2025-07-07,29.99
MEMBER-01026,Courtney Beard,courtney.beard@yahoo.com,+1-362-312-7602x50826,BASIC,Frozen,2026-05-12,-29.99
MEMBER-01027,Eric Jones,eric.jones@yahoo.com,763-924-8889,,Active,2025-01-26,99.99
MEMBER-01028,Maria Wheeler,maria.wheeler@hotmail.com,001-637-562-9745,,Frozen,2026-09-15,-29.99
MEMBER-01029,Jessica Ingram,jessica.ingram@gmail.com,464.268.7191,VIP,Cancelled,2025-03-23,29.99
MEMBER-01030,Jillian Ferguson,jillian.ferguson@gmail.com,+1-576-492-0828,VIP,Cancelled,2025-03-31,29.99
MEMBER-01031,Rebecca Romero,rebecca.romero@hotmail.com,+1-313-688-1588,VIP,Active,2025-04-16,-29.99
MEMBER-01032,Martin Taylor,martin.taylor@gmail.com,9673323182,,Frozen,2025-08-19,59.99
MEMBER-01033,Jennifer Payne,jennifer.payne@hotmail.com,001-457-324-5000x00015,Premium,Active,2024-11-29,59.99
MEMBER-01034,Hailey Castillo,hailey.castillo@gmail.com,685.609.0255x618,Premium,Frozen,2025-04-16,29.99
MEMBER-01035,Erik Gardner,erik.gardner@gmail.com,+1-298-774-7812x248,Premium,Active,2025-07-17,99.99
MEMBER-01036,Taylor Hunter,taylor.hunter@yahoo.com,7093004365,Premium,Cancelled,2025-07-03,59.99
MEMBER-01037,Jennifer Hill,jennifer.hill@gmail.com,(769)613-6248x3550,,Frozen,2026-06-26,99.99
MEMBER-01038,George Ray,george.ray@hotmail.com,9807706336,,Active,2026-05-29,99.99
MEMBER-01039,Yolanda Barton,yolanda.barton@hotmail.com,222.610.4016x48188,,Cancelled,2026-01-24,59.99
MEMBER-01040,Jessica Hayden,jessica.hayden@hotmail.com,(387)873-8363,BASIC,Frozen,2025-04-22,59.99
MEMBER-01041,John Nunez,john.nunez@gmail.com,001-569-842-8946x420,BASIC,Active,2026-05-06,29.99
MEMBER-01042,Jennifer Richardson,jennifer.richardson@hotmail.com,763.614.4170x64625,Basic,Cancelled,2026-07-30,59.99
MEMBER-01043,Morgan Lopez,morgan.lopez@gmail.com,001-655-682-4301x7646,Basic,Active,2025-10-29,29.99
MEMBER-01044,Barbara Briggs,barbara.briggs@hotmail.com,6317538882,VIP,Cancelled,2026-04-12,59.99
MEMBER-01045,Teresa Owens,teresa.owens@hotmail.com,5507404333,VIP,Cancelled,2025-02-23,99.99
MEMBER-01046,Maria Scott,maria.scott@yahoo.com,001-316-232-1119x787,Basic,Active,2026-01-10,59.99
MEMBER-01047,Theresa Allen,theresa.allen@gmail.com,+1-937-732-6530x6011,,Cancelled,2025-07-25,29.99
MEMBER-01048,Cody Yu,cody.yu@yahoo.com,001-488-200-2300x91561,,Frozen,2025-04-03,29.99
MEMBER-01049,Haley Cook,haley.cook@hotmail.com,001-774-449-1609x365,VIP,Active,2026-08-15,29.99
MEMBER-01050,Brian Collins,brian.collins@gmail.com,889-941-8433,VIP,Frozen,2025-06-19,99.99
MEMBER-01051,Mary Willis,mary.willis@yahoo.com,522.939.9821,Premium,Cancelled,2025-04-27,-29.99
MEMBER-01052,Matthew Barnes,matthew.barnes@gmail.com,904-828-8605x053,BASIC,Frozen,2025-08-24,59.99
MEMBER-01053,Ryan Gibbs,ryan.gibbs@gmail.com,311.226.0030x83566,,Frozen,2025-07-23,59.99
MEMBER-01054,Eric Bryant,eric.bryant@yahoo.com,001-831-323-4550x6882,,Cancelled,2025-10-08,-29.99
MEMBER-01055,Connie Washington,connie.washington@hotmail.com,+1-929-538-4401x3480,VIP,Frozen,2025-06-19,59.99
MEMBER-01056,Kenneth Woods,kenneth.woods@hotmail.com,+1-382-260-3359,Premium,Active,2024-12-14,-29.99
MEMBER-01057,Elizabeth Hayes,elizabeth.hayes@hotmail.com,6904859914,,Active,2026-09-22,59.99
MEMBER-01058,Alfred Cowan,alfred.cowan@yahoo.com,001-826-699-9699,,Frozen,2026-07-02,59.99
MEMBER-01059,Angela Jacobs,angela.jacobs@hotmail.com,001-771-384-2859x6932,,Active,2025-05-12,-29.99
MEMBER-01060,Andrew Mason,andrew.mason@yahoo.com,001-493-823-1234,Premium,Frozen,2025-08-05,29.99
MEMBER-01061,Anne Yu,anne.yu@gmail.com,(690)587-2617x60723,Premium,Frozen,2025-11-03,99.99
MEMBER-01062,Catherine Nguyen,catherine.nguyen@hotmail.com,+1-453-882-8040x561,Premium,Active,2025-06-18,99.99
MEMBER-01063,Anthony Ballard,anthony.ballard@gmail.com,(895)382-6418x6965,BASIC,Active,2026-09-13,99.99
MEMBER-01064,Maria Smith,maria.smith@yahoo.com,(412)538-5951x43468,Premium,Cancelled,2025-12-26,29.99
MEMBER-01065,Laura Collins,laura.collins@hotmail.com,800-327-3008x696,VIP,Frozen,2024-11-07,29.99
MEMBER-01066,Darryl Petty,darryl.petty@yahoo.com,631.313.9500x16809,Basic,Active,2025-05-11,-29.99
MEMBER-01067,Crystal Jones,crystal.jones@hotmail.com,607-662-8397x62053,BASIC,Active,2024-10-09,59.99
MEMBER-01068,Paula Alexander,paula.alexander@hotmail.com,362-907-2662x9250,BASIC,Active,2026-04-12,-29.99
MEMBER-01069,Colleen Wells,colleen.wells@yahoo.com,6293914068,VIP,Active,2025-02-24,29.99
MEMBER-01070,James Chavez,james.chavez@gmail.com,(355)923-5617,BASIC,Cancelled,2024-10-04,59.99
MEMBER-01071,Jamie Ferrell,jamie.ferrell@gmail.com,+1-911-992-0613x63852,BASIC,Active,2025-11-24,29.99
MEMBER-01072,Ashley Cooper,ashley.cooper@gmail.com,237.418.4449,VIP,Active,2026-07-29,99.99
MEMBER-01073,Beth Williams,beth.williams@yahoo.com,880-916-4403x7341,VIP,Active,2025-11-14,29.99
MEMBER-01074,Daniel Thomas,daniel.thomas@yahoo.com,001-378-522-1021x7982,VIP,Cancelled,2025-04-16,-29.99
MEMBER-01075,April Beltran,april.beltran@gmail.com,001-585-379-7363,Premium,Active,2026-07-16,29.99
MEMBER-01076,Zachary Stephens,zachary.stephens@yahoo.com,(905)239-7079x86617,VIP,Active,2025-08-04,29.99
MEMBER-01077,Michelle Crawford,michelle.crawford@yahoo.com,420.350.6821x22355,BASIC,Cancelled,2025-07-28,-29.99
MEMBER-01078,Erika Keller,erika.keller@gmail.com,001-458-771-4692x18219,Premium,Active,2025-12-11,29.99
MEMBER-01079,Raymond Bryant,raymond.bryant@hotmail.com,6892843699,VIP,Cancelled,2025-01-26,59.99
MEMBER-01080,David Sellers,david.sellers@yahoo.com,4936869484,BASIC,Frozen,2026-08-12,99.99
MEMBER-01081,Catherine Mathis,catherine.mathis@hotmail.com,481.514.5788x70715,VIP,Cancelled,2026-08-22,29.99
MEMBER-01082,Amy West,amy.west@yahoo.com,382.909.7461,Basic,Active,2025-10-15,-29.99
MEMBER-01083,Cheryl Vasquez,cheryl.vasquez@hotmail.com,(599)968-7225,Premium,Active,2026-05-01,99.99
MEMBER-01084,Benjamin Schneider,benjamin.schneider@yahoo.com,+1-780-962-3504x05669,Basic,Active,2025-12-12,29.99
MEMBER-01085,Benjamin Nunez,benjamin.nunez@gmail.com,882-555-4428x679,VIP,Active,2025-01-13,59.99
MEMBER-01086,Michael Ochoa,michael.ochoa@yahoo.com,(332)789-4633,Basic,Active,2025-08-06,59.99
MEMBER-01087,Frank Miller,frank.miller@hotmail.com,528-757-2562x92693,Premium,Frozen,2025-11-11,29.99
MEMBER-01088,Cathy Parks,cathy.parks@gmail.com,681.886.5507,BASIC,Active,2026-07-18,99.99
MEMBER-01089,Angelica Smith,angelica.smith@yahoo.com,001-974-943-0349x18911,BASIC,Active,2025-02-01,-29.99
MEMBER-01090,Brandon Boyd,brandon.boyd@hotmail.com,393-740-1536x41547,VIP,Active,2026-06-30,-29.99
MEMBER-01091,Mark Rodriguez,mark.rodriguez@hotmail.com,(859)936-7813,Premium,Frozen,2026-07-19,-29.99
MEMBER-01092,Logan Smith,logan.smith@hotmail.com,321-941-0527x698,VIP,Cancelled,2025-12-06,-29.99
MEMBER-01093,Brian Oconnor,brian.oconnor@gmail.com,001-770-845-2388x85622,Basic,Frozen,2025-08-15,-29.99
MEMBER-01094,Brian Nguyen,brian.nguyen@hotmail.com,767.887.4422x75854,BASIC,Frozen,2025-07-05,59.99
MEMBER-01095,Laura Stewart,laura.stewart@hotmail.com,+1-442-282-4911x650,VIP,Active,2026-08-12,59.99
MEMBER-01096,Benjamin Moore,benjamin.moore@yahoo.com,(239)731-3215x513,Basic,Active,2025-06-17,99.99
MEMBER-01097,Timothy Boyd,timothy.boyd@hotmail.com,+1-968-421-4448x8966,,Active,2025-10-19,59.99
MEMBER-01098,Sylvia Vaughn,sylvia.vaughn@gmail.com,(377)546-2025x82543,,Active,2026-06-13,-29.99
MEMBER-01099,Lisa Zimmerman,lisa.zimmerman@gmail.com,001-823-212-3920x4910,,Active,2026-08-14,-29.99
MEMBER-01100,Christopher Sanchez,christopher.sanchez@yahoo.com,923.487.5082x7681,,Cancelled,2026-05-30,-29.99
MEMBER-01101,Henry Bell,henry.bell@yahoo.com,345-984-7262x90529,VIP,Active,2025-07-20,-29.99
MEMBER-01102,Rachel Spencer,rachel.spencer@hotmail.com,360-982-7172,Basic,Cancelled,2026-03-13,29.99
MEMBER-01103,Jason Ramos,jason.ramos@hotmail.com,001-539-892-0522x2999,BASIC,Cancelled,2026-08-11,59.99
MEMBER-01104,George Garcia,george.garcia@yahoo.com,591-743-8823x25539,Premium,Cancelled,2025-12-01,59.99
MEMBER-01105,Sheila Adams,sheila.adams@gmail.com,977.332.6430x9544,Basic,Active,2025-02-13,29.99
MEMBER-01106,Patricia Munoz,patricia.munoz@hotmail.com,902.992.7120x539,BASIC,Cancelled,2026-04-07,59.99
MEMBER-01107,Daniel Henry,daniel.henry@yahoo.com,(498)783-2201,,Frozen,2025-07-31,99.99
MEMBER-01108,Jessica Barber,jessica.barber@gmail.com,+1-932-900-4879,Basic,Active,2025-06-24,-29.99
MEMBER-01109,Frances Steele,frances.steele@hotmail.com,001-658-652-3860x030,,Active,2025-03-28,99.99
MEMBER-01110,Sandra Brewer,sandra.brewer@hotmail.com,001-351-271-5239,VIP,Active,2026-05-24,29.99
MEMBER-01111,Edward Ray,edward.ray@hotmail.com,001-550-214-3748,,Active,2026-01-14,29.99
MEMBER-01112,Madeline Buck,madeline.buck@hotmail.com,(371)539-7191x26022,BASIC,Cancelled,2025-01-26,59.99
MEMBER-01113,David Mcdaniel,david.mcdaniel@hotmail.com,367.420.1911x166,,Active,2026-09-05,29.99
MEMBER-01114,Henry Martinez,henry.martinez@hotmail.com,5722587339,,Active,2025-05-12,99.99
MEMBER-01115,Ashley Reynolds,ashley.reynolds@yahoo.com,680.427.4812,,Frozen,2024-12-13,-29.99
MEMBER-01116,Christopher Johnson,christopher.johnson@hotmail.com,+1-268-525-0952x29462,VIP,Active,2026-03-24,-29.99
MEMBER-01117,Melanie Vang,melanie.vang@yahoo.com,001-561-903-9952x9701,,Active,2024-12-27,29.99
MEMBER-01118,Donald Lee,donald.lee@yahoo.com,+1-658-356-4230,Premium,Frozen,2026-08-16,-29.99
MEMBER-01119,Julia Moore,julia.moore@gmail.com,406.215.9273x8740,Premium,Active,2025-09-05,29.99
MEMBER-01120,Jennifer Maynard,jennifer.maynard@yahoo.com,(290)563-2248x15542,BASIC,Frozen,2026-03-24,59.99
MEMBER-01121,Jennifer Mitchell,jennifer.mitchell@gmail.com,7108956797,Basic,Active,2026-08-20,99.99
MEMBER-01122,Kristin Dean,kristin.dean@yahoo.com,695.954.6234x712,VIP,Active,2025-08-29,99.99
MEMBER-01123,Aaron Williams,aaron.williams@gmail.com,001-318-910-3068x31764,VIP,Frozen,2025-01-29,99.99
MEMBER-01124,Rodney Williams,rodney.williams@gmail.com,215.871.2901x50713,BASIC,Active,2025-09-12,59.99
MEMBER-01125,Cristian Brown,cristian.brown@hotmail.com,651.504.5847,Premium,Frozen,2026-06-10,-29.99
MEMBER-01126,Richard Wilson,richard.wilson@gmail.com,9098625885,VIP,Frozen,2026-03-26,-29.99
MEMBER-01127,Ruben King,ruben.king@gmail.com,418.905.3396,,Active,2026-09-12,59.99
MEMBER-01128,Jonathan Kim,jonathan.kim@yahoo.com,(821)859-1832x70004,BASIC,Cancelled,2025-08-22,-29.99
MEMBER-01129,Craig Hanna,craig.hanna@hotmail.com,001-301-610-7977,BASIC,Frozen,2024-10-25,29.99
MEMBER-01130,Andrew Rios,andrew.rios@hotmail.com,588.319.4905,,Cancelled,2025-05-29,29.99
MEMBER-01131,Kristen Williams,kristen.williams@hotmail.com,+1-380-594-9769x873,VIP,Active,2025-09-20,59.99
MEMBER-01132,Brittany Jennings,brittany.jennings@yahoo.com,(998)941-6612x3740,,Active,2025-12-13,59.99
MEMBER-01133,Joseph Hall,joseph.hall@gmail.com,001-256-323-8994x99197,Premium,Cancelled,2026-04-01,29.99
MEMBER-01134,Lynn Baker,lynn.baker@yahoo.com,+1-420-237-0878x21160,Premium,Active,2026-01-28,-29.99
MEMBER-01135,Linda Burton,linda.burton@gmail.com,+1-913-459-9898,Basic,Frozen,2026-08-24,59.99
MEMBER-01136,Daniel Daugherty,daniel.daugherty@gmail.com,001-488-494-8018x6448,VIP,Frozen,2026-05-07,-29.99
MEMBER-01137,David Arroyo,david.arroyo@yahoo.com,283.897.8570x82004,,Active,2025-09-29,29.99
MEMBER-01138,Luke Estrada,luke.estrada@gmail.com,469.914.9611,Basic,Cancelled,2026-03-03,99.99
MEMBER-01139,Lisa Nelson,lisa.nelson@gmail.com,+1-768-582-7697x040,BASIC,Active,2026-04-03,59.99
MEMBER-01140,David Conway,david.conway@gmail.com,001-461-956-0783,BASIC,Frozen,2025-05-04,99.99
MEMBER-01141,Emily Stokes,emily.stokes@hotmail.com,+1-435-665-1796,Premium,Frozen,2026-02-05,29.99
MEMBER-01142,Brandon Jacobs,brandon.jacobs@yahoo.com,001-949-666-8349x604,VIP,Active,2025-01-21,-29.99
MEMBER-01143,Calvin Smith,calvin.smith@hotmail.com,516-622-5936x48820,Basic,Cancelled,2025-11-15,59.99
MEMBER-01144,Ricardo Horton,ricardo.horton@gmail.com,+1-306-824-6728x799,Premium,Cancelled,2024-10-13,59.99
MEMBER-01145,Cindy Brown,cindy.brown@yahoo.com,831-393-5923,VIP,Active,2025-03-25,29.99
MEMBER-01146,Jason Cortez,jason.cortez@gmail.com,623-604-5881x65025,Basic,Active,2025-10-15,59.99
MEMBER-01147,Duane Martinez,duane.martinez@gmail.com,(450)634-4096x61771,Premium,Active,2025-12-31,59.99
MEMBER-01148,Amanda Mullins,amanda.mullins@hotmail.com,6883067821,VIP,Frozen,2025-09-04,99.99
MEMBER-01149,Joseph Black,joseph.black@gmail.com,559.826.6486,BASIC,Active,2026-03-20,99.99
MEMBER-01150,Christine Alexander,christine.alexander@hotmail.com,(494)415-5945x0119,BASIC,Frozen,2024-11-10,59.99
MEMBER-01151,Megan Norman,megan.norman@yahoo.com,260.551.1716,BASIC,Frozen,2026-07-04,-29.99
MEMBER-01152,Caitlin Mullins,caitlin.mullins@hotmail.com,(236)853-6218x9455,,Active,2025-10-08,29.99
MEMBER-01153,Adrian Johnson,adrian.johnson@hotmail.com,+1-694-824-8942x0466,,Frozen,2025-08-27,99.99
MEMBER-01154,Tyler Williams,tyler.williams@yahoo.com,920-645-6577x580,VIP,Active,2026-05-15,-29.99
MEMBER-01155,Luis Walker,luis.walker@hotmail.com,+1-706-623-5466x226,Basic,Frozen,2024-11-07,99.99
MEMBER-01156,Daniel Chen,daniel.chen@hotmail.com,+1-453-900-6221x224,VIP,Frozen,2025-08-24,99.99
MEMBER-01157,Tamara Mendoza,tamara.mendoza@hotmail.com,346.325.9160x1124,VIP,Cancelled,2025-07-12,59.99
MEMBER-01158,Renee Christian,renee.christian@yahoo.com,+1-886-900-8017,,Cancelled,2026-04-01,29.99
MEMBER-01159,Troy Hansen,troy.hansen@gmail.com,429-895-7047,,Active,2026-06-03,99.99
MEMBER-01160,Jose Martin,jose.martin@yahoo.com,921-720-3843,Premium,Active,2025-03-22,-29.99
MEMBER-01161,Russell Horton,russell.horton@hotmail.com,(380)578-5254x8242,VIP,Frozen,2025-10-22,-29.99
MEMBER-01162,Mark King,mark.king@yahoo.com,4065445475,BASIC,Active,2026-07-14,29.99
MEMBER-01163,Nicole Rodriguez,nicole.rodriguez@gmail.com,(974)889-7917,,Cancelled,2026-05-12,99.99
MEMBER-01164,Jamie Beck,jamie.beck@hotmail.com,+1-227-220-3886x2175,Premium,Active,2026-06-10,99.99
MEMBER-01165,Melanie Lawson,melanie.lawson@yahoo.com,704.453.0693,,Frozen,2025-04-21,59.99
MEMBER-01166,Claudia Perez,claudia.perez@gmail.com,800-718-1677x8481,,Cancelled,2025-02-06,99.99
MEMBER-01167,Joshua King,joshua.king@hotmail.com,(544)960-8385x179,Basic,Active,2026-03-27,59.99
MEMBER-01168,Kristen Rodriguez,kristen.rodriguez@hotmail.com,+1-853-491-2878x84869,VIP,Cancelled,2026-08-14,99.99
MEMBER-01169,Olivia Vaughn,olivia.vaughn@gmail.com,257-392-7147x2463,Basic,Cancelled,2026-07-27,99.99
MEMBER-01170,Jessica George,jessica.george@hotmail.com,(542)342-3839x7283,Premium,Frozen,2025-01-21,-29.99
MEMBER-01171,Theresa Galloway,theresa.galloway@hotmail.com,+1-270-562-9328,VIP,Frozen,2025-02-03,99.99
MEMBER-01172,Dustin Williams,dustin.williams@gmail.com,9238200186,,Frozen,2025-07-17,-29.99
MEMBER-01173,Danny Kent,danny.kent@hotmail.com,+1-398-676-1081x4356,Basic,Active,2024-11-12,29.99
MEMBER-01174,Samantha Young,samantha.young@hotmail.com,753-619-8074x6823,,Active,2025-08-09,-29.99
MEMBER-01175,Michelle Chapman,michelle.chapman@hotmail.com,700-630-7620,Premium,Active,2025-06-08,-29.99
MEMBER-01176,Stephanie Chapman,stephanie.chapman@yahoo.com,350-306-6664,,Frozen,2024-10-06,-29.99
MEMBER-01177,Rebecca Long,rebecca.long@yahoo.com,611-934-0785x1699,Basic,Cancelled,2024-10-28,59.99
MEMBER-01178,Alexandra Smith,alexandra.smith@hotmail.com,001-836-468-3482x68999,Premium,Frozen,2025-07-24,-29.99
MEMBER-01179,Catherine Glover,catherine.glover@hotmail.com,986.388.8917,,Active,2025-07-05,59.99
MEMBER-01180,Anthony Pratt,anthony.pratt@yahoo.com,(557)419-7609,VIP,Cancelled,2024-10-13,29.99
MEMBER-01181,Sherry Anderson,sherry.anderson@hotmail.com,001-757-489-8260x41809,BASIC,Frozen,2026-09-26,59.99
MEMBER-01182,Charles Murray,charles.murray@yahoo.com,351.377.7412x74692,VIP,Active,2025-11-20,29.99
MEMBER-01183,Emily Davenport,emily.davenport@hotmail.com,(441)499-6264,BASIC,Frozen,2025-01-13,59.99
MEMBER-01184,Carrie Woods,carrie.woods@hotmail.com,001-717-604-5421,Premium,Cancelled,2025-07-12,-29.99
MEMBER-01185,Todd Conley,todd.conley@yahoo.com,(882)509-2257x09001,Basic,Cancelled,2026-09-14,-29.99
MEMBER-01186,Janet Peterson,janet.peterson@yahoo.com,4727324728,BASIC,Active,2026-08-16,-29.99
MEMBER-01187,Jennifer Cobb,jennifer.cobb@gmail.com,5173882247,BASIC,Active,2025-01-09,29.99
MEMBER-01188,Victoria Jones,victoria.jones@hotmail.com,001-450-971-0580x11950,Basic,Cancelled,2026-08-15,99.99
MEMBER-01189,Lindsay Zavala,lindsay.zavala@hotmail.com,252-461-0537,Basic,Frozen,2025-02-28,59.99
MEMBER-01190,Bradley Ford,bradley.ford@yahoo.com,001-650-707-4189,Basic,Active,2026-03-23,59.99
MEMBER-01191,Kelly Cochran,kelly.cochran@gmail.com,001-787-469-8936,Premium,Frozen,2026-01-01,99.99
MEMBER-01192,Jonathan Frye,jonathan.frye@gmail.com,(719)282-7348x13104,Premium,Active,2025-01-23,-29.99
MEMBER-01193,Michael Hoffman,michael.hoffman@hotmail.com,(432)817-4357x4835,,Frozen,2025-11-11,59.99
MEMBER-01194,Bruce Atkins,bruce.atkins@hotmail.com,(606)473-9834x48838,Basic,Active,2025-05-30,99.99
MEMBER-01195,Lauren Reyes,lauren.reyes@hotmail.com,762-980-5507x7406,VIP,Active,2026-01-20,99.99
MEMBER-01196,Matthew Miller,matthew.miller@yahoo.com,(739)320-9085,BASIC,Cancelled,2024-10-29,99.99
MEMBER-01197,Trevor Graves,trevor.graves@hotmail.com,8913311178,BASIC,Frozen,2026-01-05,59.99
MEMBER-01198,Valerie Smith,valerie.smith@yahoo.com,376-402-2069x5354,Premium,Active,2024-09-26,29.99
MEMBER-01199,Patricia Estrada,patricia.estrada@gmail.com,759.550.0260x151,Premium,Cancelled,2026-07-28,59.99
MEMBER-01200,Jennifer White,jennifer.white@yahoo.com,+1-594-479-5074x0717,Premium,Active,2025-09-21,59.99
MEMBER-01201,Brooke Williams,brooke.williams@yahoo.com,001-695-203-1006x493,Basic,Frozen,2025-03-02,29.99
MEMBER-01202,Hannah Riley,hannah.riley@gmail.com,652-303-6089x411,BASIC,Frozen,2025-03-16,29.99
MEMBER-01203,Veronica Rogers,veronica.rogers@hotmail.com,+1-828-355-3595x205,,Active,2024-10-21,29.99
MEMBER-01204,Brian Stuart,brian.stuart@hotmail.com,001-800-969-6801,Basic,Active,2025-10-01,29.99
MEMBER-01205,Jose Osborne,jose.osborne@gmail.com,284.823.3944x9530,BASIC,Active,2025-10-12,-29.99
MEMBER-01206,Stephen Blake,stephen.blake@gmail.com,850-432-5017x36542,Basic,Frozen,2025-05-06,-29.99
MEMBER-01207,Daniel Medina,daniel.medina@gmail.com,001-302-392-3345,Premium,Cancelled,2024-10-07,29.99
MEMBER-01208,Jo Johnson,jo.johnson@gmail.com,+1-460-353-0886x8430,VIP,Active,2024-12-03,29.99
MEMBER-01209,Patrick Wallace,patrick.wallace@gmail.com,+1-404-357-5988x759,,Frozen,2025-02-05,59.99
MEMBER-01210,Brittney Watkins,brittney.watkins@yahoo.com,426-303-3620x2755,BASIC,Active,2025-04-12,29.99
MEMBER-01211,Steven Ford,steven.ford@gmail.com,001-492-507-1152x380,VIP,Active,2025-08-27,29.99
MEMBER-01212,Jackie Jackson,jackie.jackson@hotmail.com,+1-321-858-1897x059,BASIC,Cancelled,2024-12-17,59.99
MEMBER-01213,Kendra Gordon,kendra.gordon@gmail.com,+1-955-988-1959,VIP,Cancelled,2025-02-03,99.99
MEMBER-01214,Jane Davis,jane.davis@hotmail.com,900.453.7893x18692,BASIC,Frozen,2026-06-12,59.99
MEMBER-01215,William Rivera,william.rivera@yahoo.com,4185227200,Basic,Active,2026-01-16,59.99
MEMBER-01216,Kelly Anderson,kelly.anderson@gmail.com,(520)441-4474,BASIC,Frozen,2026-09-14,59.99
MEMBER-01217,Kara Warren,kara.warren@gmail.com,465-299-3020,Basic,Active,2026-01-31,29.99
MEMBER-01218,Jared Williams,jared.williams@hotmail.com,001-523-222-7752x135,Basic,Active,2026-08-24,59.99
MEMBER-01219,Kimberly Anderson,kimberly.anderson@gmail.com,(950)764-6300x59377,Basic,Active,2025-08-01,29.99
MEMBER-01220,Rebecca Davis,rebecca.davis@hotmail.com,921.602.9161,VIP,Cancelled,2025-07-16,-29.99
MEMBER-01221,Michelle Williams,michelle.williams@gmail.com,001-383-810-4384,VIP,Frozen,2025-07-27,-29.99
MEMBER-01222,Francis Bradley,francis.bradley@gmail.com,767-808-0568,Basic,Active,2026-07-11,59.99
MEMBER-01223,Tara Long,tara.long@gmail.com,(636)621-9865x5049,Basic,Frozen,2025-05-17,99.99
MEMBER-01224,Diana Alexander,diana.alexander@yahoo.com,(434)993-3965x0496,VIP,Active,2025-02-20,29.99
MEMBER-01225,David Jackson,david.jackson@gmail.com,(311)242-4362x58542,Basic,Active,2025-11-14,29.99
MEMBER-01226,Jessica Avery,jessica.avery@hotmail.com,+1-591-796-2341x99643,Premium,Cancelled,2026-06-13,99.99
MEMBER-01227,John Anderson,john.anderson@yahoo.com,525.305.8333x430,VIP,Active,2024-11-26,99.99
MEMBER-01228,Jasmine Diaz,jasmine.diaz@hotmail.com,876.605.4576x94757,Basic,Frozen,2026-04-09,99.99
MEMBER-01229,Kelsey Valenzuela,kelsey.valenzuela@hotmail.com,335-836-5974x66986,Premium,Active,2025-03-07,-29.99
MEMBER-01230,Rebecca Martinez,rebecca.martinez@gmail.com,845-408-0959x48152,BASIC,Active,2025-06-03,99.99
MEMBER-01231,Kristin Watson,kristin.watson@yahoo.com,(347)621-3074x2359,BASIC,Active,2025-02-14,-29.99
MEMBER-01232,Paul Fitzpatrick,paul.fitzpatrick@yahoo.com,6487933261,Premium,Active,2026-08-15,59.99
MEMBER-01233,Kyle Higgins,kyle.higgins@gmail.com,796.437.3100x817,Basic,Cancelled,2025-01-14,29.99
MEMBER-01234,Sarah Miller,sarah.miller@hotmail.com,+1-671-484-5235,BASIC,Active,2025-08-28,-29.99
MEMBER-01235,Pamela Wagner,pamela.wagner@yahoo.com,447-501-7320x865,Premium,Active,2026-08-29,99.99
MEMBER-01236,Sean Chavez,sean.chavez@hotmail.com,(965)363-3701x40052,,Active,2024-10-15,59.99
MEMBER-01237,Sara Richardson,sara.richardson@hotmail.com,300.802.7221x42573,BASIC,Active,2024-10-16,29.99
MEMBER-01238,Cassandra Perez,cassandra.perez@hotmail.com,001-813-768-1720x313,BASIC,Active,2025-06-25,29.99
MEMBER-01239,Jenna Holmes,jenna.holmes@yahoo.com,(709)729-7352,Basic,Frozen,2026-06-30,99.99
MEMBER-01240,Patricia Hopkins,patricia.hopkins@gmail.com,422.227.3938,Basic,Cancelled,2025-05-07,99.99
MEMBER-01241,Michael Wells,michael.wells@hotmail.com,753.223.6618,,Active,2025-09-25,-29.99
MEMBER-01242,Randy Solomon,randy.solomon@hotmail.com,208.326.9718x236,Premium,Active,2024-10-06,99.99
MEMBER-01243,Travis Moore,travis.moore@gmail.com,(883)988-2176x484,BASIC,Cancelled,2025-02-28,29.99
MEMBER-01244,Mark Molina,mark.molina@gmail.com,(633)622-2801,Basic,Cancelled,2025-01-23,-29.99
MEMBER-01245,Michael Mooney,michael.mooney@hotmail.com,001-722-525-6062,BASIC,Cancelled,2025-07-11,29.99
MEMBER-01246,Diana Mccullough,diana.mccullough@gmail.com,+1-273-911-8046x7413,BASIC,Frozen,2026-02-27,59.99
MEMBER-01247,Leslie Gates,leslie.gates@yahoo.com,001-818-552-0136x26084,VIP,Frozen,2025-12-13,29.99
MEMBER-01248,Maria Wells,maria.wells@yahoo.com,(715)347-0554x9121,,Cancelled,2025-08-24,-29.99
MEMBER-01249,Tiffany Adams,tiffany.adams@gmail.com,001-855-564-0919,BASIC,Cancelled,2025-12-28,29.99
MEMBER-01250,Manuel Payne,manuel.payne@yahoo.com,(407)202-0426,BASIC,Active,2024-11-20,-29.99
MEMBER-01251,Cindy Pearson,cindy.pearson@gmail.com,(812)941-3936,Basic,Active,2025-11-13,-29.99
MEMBER-01252,Ashley Gibson,ashley.gibson@gmail.com,001-587-331-2677,VIP,Active,2026-06-07,-29.99
MEMBER-01253,Carolyn Townsend,carolyn.townsend@gmail.com,760.575.9889x786,Basic,Active,2026-07-10,-29.99
MEMBER-01254,Dana Clark,dana.clark@hotmail.com,+1-794-431-9165x43089,BASIC,Active,2025-03-26,29.99
MEMBER-01255,David Williams,david.williams@gmail.com,001-915-605-7644,Basic,Frozen,2025-10-03,59.99
MEMBER-01256,Adam Williams,adam.williams@gmail.com,(987)664-4867x64979,BASIC,Frozen,2026-08-14,99.99
MEMBER-01257,Shelley Barnes,shelley.barnes@gmail.com,(956)504-5006x3553,Basic,Cancelled,2024-10-25,-29.99
MEMBER-01258,Brianna Hughes,brianna.hughes@yahoo.com,001-769-427-7119,VIP,Active,2025-12-12,99.99
MEMBER-01259,Heather Walker,heather.walker@gmail.com,4594702551,BASIC,Active,2025-09-20,29.99
MEMBER-01260,Robert Clark,robert.clark@yahoo.com,715.894.8989,Premium,Active,2025-06-23,99.99
MEMBER-01261,Sandra Gutierrez,sandra.gutierrez@yahoo.com,645.344.3441,VIP,Frozen,2025-07-30,99.99
MEMBER-01262,Ashley Munoz,ashley.munoz@gmail.com,001-493-444-9743x94640,Basic,Active,2025-03-19,59.99
MEMBER-01263,Brandon Murphy,brandon.murphy@yahoo.com,(397)539-8894,BASIC,Cancelled,2025-01-26,-29.99
MEMBER-01264,Dale Smith,dale.smith@hotmail.com,520.621.7075x485,Basic,Frozen,2026-01-28,59.99
MEMBER-01265,Jenna Gutierrez,jenna.gutierrez@yahoo.com,892.320.3004x4964,Premium,Active,2025-01-19,-29.99
MEMBER-01266,Jennifer Walker,jennifer.walker@gmail.com,8257121375,Premium,Active,2025-11-10,59.99
MEMBER-01267,Jasmine Myers,jasmine.myers@yahoo.com,001-557-308-6199,VIP,Active,2025-04-16,-29.99
MEMBER-01268,Janice Tran,janice.tran@gmail.com,556-663-1138x850,Basic,Active,2026-08-18,-29.99
MEMBER-01269,Isaiah Poole,isaiah.poole@gmail.com,+1-620-533-4742x46310,BASIC,Cancelled,2026-02-23,-29.99
MEMBER-01270,Shannon Riley,shannon.riley@hotmail.com,001-468-300-8529x4690,Basic,Active,2026-02-10,-29.99
MEMBER-01271,Elaine Freeman,elaine.freeman@yahoo.com,474-530-4350,,Active,2025-11-16,59.99
MEMBER-01272,Laura Davenport,laura.davenport@gmail.com,(928)794-6652,,Cancelled,2026-04-15,59.99
MEMBER-01273,Monica Nielsen,monica.nielsen@gmail.com,232.482.9302,Basic,Active,2025-06-09,99.99
MEMBER-01274,Richard Frey,richard.frey@gmail.com,903.303.3467,,Active,2026-04-19,-29.99
MEMBER-01275,Heather Santiago,heather.santiago@yahoo.com,250.476.2799x553,,Cancelled,2025-04-29,99.99
MEMBER-01276,Darlene Clark,darlene.clark@gmail.com,(539)684-7230,BASIC,Frozen,2026-04-05,99.99
MEMBER-01277,Samantha Sparks,samantha.sparks@gmail.com,(484)471-9017,BASIC,Cancelled,2026-02-22,59.99
MEMBER-01278,Laura Carter,laura.carter@yahoo.com,7766487177,BASIC,Frozen,2025-08-13,99.99
MEMBER-01279,Daniel Buchanan,daniel.buchanan@hotmail.com,(440)965-8387,,Cancelled,2026-01-27,59.99
MEMBER-01280,Eddie Wagner,eddie.wagner@gmail.com,(625)690-9566,Premium,Frozen,2026-09-06,99.99
MEMBER-01281,William Stevenson,william.stevenson@gmail.com,933.279.1212x1101,Premium,Cancelled,2025-03-28,99.99
MEMBER-01282,Heidi Haas,heidi.haas@hotmail.com,(690)717-0740x39251,Basic,Frozen,2025-02-11,-29.99
MEMBER-01283,Carly Moss,carly.moss@gmail.com,412.222.7643x3872,,Active,2025-07-03,99.99
MEMBER-01284,Mercedes Hernandez,mercedes.hernandez@gmail.com,(626)654-9633x0833,BASIC,Active,2025-05-18,29.99
MEMBER-01285,Scott Stein,scott.stein@gmail.com,288-778-9950x4702,Basic,Active,2026-01-15,59.99
MEMBER-01286,Felicia Cannon,felicia.cannon@hotmail.com,(519)453-7749x266,Basic,Active,2026-08-08,59.99
MEMBER-01287,Carla Stewart,carla.stewart@gmail.com,827-377-5225x920,VIP,Cancelled,2026-08-15,99.99
MEMBER-01288,Reginald Daniels,reginald.daniels@gmail.com,+1-820-559-2294x115,VIP,Cancelled,2024-10-28,29.99
MEMBER-01289,Edward Stewart,edward.stewart@hotmail.com,001-496-236-3726x294,VIP,Cancelled,2025-08-27,29.99
MEMBER-01290,Nicholas Rogers,nicholas.rogers@yahoo.com,+1-280-685-1331x380,VIP,Active,2025-12-15,29.99
MEMBER-01291,Amanda Rosales,amanda.rosales@hotmail.com,(611)322-1215,,Cancelled,2026-04-01,-29.99
MEMBER-01292,Nathan Hernandez,nathan.hernandez@yahoo.com,+1-368-776-4019,Premium,Frozen,2025-04-17,29.99
MEMBER-01293,Angela Brown,angela.brown@yahoo.com,720-706-2987x7873,BASIC,Active,2026-05-21,-29.99
MEMBER-01294,Jillian Hughes,jillian.hughes@yahoo.com,864-419-6234x2192,VIP,Active,2025-02-12,29.99
MEMBER-01295,Charles White,charles.white@yahoo.com,001-310-342-9483x147,VIP,Cancelled,2025-09-26,-29.99
MEMBER-01296,Michelle Griffin,michelle.griffin@yahoo.com,001-599-394-9812,Premium,Frozen,2026-04-20,59.99
MEMBER-01297,Andrea Brown,andrea.brown@yahoo.com,(860)520-0053x28538,Premium,Frozen,2026-08-05,-29.99
MEMBER-01298,Cole Morris,cole.morris@gmail.com,224-238-3805x82692,Premium,Active,2025-09-11,59.99
MEMBER-01299,Raymond Terry,raymond.terry@gmail.com,963.832.8389x633,Premium,Active,2026-08-26,-29.99
MEMBER-01300,Julie Wagner,julie.wagner@hotmail.com,686-326-7136,Basic,Active,2024-09-26,99.99
MEMBER-01301,Teresa Lee,teresa.lee@hotmail.com,323.939.2188x35279,,Frozen,2025-06-05,59.99
MEMBER-01302,Jeanette Duran,jeanette.duran@hotmail.com,4672761065,Premium,Frozen,2026-02-01,29.99
MEMBER-01303,Rachel Medina,rachel.medina@gmail.com,+1-343-719-2797x6178,VIP,Active,2025-12-30,59.99
MEMBER-01304,Robert Castaneda,robert.castaneda@hotmail.com,884.757.2026,Basic,Cancelled,2026-03-20,99.99
MEMBER-01305,Stephanie Ross,stephanie.ross@yahoo.com,001-429-759-1257x34989,,Active,2025-06-06,99.99
MEMBER-01306,Jeffrey Nelson,jeffrey.nelson@yahoo.com,+1-807-842-9907x4729,BASIC,Frozen,2025-12-28,29.99
MEMBER-01307,Vanessa Torres,vanessa.torres@yahoo.com,001-996-670-8089,VIP,Cancelled,2026-03-12,59.99
MEMBER-01308,Erin Scott,erin.scott@yahoo.com,+1-999-546-4183x98416,,Active,2025-05-08,59.99
MEMBER-01309,Mary Stone,mary.stone@hotmail.com,736-298-8164x98044,BASIC,Active,2026-06-03,29.99
MEMBER-01310,Cassidy Bates,cassidy.bates@hotmail.com,(605)221-0262x7066,VIP,Cancelled,2024-10-10,59.99
MEMBER-01311,Mary White,mary.white@hotmail.com,758-913-0889x830,VIP,Frozen,2025-05-20,99.99
MEMBER-01312,Elizabeth Fernandez,elizabeth.fernandez@gmail.com,+1-797-241-8563x027,VIP,Cancelled,2024-11-01,-29.99
MEMBER-01313,Aaron Williams,aaron.williams@yahoo.com,001-666-519-9530x5641,,Active,2026-06-29,29.99
MEMBER-01314,Samuel Weaver,samuel.weaver@yahoo.com,(379)508-7018x72600,VIP,Active,2025-08-24,59.99
MEMBER-01315,Nathan Watts,nathan.watts@gmail.com,844.944.2990,,Cancelled,2025-04-27,29.99
MEMBER-01316,Elizabeth Blevins,elizabeth.blevins@hotmail.com,(852)940-6221x5599,VIP,Active,2025-01-10,29.99
MEMBER-01317,Leslie Coleman,leslie.coleman@gmail.com,(921)290-5334,BASIC,Frozen,2025-04-14,99.99
MEMBER-01318,Victor Castillo,victor.castillo@yahoo.com,584-755-9396x5213,Basic,Frozen,2024-09-30,-29.99
MEMBER-01319,Tracy Miller,tracy.miller@gmail.com,355-331-2900x3622,BASIC,Active,2026-09-17,99.99
MEMBER-01320,Jennifer Kennedy,jennifer.kennedy@hotmail.com,(777)726-4883,Premium,Frozen,2026-04-02,29.99
MEMBER-01321,Emily Spencer,emily.spencer@gmail.com,(394)725-2516,Basic,Cancelled,2025-10-11,29.99
MEMBER-01322,Micheal Miller,micheal.miller@gmail.com,6509805491,Basic,Cancelled,2025-09-13,59.99
MEMBER-01323,Kyle Ruiz,kyle.ruiz@yahoo.com,+1-635-924-7841x7159,BASIC,Active,2025-02-27,59.99
MEMBER-01324,Jordan Boone,jordan.boone@hotmail.com,505.337.8803,,Active,2025-11-11,29.99
MEMBER-01325,Jeff Miller,jeff.miller@gmail.com,001-433-389-2608x788,Premium,Active,2025-06-26,-29.99
MEMBER-01326,Laura Castillo,laura.castillo@yahoo.com,404.386.2515,VIP,Active,2025-09-06,29.99
MEMBER-01327,Heather Ortiz,heather.ortiz@hotmail.com,353.778.0189,Basic,Active,2025-08-21,59.99
MEMBER-01328,Gina Lopez,gina.lopez@yahoo.com,(571)877-6296x9143,VIP,Active,2025-01-10,59.99
MEMBER-01329,Briana Johnston,briana.johnston@yahoo.com,+1-764-950-9999x0010,VIP,Active,2025-03-21,-29.99
MEMBER-01330,Barbara Schmidt,barbara.schmidt@gmail.com,+1-652-611-8968x44246,BASIC,Active,2026-01-19,-29.99
MEMBER-01331,Karen Santana,karen.santana@hotmail.com,+1-479-357-2857x595,VIP,Active,2026-07-12,-29.99
MEMBER-01332,Brittany White,brittany.white@gmail.com,997.389.1248x839,Basic,Active,2025-09-19,29.99
MEMBER-01333,Alexis Murphy,alexis.murphy@hotmail.com,344.451.4367x28681,,Active,2026-04-12,29.99
MEMBER-01334,Jeff Johnson,jeff.johnson@hotmail.com,256.281.1939x78145,VIP,Active,2026-04-22,99.99
MEMBER-01335,Laura Douglas,laura.douglas@hotmail.com,001-421-877-9055,VIP,Active,2026-09-14,99.99
MEMBER-01336,Rodney Clark,rodney.clark@yahoo.com,458-880-7053,BASIC,Active,2024-10-11,-29.99
MEMBER-01337,Julie Martinez,julie.martinez@hotmail.com,691.403.8297,Basic,Active,2026-02-10,59.99
MEMBER-01338,Michelle Bailey,michelle.bailey@gmail.com,001-760-290-8581x8104,,Cancelled,2026-08-09,59.99
MEMBER-01339,Derek Lewis,derek.lewis@yahoo.com,461.958.7366,BASIC,Frozen,2024-11-26,59.99
MEMBER-01340,Jay Bailey,jay.bailey@hotmail.com,+1-769-833-5390x058,VIP,Frozen,2024-12-05,29.99
MEMBER-01341,Michael Sosa,michael.sosa@yahoo.com,+1-331-856-6397x92551,,Cancelled,2025-05-09,29.99
MEMBER-01342,John Huber,john.huber@hotmail.com,4288377270,Basic,Active,2026-05-13,-29.99
MEMBER-01343,Debra Ortiz,debra.ortiz@yahoo.com,842.381.6441,,Active,2024-10-23,99.99
MEMBER-01344,Patricia Hanson,patricia.hanson@hotmail.com,553.258.4640x510,Premium,Frozen,2025-01-09,59.99
MEMBER-01345,Tracy Lewis,tracy.lewis@yahoo.com,(676)636-2814,BASIC,Cancelled,2025-09-13,59.99
MEMBER-01346,Darren Fischer,darren.fischer@gmail.com,001-953-809-6906,Premium,Cancelled,2025-04-16,99.99
MEMBER-01347,Heather Valencia,heather.valencia@hotmail.com,+1-709-722-8849x874,Premium,Active,2024-12-21,59.99
MEMBER-01348,Melissa Young,melissa.young@yahoo.com,+1-872-371-7430,,Active,2026-05-31,-29.99
MEMBER-01349,Daniel Reyes,daniel.reyes@yahoo.com,001-903-743-9881x87387,,Active,2025-10-28,99.99
MEMBER-01350,Jeffrey Young,jeffrey.young@yahoo.com,577-804-1309x0915,Basic,Frozen,2024-10-14,29.99
MEMBER-01351,Jacob Anderson,jacob.anderson@gmail.com,(942)904-1231x905,Premium,Active,2025-01-08,99.99
MEMBER-01352,Adrian Chang,adrian.chang@gmail.com,6077941932,VIP,Cancelled,2026-05-25,59.99
MEMBER-01353,John Pierce,john.pierce@gmail.com,9972941224,Basic,Frozen,2025-12-26,29.99
MEMBER-01354,Jessica Grant,jessica.grant@gmail.com,001-464-696-3225x1742,Premium,Frozen,2024-10-06,-29.99
MEMBER-01355,Joseph Wu,joseph.wu@hotmail.com,+1-832-361-1890x03468,BASIC,Frozen,2026-03-14,99.99
MEMBER-01356,Patrick Williams,patrick.williams@gmail.com,(786)572-0200,,Cancelled,2025-07-26,99.99
MEMBER-01357,Patricia Gutierrez,patricia.gutierrez@gmail.com,795-936-8900,VIP,Active,2025-09-30,59.99
MEMBER-01358,Cassidy Johnson,cassidy.johnson@gmail.com,232.959.0073x9713,Basic,Frozen,2025-02-06,59.99
MEMBER-01359,Ethan Rodriguez,ethan.rodriguez@hotmail.com,(790)687-1672x2104,Premium,Active,2026-04-26,99.99
MEMBER-01360,Rick Rodriguez,rick.rodriguez@yahoo.com,692-581-7074,VIP,Cancelled,2025-08-08,99.99
MEMBER-01361,Brian Good,brian.good@gmail.com,001-644-322-5216x02523,BASIC,Active,2025-01-14,-29.99
MEMBER-01362,Stephanie Sloan,stephanie.sloan@hotmail.com,001-809-744-7726x9032,VIP,Frozen,2025-05-29,-29.99
MEMBER-01363,Cody Leblanc,cody.leblanc@yahoo.com,(317)894-8024x55985,,Active,2024-10-24,59.99
MEMBER-01364,David Rodriguez,david.rodriguez@hotmail.com,658-891-2686,,Active,2025-04-12,99.99
MEMBER-01365,Timothy Patterson,timothy.patterson@hotmail.com,+1-262-537-6008x84474,Premium,Cancelled,2025-09-01,99.99
MEMBER-01366,Lori Grant,lori.grant@gmail.com,001-319-807-4992,Basic,Active,2025-05-17,29.99
MEMBER-01367,Bradley Powell,bradley.powell@hotmail.com,001-883-669-2353x4848,,Active,2025-09-09,-29.99
MEMBER-01368,Shirley Williams,shirley.williams@gmail.com,439-286-5462,,Cancelled,2025-02-03,29.99
MEMBER-01369,Cameron Jackson,cameron.jackson@hotmail.com,001-872-505-5033x0000,,Frozen,2026-06-04,-29.99
MEMBER-01370,Kelly Klein,kelly.klein@yahoo.com,339.619.0088x991,Premium,Frozen,2024-12-27,-29.99
MEMBER-01371,Richard Smith,richard.smith@hotmail.com,969-223-2737,Premium,Frozen,2025-07-24,59.99
MEMBER-01372,Alan Pope,alan.pope@yahoo.com,681-586-7463x0009,BASIC,Active,2025-04-07,-29.99
MEMBER-01373,Ryan Zamora,ryan.zamora@hotmail.com,771.618.1519,VIP,Active,2025-06-09,59.99
MEMBER-01374,Walter Malone,walter.malone@yahoo.com,(503)640-1535,,Cancelled,2025-08-12,59.99
MEMBER-01375,Robert Griffin,robert.griffin@yahoo.com,001-999-444-9466,BASIC,Cancelled,2026-04-05,59.99
MEMBER-01376,Brian Brown,brian.brown@gmail.com,602-281-8223x879,,Cancelled,2025-01-19,-29.99
MEMBER-01377,Susan Myers,susan.myers@gmail.com,458.517.4527x35364,VIP,Active,2025-06-20,59.99
MEMBER-01378,Wendy Smith,wendy.smith@yahoo.com,329-818-2851,BASIC,Cancelled,2026-09-24,29.99
MEMBER-01379,Chad Thompson,chad.thompson@hotmail.com,659-804-6100x79230,VIP,Frozen,2025-08-09,59.99
MEMBER-01380,Andrew Miller,andrew.miller@hotmail.com,482.871.0123,Basic,Cancelled,2024-11-18,99.99
MEMBER-01381,Michael Martinez,michael.martinez@hotmail.com,285-607-6653x446,BASIC,Active,2026-02-16,-29.99
MEMBER-01382,Gregory Thomas,gregory.thomas@yahoo.com,(634)960-1915x30573,Basic,Active,2026-07-14,99.99
MEMBER-01383,Eduardo Young,eduardo.young@hotmail.com,(217)868-2251x27267,Basic,Frozen,2026-07-16,99.99
MEMBER-01384,Robert Lamb,robert.lamb@yahoo.com,001-662-624-1976x878,,Cancelled,2025-09-28,-29.99
MEMBER-01385,Stuart Miller,stuart.miller@gmail.com,001-603-950-0618,BASIC,Frozen,2025-05-18,29.99
MEMBER-01386,Teresa Martinez,teresa.martinez@yahoo.com,734-804-6682x121,,Frozen,2026-07-13,-29.99
MEMBER-01387,Johnny Rodgers,johnny.rodgers@yahoo.com,(354)392-0644,Premium,Active,2024-12-13,99.99
MEMBER-01388,Ellen Salazar,ellen.salazar@gmail.com,+1-581-682-7306,VIP,Active,2025-03-20,-29.99
MEMBER-01389,Matthew Willis,matthew.willis@yahoo.com,282.718.8496x80664,,Active,2026-07-15,59.99
MEMBER-01390,Corey Garcia,corey.garcia@gmail.com,(512)254-3412,BASIC,Cancelled,2024-12-27,59.99
MEMBER-01391,Jeanette Williams,jeanette.williams@hotmail.com,001-486-203-7218x6003,Basic,Frozen,2026-03-22,59.99
MEMBER-01392,James Wheeler,james.wheeler@hotmail.com,001-599-601-1400,Premium,Cancelled,2026-09-09,59.99
MEMBER-01393,Sharon Li,sharon.li@gmail.com,871-497-8601,VIP,Active,2026-05-09,59.99
MEMBER-01394,Vanessa Kelly,vanessa.kelly@hotmail.com,+1-308-341-9478x550,BASIC,Frozen,2025-03-05,29.99
MEMBER-01395,Susan Peterson,susan.peterson@yahoo.com,221.507.2887x80727,BASIC,Active,2025-09-24,-29.99
MEMBER-01396,Daniel Perry,daniel.perry@yahoo.com,8886197223,Premium,Cancelled,2025-10-04,-29.99
MEMBER-01397,Tracy Martinez,tracy.martinez@gmail.com,753.707.6810x2480,Basic,Cancelled,2025-09-22,29.99
MEMBER-01398,Michelle Mason,michelle.mason@gmail.com,(344)832-3622,Premium,Cancelled,2025-12-24,59.99
MEMBER-01399,Benjamin Holder,benjamin.holder@hotmail.com,+1-368-557-4670x67516,,Active,2025-12-18,59.99
MEMBER-01400,Melissa Rocha,melissa.rocha@yahoo.com,001-921-250-1642x610,Basic,Cancelled,2025-03-14,99.99
MEMBER-01401,James Williams,james.williams@hotmail.com,342.543.1983x92484,Premium,Active,2024-10-14,29.99
MEMBER-01402,Alejandro Durham,alejandro.durham@hotmail.com,(891)605-3021x51675,VIP,Active,2025-08-06,59.99
MEMBER-01403,Jennifer Sanchez,jennifer.sanchez@hotmail.com,+1-953-848-1105x014,BASIC,Active,2025-04-15,-29.99
MEMBER-01404,Kayla Moore,kayla.moore@hotmail.com,001-361-457-3855,Premium,Cancelled,2025-11-24,-29.99
MEMBER-01405,Kaylee Bullock,kaylee.bullock@yahoo.com,812-239-5978x15542,,Cancelled,2026-05-11,59.99
MEMBER-01406,Emily George,emily.george@gmail.com,860.924.4654,,Frozen,2025-09-24,59.99
MEMBER-01407,Donald Howard,donald.howard@yahoo.com,807-630-8715,VIP,Active,2026-05-05,29.99
MEMBER-01408,Denise Schmidt,denise.schmidt@hotmail.com,001-637-303-1754x38027,Premium,Active,2026-07-10,-29.99
MEMBER-01409,Kevin Bradford,kevin.bradford@hotmail.com,426.902.9254x686,Premium,Active,2025-02-17,29.99
MEMBER-01410,Angela Bass,angela.bass@gmail.com,566.742.0763x271,Premium,Active,2025-03-06,59.99
MEMBER-01411,Jessica Rasmussen,jessica.rasmussen@yahoo.com,862.259.2386x8790,,Active,2026-06-07,59.99
MEMBER-01412,Jose Sellers,jose.sellers@hotmail.com,(493)920-5534x0508,BASIC,Active,2025-02-28,29.99
MEMBER-01413,Becky Harmon,becky.harmon@yahoo.com,+1-976-940-5356x707,Basic,Active,2026-04-01,59.99
MEMBER-01414,Matthew Scott,matthew.scott@yahoo.com,590-838-4227,,Active,2026-05-01,-29.99
MEMBER-01415,Mary Gibson,mary.gibson@gmail.com,(902)722-7111,,Active,2026-02-13,99.99
MEMBER-01416,Olivia Simmons,olivia.simmons@gmail.com,816.520.4298x5144,Basic,Active,2024-10-21,59.99
MEMBER-01417,Nicholas Case,nicholas.case@yahoo.com,001-203-392-2026,BASIC,Active,2026-08-18,99.99
MEMBER-01418,Joseph Gregory,joseph.gregory@yahoo.com,510.968.0177x0316,,Active,2026-08-16,-29.99
MEMBER-01419,Kimberly Beasley,kimberly.beasley@hotmail.com,4046933267,Premium,Frozen,2026-09-08,-29.99
MEMBER-01420,Joshua Lane,joshua.lane@gmail.com,229.847.6380x839,Premium,Active,2026-05-06,99.99
MEMBER-01421,Sarah Green,sarah.green@gmail.com,(499)985-1939x327,,Active,2025-02-12,99.99
MEMBER-01422,Amber Miller,amber.miller@hotmail.com,463-850-4960,Premium,Active,2026-04-07,29.99
MEMBER-01423,Robert Foster,robert.foster@yahoo.com,(672)784-5397,,Active,2024-10-14,29.99
MEMBER-01424,Shawn Smith,shawn.smith@hotmail.com,(440)267-5602x08019,BASIC,Cancelled,2025-02-01,99.99
MEMBER-01425,Jacob Jones,jacob.jones@yahoo.com,001-743-590-4489x09322,BASIC,Frozen,2025-04-06,29.99
MEMBER-01426,Jamie Smith,jamie.smith@gmail.com,351.502.5550,Premium,Active,2025-06-15,99.99
MEMBER-01427,Justin Hogan,justin.hogan@hotmail.com,5365988843,VIP,Active,2025-02-22,99.99
MEMBER-01428,Nancy Phillips,nancy.phillips@gmail.com,(429)662-0805x9831,,Frozen,2026-05-03,-29.99
MEMBER-01429,Joseph Martin,joseph.martin@hotmail.com,4752965999,Premium,Active,2024-12-26,-29.99
MEMBER-01430,Douglas Rasmussen,douglas.rasmussen@yahoo.com,317.274.9542,Premium,Frozen,2025-07-21,-29.99
MEMBER-01431,Ian Hampton,ian.hampton@yahoo.com,+1-319-537-5919x2267,VIP,Frozen,2024-12-12,99.99
MEMBER-01432,Timothy Hall,timothy.hall@yahoo.com,(864)375-2864,BASIC,Cancelled,2026-08-23,29.99
MEMBER-01433,Rebecca Haynes,rebecca.haynes@hotmail.com,(217)530-0992x84524,Premium,Active,2025-02-02,59.99
MEMBER-01434,Janet Brown,janet.brown@hotmail.com,355.305.1432,Basic,Cancelled,2025-05-16,-29.99
MEMBER-01435,John Skinner,john.skinner@hotmail.com,479.372.4792x542,VIP,Active,2025-10-20,59.99
MEMBER-01436,Amy Erickson,amy.erickson@yahoo.com,+1-958-819-2048x7706,BASIC,Active,2026-07-02,29.99
MEMBER-01437,Autumn Nixon,autumn.nixon@gmail.com,001-629-898-6515x90257,Premium,Active,2025-04-27,-29.99
MEMBER-01438,Brian Meyer,brian.meyer@hotmail.com,658.883.8256x72620,Basic,Active,2025-10-05,99.99
MEMBER-01439,David Silva,david.silva@gmail.com,(443)755-1962x822,Premium,Frozen,2024-10-02,29.99
MEMBER-01440,Kari Ferguson,kari.ferguson@yahoo.com,001-362-447-2863x9420,,Active,2026-06-03,-29.99
MEMBER-01441,Francisco Weeks,francisco.weeks@gmail.com,499-829-0096x6270,BASIC,Frozen,2025-08-01,29.99
MEMBER-01442,Aaron Sellers,aaron.sellers@yahoo.com,2952632174,Premium,Active,2026-04-06,-29.99
MEMBER-01443,Jesse Jones,jesse.jones@hotmail.com,001-319-333-5389x22247,Basic,Cancelled,2025-12-29,99.99
MEMBER-01444,Jeffrey Phelps,jeffrey.phelps@hotmail.com,8606827705,Premium,Active,2025-08-02,59.99
MEMBER-01445,Daniel Cohen,daniel.cohen@yahoo.com,2762264385,,Cancelled,2025-12-14,29.99
MEMBER-01446,Mark Ford,mark.ford@gmail.com,261-676-2313x361,VIP,Cancelled,2025-05-03,29.99
MEMBER-01447,Jennifer Hanna,jennifer.hanna@yahoo.com,(931)465-4413,Premium,Active,2025-09-21,99.99
MEMBER-01448,Terry Jacobson,terry.jacobson@hotmail.com,(676)806-3494x290,BASIC,Frozen,2026-06-16,-29.99
MEMBER-01449,Chad Murphy,chad.murphy@yahoo.com,588-470-1799,BASIC,Cancelled,2025-05-16,29.99
MEMBER-01450,Heidi Williams,heidi.williams@gmail.com,883-774-4417x2345,Basic,Active,2026-06-06,99.99
MEMBER-01451,James Holloway,james.holloway@hotmail.com,879-202-5485x362,,Frozen,2025-05-02,99.99
MEMBER-01452,Haley Thompson,haley.thompson@hotmail.com,(341)800-9538x55742,VIP,Cancelled,2026-04-12,59.99
MEMBER-01453,Joshua Morris,joshua.morris@hotmail.com,+1-900-893-7814x604,BASIC,Active,2026-04-21,29.99
MEMBER-01454,Clifford Walker,clifford.walker@hotmail.com,844.937.0661x87564,VIP,Cancelled,2025-01-06,-29.99
MEMBER-01455,Erin Hughes,erin.hughes@gmail.com,(481)954-1858x9900,,Active,2025-09-30,29.99
MEMBER-01456,Sandra Jackson,sandra.jackson@gmail.com,6845507860,,Frozen,2025-07-05,99.99
MEMBER-01457,Robert Khan,robert.khan@gmail.com,903-537-4698x33067,Basic,Frozen,2024-10-13,99.99
MEMBER-01458,Lisa Ruiz,lisa.ruiz@gmail.com,+1-322-226-6794,BASIC,Active,2026-05-17,-29.99
MEMBER-01459,William Romero,william.romero@hotmail.com,(453)985-9067x39634,Premium,Frozen,2025-08-02,-29.99
MEMBER-01460,Andrew Anthony,andrew.anthony@hotmail.com,804-992-2170x48618,BASIC,Active,2024-10-19,-29.99
MEMBER-01461,Richard Harris,richard.harris@gmail.com,001-416-929-0739x92891,Basic,Frozen,2024-12-28,29.99
MEMBER-01462,Anna Barnes,anna.barnes@yahoo.com,001-633-471-7086x49426,BASIC,Cancelled,2024-10-19,59.99
MEMBER-01463,Jamie Dominguez,jamie.dominguez@hotmail.com,+1-931-235-4901x45996,VIP,Active,2025-07-18,99.99
MEMBER-01464,Carol Brown,carol.brown@yahoo.com,+1-673-505-4982,,Active,2025-12-06,99.99
MEMBER-01465,Rita Newton,rita.newton@yahoo.com,+1-630-521-7816x78066,Premium,Frozen,2026-03-06,29.99
MEMBER-01466,Daniel Ware,daniel.ware@hotmail.com,001-701-264-9281,BASIC,Frozen,2025-02-28,29.99
MEMBER-01467,Sheila Hampton,sheila.hampton@gmail.com,209.326.4070x3088,,Cancelled,2025-09-13,-29.99
MEMBER-01468,Erik Hernandez,erik.hernandez@gmail.com,+1-768-424-4850x072,VIP,Frozen,2026-02-06,59.99
MEMBER-01469,Deborah Welch,deborah.welch@gmail.com,368-406-9196,,Frozen,2026-06-09,59.99
MEMBER-01470,Thomas Myers,thomas.myers@gmail.com,+1-208-420-3917,Premium,Active,2026-09-12,59.99
MEMBER-01471,Robert Chambers,robert.chambers@yahoo.com,343-459-6245x870,Premium,Cancelled,2024-10-04,99.99
MEMBER-01472,Jill Phillips,jill.phillips@hotmail.com,+1-724-525-3690x91237,Premium,Cancelled,2024-10-02,59.99
MEMBER-01473,Ian Blankenship,ian.blankenship@hotmail.com,760.439.6702x436,Premium,Frozen,2026-07-13,59.99
MEMBER-01474,Kathy Norris,kathy.norris@gmail.com,(553)864-8187x540,Basic,Active,2026-06-30,29.99
MEMBER-01475,Jacqueline Pittman,jacqueline.pittman@hotmail.com,+1-721-659-7738,BASIC,Active,2026-09-25,29.99
MEMBER-01476,Jennifer Jenkins,jennifer.jenkins@gmail.com,(836)606-6799,BASIC,Frozen,2025-12-24,99.99
MEMBER-01477,Charles Watson,charles.watson@yahoo.com,001-872-420-4298,BASIC,Frozen,2025-02-01,-29.99
MEMBER-01478,Susan Elliott,susan.elliott@gmail.com,4665617996,Premium,Frozen,2026-08-20,-29.99
MEMBER-01479,Melvin Bishop,melvin.bishop@hotmail.com,+1-929-998-3358x768,Premium,Cancelled,2025-09-11,29.99
MEMBER-01480,Cheryl Watson,cheryl.watson@yahoo.com,6415348208,,Active,2024-12-09,-29.99
MEMBER-01481,Mark Morrison,mark.morrison@hotmail.com,391.622.6000,,Active,2025-05-15,99.99
MEMBER-01482,Brandon Werner,brandon.werner@hotmail.com,662.391.4304x913,BASIC,Cancelled,2024-10-08,-29.99
MEMBER-01483,James Cain,james.cain@yahoo.com,428-672-0998x65642,Basic,Active,2026-09-01,99.99
MEMBER-01484,Alexander Oliver,alexander.oliver@hotmail.com,+1-320-682-3530x9766,Basic,Active,2025-12-03,59.99
MEMBER-01485,Rebecca Morales,rebecca.morales@hotmail.com,001-880-856-8201x75307,BASIC,Active,2024-12-13,99.99
MEMBER-01486,Sharon Jordan,sharon.jordan@yahoo.com,324.504.3474x1253,VIP,Frozen,2025-10-05,59.99
MEMBER-01487,Donna Stewart,donna.stewart@yahoo.com,900-777-7321,,Frozen,2024-11-13,59.99
MEMBER-01488,Jeremiah Miller,jeremiah.miller@hotmail.com,001-520-925-9991x93873,VIP,Active,2024-10-27,99.99
MEMBER-01489,James Dennis,james.dennis@yahoo.com,847-448-9047x6078,VIP,Cancelled,2026-05-20,-29.99
MEMBER-01490,Jeremiah Downs,jeremiah.downs@gmail.com,001-976-551-9170x851,BASIC,Cancelled,2026-02-18,-29.99
MEMBER-01491,Garrett Medina,garrett.medina@yahoo.com,745-263-4091,VIP,Frozen,2025-06-20,-29.99
MEMBER-01492,Michael Harmon,michael.harmon@hotmail.com,001-215-974-4965x3916,VIP,Active,2026-06-25,59.99
MEMBER-01493,Thomas Williams,thomas.williams@gmail.com,001-230-545-4184,,Cancelled,2026-01-08,59.99
MEMBER-01494,Sandra Joseph,sandra.joseph@gmail.com,(218)503-9662,Basic,Frozen,2025-10-30,59.99
MEMBER-01495,Nathan Hoover,nathan.hoover@hotmail.com,(340)878-8026x5295,,Active,2025-05-03,-29.99
MEMBER-01496,Heather Fletcher,heather.fletcher@gmail.com,935.662.3039,Premium,Cancelled,2025-04-18,59.99
MEMBER-01497,Melissa Gordon,melissa.gordon@hotmail.com,4672089870,BASIC,Active,2026-03-07,59.99
MEMBER-01498,Jennifer Greene,jennifer.greene@hotmail.com,884-331-1326,BASIC,Active,2024-12-09,59.99
MEMBER-01499,Matthew Hill,matthew.hill@yahoo.com,+1-805-226-3211,,Frozen,2025-05-13,-29.99
MEMBER-01500,Virginia Lindsey,virginia.lindsey@hotmail.com,(920)653-9707,VIP,Frozen,2025-07-05,29.99
MEMBER-01501,Jennifer Phillips,jennifer.phillips@hotmail.com,001-708-523-1714x619,BASIC,Active,2025-12-17,59.99
MEMBER-01502,Joseph Walter,joseph.walter@yahoo.com,(462)862-3596x0530,Basic,Cancelled,2024-11-22,99.99
MEMBER-01503,Jodi Turner,jodi.turner@gmail.com,(878)570-3686x050,BASIC,Active,2024-10-28,-29.99
MEMBER-01504,Randy Allen,randy.allen@gmail.com,(202)581-6409x891,VIP,Frozen,2025-12-25,99.99
MEMBER-01505,Bradley Wilson,bradley.wilson@gmail.com,7304252094,VIP,Frozen,2026-03-14,99.99
MEMBER-01506,James Bender,james.bender@yahoo.com,001-279-253-1926,Basic,Active,2026-01-23,29.99
MEMBER-01507,Jennifer Jordan,jennifer.jordan@gmail.com,657.645.4492x054,VIP,Cancelled,2026-09-15,59.99
MEMBER-01508,Mark Palmer,mark.palmer@gmail.com,+1-508-618-9655,VIP,Frozen,2026-08-15,99.99
MEMBER-01509,Mary Campbell,mary.campbell@yahoo.com,(862)829-5217x9705,,Active,2024-10-05,-29.99
MEMBER-01510,Jimmy Cain,jimmy.cain@gmail.com,(424)586-0704x72660,Basic,Active,2025-06-27,99.99
MEMBER-01511,Lauren Brown,lauren.brown@hotmail.com,(301)753-0173x167,BASIC,Cancelled,2025-08-20,59.99
MEMBER-01512,Brian Rose,brian.rose@hotmail.com,7526244133,VIP,Active,2025-09-04,-29.99
MEMBER-01513,Ashley Brown,ashley.brown@yahoo.com,353-815-7905x719,Basic,Active,2025-08-29,59.99
MEMBER-01514,Tamara Zuniga,tamara.zuniga@hotmail.com,(693)965-6183x3597,VIP,Cancelled,2025-07-30,99.99
MEMBER-01515,Amy Smith,amy.smith@hotmail.com,402.437.7184x301,VIP,Frozen,2024-10-15,99.99
MEMBER-01516,Carrie Reynolds,carrie.reynolds@gmail.com,832.697.3239,,Active,2025-04-15,99.99
MEMBER-01517,Bill Oneill,bill.oneill@gmail.com,432-567-6992x42773,BASIC,Frozen,2026-04-08,-29.99
MEMBER-01518,Amanda Morgan,amanda.morgan@gmail.com,3238209140,BASIC,Cancelled,2026-01-18,59.99
MEMBER-01519,Jacob Juarez,jacob.juarez@gmail.com,944.723.4719x98290,Basic,Cancelled,2026-06-24,59.99
MEMBER-01520,Manuel Miller,manuel.miller@yahoo.com,001-552-560-7569x991,VIP,Active,2024-12-31,59.99
MEMBER-01521,Anthony Moran,anthony.moran@yahoo.com,533-322-6227x7773,Premium,Active,2025-08-13,29.99
MEMBER-01522,Olivia Hunter,olivia.hunter@gmail.com,(264)770-7038x5036,Basic,Active,2026-01-16,-29.99
MEMBER-01523,Lawrence Hanson,lawrence.hanson@yahoo.com,(641)207-4027,,Active,2026-03-04,29.99
MEMBER-01524,Deborah Hamilton,deborah.hamilton@yahoo.com,826.576.2590x62003,BASIC,Active,2026-06-13,29.99
MEMBER-01525,William Hendrix,william.hendrix@hotmail.com,(346)514-9745x9793,VIP,Cancelled,2025-12-25,29.99
MEMBER-01526,Holly Duncan,holly.duncan@yahoo.com,001-798-749-1498x6099,BASIC,Frozen,2024-10-07,59.99
MEMBER-01527,Michelle Harper,michelle.harper@hotmail.com,626.864.3223,Premium,Frozen,2024-12-13,-29.99
MEMBER-01528,David Moore,david.moore@hotmail.com,001-581-615-9485,Premium,Cancelled,2024-10-08,59.99
MEMBER-01529,Adam Jones,adam.jones@hotmail.com,762.823.9847x422,Basic,Active,2026-04-04,99.99
MEMBER-01530,Steven Gordon,steven.gordon@yahoo.com,988-282-2378,VIP,Active,2025-06-09,-29.99
MEMBER-01531,Diane Kaufman,diane.kaufman@yahoo.com,768-806-1349,,Frozen,2025-05-21,-29.99
MEMBER-01532,Taylor Petty,taylor.petty@hotmail.com,+1-646-805-8679,Premium,Cancelled,2025-02-22,-29.99
MEMBER-01533,Nicole Weaver,nicole.weaver@gmail.com,+1-372-836-1080x926,,Active,2025-08-03,99.99
MEMBER-01534,David Garcia,david.garcia@yahoo.com,(757)986-4578x655,VIP,Active,2025-06-26,59.99
MEMBER-01535,Cory Church,cory.church@yahoo.com,464.600.0687x5868,Basic,Active,2026-03-10,99.99
MEMBER-01536,Brian Jones,brian.jones@yahoo.com,(945)612-2444x189,VIP,Active,2024-09-29,99.99
MEMBER-01537,Douglas Charles,douglas.charles@gmail.com,986.286.0835,Premium,Frozen,2026-04-16,29.99
MEMBER-01538,Bryan Smith,bryan.smith@gmail.com,(230)594-4238x60205,Basic,Cancelled,2024-10-19,99.99
MEMBER-01539,Tonya Frank,tonya.frank@yahoo.com,001-913-449-0961x9797,VIP,Active,2026-07-10,29.99
MEMBER-01540,Joseph Branch,joseph.branch@hotmail.com,913-556-9480x450,BASIC,Active,2025-06-27,99.99
MEMBER-01541,Karen Gray,karen.gray@hotmail.com,248.409.5739x4059,Basic,Active,2026-02-18,99.99
MEMBER-01542,Toni Smith,toni.smith@hotmail.com,+1-644-220-3158x925,,Cancelled,2025-09-25,29.99
MEMBER-01543,James Collins,james.collins@gmail.com,919.777.7486,,Frozen,2026-01-12,59.99
MEMBER-01544,Michael Fry,michael.fry@hotmail.com,718-864-8230x8829,BASIC,Active,2026-03-20,-29.99
MEMBER-01545,Willie Pace,willie.pace@gmail.com,001-862-633-2605,Premium,Cancelled,2025-02-01,-29.99
MEMBER-01546,Stephen Roberson,stephen.roberson@yahoo.com,331.973.0662x93151,BASIC,Cancelled,2025-11-20,99.99
MEMBER-01547,Vincent Phillips,vincent.phillips@gmail.com,(455)994-6989x0623,Basic,Active,2026-04-12,59.99
MEMBER-01548,Drew Valdez,drew.valdez@gmail.com,898.790.2237x900,,Frozen,2026-06-27,99.99
MEMBER-01549,Joseph Lloyd,joseph.lloyd@hotmail.com,+1-970-784-7795x4176,,Frozen,2025-05-27,-29.99
MEMBER-01550,James Warren,james.warren@hotmail.com,+1-390-773-7815,Premium,Active,2025-10-14,59.99
MEMBER-01551,Carrie Grant,carrie.grant@yahoo.com,(989)862-6838x488,Premium,Frozen,2025-03-04,29.99
MEMBER-01552,Alicia Callahan,alicia.callahan@gmail.com,+1-376-312-3961x21905,BASIC,Active,2025-01-24,99.99
MEMBER-01553,Sarah Holland,sarah.holland@hotmail.com,961.482.0706x69010,,Active,2025-03-15,59.99
MEMBER-01554,Timothy Thomas,timothy.thomas@hotmail.com,(668)993-3486,VIP,Active,2026-09-11,59.99
MEMBER-01555,Brandon Reeves,brandon.reeves@gmail.com,(975)978-9683x35570,Basic,Active,2025-03-28,59.99
MEMBER-01556,Jodi Cannon,jodi.cannon@hotmail.com,715.455.0570,Basic,Frozen,2026-02-07,99.99
MEMBER-01557,Clayton Mendoza,clayton.mendoza@hotmail.com,+1-638-344-4045x88311,Premium,Active,2025-05-23,29.99
MEMBER-01558,Pam Tapia,pam.tapia@hotmail.com,001-812-335-0368x715,Premium,Active,2026-04-26,59.99
MEMBER-01559,Benjamin Fowler,benjamin.fowler@yahoo.com,+1-678-802-3445x684,Basic,Active,2025-09-28,59.99
MEMBER-01560,Autumn Carter,autumn.carter@gmail.com,001-566-340-1632x95737,VIP,Active,2025-06-28,99.99
MEMBER-01561,Brandi Jimenez,brandi.jimenez@yahoo.com,001-429-327-3186x830,BASIC,Frozen,2025-06-10,-29.99
MEMBER-01562,Angie Dorsey,angie.dorsey@hotmail.com,523-832-4165x1854,Basic,Frozen,2026-06-07,29.99
MEMBER-01563,Paul Arroyo,paul.arroyo@gmail.com,346-974-6215x9584,Premium,Active,2025-04-21,99.99
MEMBER-01564,Joy Mclean,joy.mclean@hotmail.com,361-370-5022,BASIC,Active,2025-08-06,-29.99
MEMBER-01565,Anne Jones,anne.jones@yahoo.com,534-947-6094,Premium,Cancelled,2026-06-17,99.99
MEMBER-01566,Shannon Johnson,shannon.johnson@gmail.com,001-828-764-3302,BASIC,Active,2026-09-20,29.99
MEMBER-01567,Kaitlyn Andrews,kaitlyn.andrews@hotmail.com,001-962-318-3667,Premium,Active,2026-01-04,-29.99
MEMBER-01568,Julie Fritz,julie.fritz@yahoo.com,(610)225-6342x02223,Premium,Active,2024-11-21,59.99
MEMBER-01569,Rachel Clark,rachel.clark@yahoo.com,(483)667-5901x77915,BASIC,Active,2025-04-28,59.99
MEMBER-01570,Lisa Martinez,lisa.martinez@yahoo.com,8927335174,BASIC,Active,2025-08-29,99.99
MEMBER-01571,Nicole Taylor,nicole.taylor@yahoo.com,3187637263,VIP,Cancelled,2026-04-19,29.99
MEMBER-01572,Rebecca James,rebecca.james@hotmail.com,+1-255-292-2776x4149,,Active,2025-03-13,99.99
MEMBER-01573,Sara Novak,sara.novak@hotmail.com,402-555-1344x48672,BASIC,Frozen,2025-12-14,59.99
MEMBER-01574,Aaron Harrison,aaron.harrison@gmail.com,614.554.6157,VIP,Active,2025-01-19,59.99
MEMBER-01575,Michael Wilson,michael.wilson@hotmail.com,001-478-287-9531,Basic,Cancelled,2025-05-08,-29.99
MEMBER-01576,Alexis Morris,alexis.morris@gmail.com,276.361.8308x580,VIP,Active,2026-04-10,59.99
MEMBER-01577,Heather Castillo,heather.castillo@gmail.com,543-891-5114,VIP,Active,2025-10-04,-29.99
MEMBER-01578,Amanda Jackson,amanda.jackson@gmail.com,8787187109,Premium,Active,2025-08-20,29.99
MEMBER-01579,Kevin Rivera,kevin.rivera@yahoo.com,3687026933,,Active,2025-04-18,59.99
MEMBER-01580,Harold Paul,harold.paul@gmail.com,(400)423-0286x5505,VIP,Active,2025-05-07,59.99
MEMBER-01581,Joyce Davis,joyce.davis@gmail.com,7664701514,Premium,Active,2024-10-10,29.99
MEMBER-01582,Cody Heath,cody.heath@yahoo.com,238.722.2240,,Frozen,2025-03-25,29.99
MEMBER-01583,Misty Matthews,misty.matthews@gmail.com,+1-620-556-2019x01134,Basic,Frozen,2025-03-18,59.99
MEMBER-01584,Barbara Lee,barbara.lee@hotmail.com,(652)786-1323,,Active,2026-07-04,59.99
MEMBER-01585,Michelle Shelton,michelle.shelton@yahoo.com,(934)828-6449,BASIC,Cancelled,2026-06-03,99.99
MEMBER-01586,Adam Baker,adam.baker@hotmail.com,(763)442-0953x67734,,Frozen,2026-01-21,-29.99
MEMBER-01587,Thomas Hall,thomas.hall@yahoo.com,001-715-526-6559x14762,Premium,Active,2026-08-04,-29.99
MEMBER-01588,Danielle Brown,danielle.brown@yahoo.com,(641)847-5336x95247,VIP,Cancelled,2025-08-29,99.99
MEMBER-01589,Jennifer Estrada,jennifer.estrada@yahoo.com,489.662.9853,Basic,Active,2025-03-02,-29.99
MEMBER-01590,Natalie Mann,natalie.mann@yahoo.com,592.741.5712x7638,,Frozen,2025-04-24,-29.99
MEMBER-01591,Jason Hopkins,jason.hopkins@yahoo.com,+1-858-463-9061,Premium,Cancelled,2025-05-13,99.99
MEMBER-01592,Ariana Lawrence,ariana.lawrence@gmail.com,+1-598-916-1538x116,VIP,Active,2024-12-03,99.99
MEMBER-01593,Anthony Johnson,anthony.johnson@gmail.com,226.407.2014x8967,,Cancelled,2025-07-23,29.99
MEMBER-01594,Jessica Berry,jessica.berry@gmail.com,(414)763-9476,,Cancelled,2026-02-07,-29.99
MEMBER-01595,Joshua Thomas,joshua.thomas@hotmail.com,+1-626-245-6339x1729,VIP,Frozen,2025-03-12,99.99
MEMBER-01596,Randall Armstrong,randall.armstrong@hotmail.com,+1-811-526-6497x19670,BASIC,Active,2025-03-14,-29.99
MEMBER-01597,Mark Greene,mark.greene@gmail.com,561-625-9016,Premium,Active,2026-04-17,99.99
MEMBER-01598,Brenda Juarez,brenda.juarez@gmail.com,533.644.3767,,Cancelled,2025-11-14,99.99
MEMBER-01599,Laura Campbell,laura.campbell@hotmail.com,+1-241-301-6793,Basic,Active,2025-04-08,59.99
MEMBER-01600,Regina Davis,regina.davis@yahoo.com,2494910042,,Active,2025-11-11,59.99
MEMBER-01601,Anna Keith,anna.keith@yahoo.com,668-401-9903,,Frozen,2024-12-29,99.99
MEMBER-01602,Stephanie Carrillo,stephanie.carrillo@yahoo.com,354.984.2035x31607,BASIC,Frozen,2026-07-08,29.99
MEMBER-01603,Sheila Vargas,sheila.vargas@gmail.com,+1-360-515-7117,Basic,Active,2026-08-08,29.99
MEMBER-01604,Derek Thornton,derek.thornton@hotmail.com,+1-440-924-7028x81411,Premium,Cancelled,2026-07-19,29.99
MEMBER-01605,Crystal Stewart,crystal.stewart@yahoo.com,001-519-336-7857x646,Premium,Active,2025-03-30,-29.99
MEMBER-01606,Angela Maynard,angela.maynard@gmail.com,+1-774-691-6194x2321,Premium,Active,2026-08-08,29.99
MEMBER-01607,Brandon Mckinney,brandon.mckinney@gmail.com,735-406-9626x16845,,Active,2025-06-04,-29.99
MEMBER-01608,Gregory Douglas,gregory.douglas@hotmail.com,610-725-4717x9899,,Frozen,2025-08-22,29.99
MEMBER-01609,Peter Campbell,peter.campbell@hotmail.com,+1-530-705-1956x756,VIP,Cancelled,2025-07-05,29.99
MEMBER-01610,Kimberly Phillips,kimberly.phillips@gmail.com,(871)772-6625,Basic,Cancelled,2024-10-16,-29.99
MEMBER-01611,Jonathon Sawyer,jonathon.sawyer@yahoo.com,8014441306,Basic,Active,2025-04-16,29.99
MEMBER-01612,Billy Graves,billy.graves@yahoo.com,001-410-206-6890x41728,VIP,Active,2025-09-27,99.99
MEMBER-01613,Rickey Lee,rickey.lee@hotmail.com,415-422-3282,Basic,Frozen,2025-12-01,29.99
MEMBER-01614,Eric Smith,eric.smith@yahoo.com,352.283.5999x4004,Basic,Frozen,2026-04-13,29.99
MEMBER-01615,Karen Adams,karen.adams@hotmail.com,535-711-3505,Premium,Active,2026-05-24,29.99
MEMBER-01616,Sherry Pennington,sherry.pennington@gmail.com,001-589-220-6415x78097,Premium,Active,2025-01-03,59.99
MEMBER-01617,Sara Smith,sara.smith@gmail.com,7414945341,Premium,Cancelled,2026-05-30,59.99
MEMBER-01618,Kathleen Hodges,kathleen.hodges@gmail.com,+1-544-278-6742x8021,,Active,2025-07-22,29.99
MEMBER-01619,Jeffrey Cooper,jeffrey.cooper@hotmail.com,+1-503-878-9121x3974,,Frozen,2026-01-02,-29.99
MEMBER-01620,Barbara Flores,barbara.flores@yahoo.com,+1-655-475-9940,BASIC,Active,2025-12-17,59.99
MEMBER-01621,Patricia Smith,patricia.smith@yahoo.com,+1-869-304-5289x860,Premium,Active,2026-04-14,99.99
MEMBER-01622,Brandon Rivera,brandon.rivera@yahoo.com,737.445.7016,Premium,Active,2025-09-05,99.99
MEMBER-01623,Robert House,robert.house@yahoo.com,+1-981-849-8025x30843,VIP,Frozen,2026-01-17,99.99
MEMBER-01624,Christina Bowman,christina.bowman@yahoo.com,644-477-2508x4232,BASIC,Active,2025-03-10,99.99
MEMBER-01625,Kevin Smith,kevin.smith@gmail.com,717-724-1553x691,,Cancelled,2025-05-28,59.99
MEMBER-01626,Stephen Singleton,stephen.singleton@hotmail.com,4627796024,BASIC,Frozen,2025-09-12,99.99
MEMBER-01627,Bryan Barajas,bryan.barajas@gmail.com,329.759.4523,BASIC,Active,2026-02-05,-29.99
MEMBER-01628,Amanda Cochran,amanda.cochran@hotmail.com,(930)440-2966x2991,Basic,Active,2024-12-12,99.99
MEMBER-01629,Todd Bean,todd.bean@hotmail.com,(320)741-6782,,Active,2026-03-11,59.99
MEMBER-01630,John Thompson,john.thompson@yahoo.com,(493)270-6325x0313,VIP,Active,2025-05-18,99.99
MEMBER-01631,Amanda Pace,amanda.pace@yahoo.com,5225061901,Premium,Cancelled,2025-03-09,99.99
MEMBER-01632,Nathaniel Perez,nathaniel.perez@hotmail.com,419.400.0029x5616,Basic,Frozen,2026-07-11,59.99
MEMBER-01633,Matthew Baldwin,matthew.baldwin@hotmail.com,471-585-5940x799,Basic,Active,2024-09-26,-29.99
MEMBER-01634,Justin Chan,justin.chan@hotmail.com,623.716.7781,VIP,Cancelled,2025-07-15,59.99
MEMBER-01635,Keith Gross,keith.gross@gmail.com,801.894.5391x177,VIP,Frozen,2026-04-01,59.99
MEMBER-01636,Ronnie Brown,ronnie.brown@gmail.com,+1-876-312-0928x15780,Premium,Frozen,2026-06-07,99.99
MEMBER-01637,Jennifer Brown,jennifer.brown@gmail.com,911.867.8706,Basic,Active,2025-03-03,59.99
MEMBER-01638,Matthew Taylor,matthew.taylor@gmail.com,+1-871-585-9212x68485,Basic,Frozen,2026-09-04,-29.99
MEMBER-01639,Tyler Miller,tyler.miller@gmail.com,+1-443-500-0375x398,Premium,Active,2026-03-26,29.99
MEMBER-01640,Heidi Clark,heidi.clark@yahoo.com,(559)986-6932x78417,,Frozen,2025-08-12,29.99
MEMBER-01641,Matthew Jones,matthew.jones@yahoo.com,782.401.1406,,Active,2026-03-23,29.99
MEMBER-01642,Ronnie Carter,ronnie.carter@yahoo.com,935.712.7245x533,Basic,Frozen,2026-03-02,99.99
MEMBER-01643,Philip Arias,philip.arias@yahoo.com,+1-676-648-7849x622,BASIC,Active,2026-03-30,29.99
MEMBER-01644,Michael Martinez,michael.martinez@yahoo.com,(425)206-9296x56851,Premium,Active,2026-07-30,-29.99
MEMBER-01645,Robert Martinez,robert.martinez@yahoo.com,(372)493-5097x93442,Basic,Frozen,2025-12-17,29.99
MEMBER-01646,Daniel Kim,daniel.kim@hotmail.com,(902)923-4778x045,VIP,Cancelled,2026-07-24,99.99
MEMBER-01647,Natalie Brooks,natalie.brooks@hotmail.com,407-503-3982x1478,,Cancelled,2025-02-22,59.99
MEMBER-01648,Sean Simon,sean.simon@gmail.com,001-509-845-1676x706,Basic,Active,2026-01-28,-29.99
MEMBER-01649,Jeffrey Taylor,jeffrey.taylor@hotmail.com,(830)611-2200x84842,,Active,2026-05-19,59.99
MEMBER-01650,Tami Daniels,tami.daniels@gmail.com,001-536-879-6082x89671,BASIC,Frozen,2024-10-02,-29.99
MEMBER-01651,Melissa Bowman,melissa.bowman@yahoo.com,+1-346-592-0856x490,Premium,Cancelled,2025-01-17,99.99
MEMBER-01652,Jose Wood,jose.wood@gmail.com,001-835-300-1154,Basic,Active,2025-09-30,29.99
MEMBER-01653,Michael Lam,michael.lam@hotmail.com,001-208-603-8890x441,,Active,2024-11-12,99.99
MEMBER-01654,Joseph Brown,joseph.brown@yahoo.com,(685)913-5381x4837,Basic,Active,2025-06-01,-29.99
MEMBER-01655,Michael Williams,michael.williams@gmail.com,+1-601-268-5647x177,Premium,Cancelled,2024-12-05,-29.99
MEMBER-01656,Suzanne Franklin,suzanne.franklin@gmail.com,716.898.8371x611,,Cancelled,2025-08-21,-29.99
MEMBER-01657,Tina Holmes,tina.holmes@yahoo.com,519-597-6759,BASIC,Cancelled,2025-01-28,59.99
MEMBER-01658,Robert Alvarez,robert.alvarez@gmail.com,001-750-858-3534x5819,Premium,Active,2025-06-07,99.99
MEMBER-01659,Scott Hernandez,scott.hernandez@yahoo.com,453.839.9824,BASIC,Frozen,2025-08-02,29.99
MEMBER-01660,Donna Davis,donna.davis@hotmail.com,558.201.5846x6879,Basic,Active,2026-06-20,-29.99
MEMBER-01661,Nancy Harris,nancy.harris@gmail.com,353.727.2766x98345,VIP,Frozen,2026-06-17,59.99
MEMBER-01662,Joanna Brown,joanna.brown@yahoo.com,(985)546-1308,VIP,Frozen,2026-09-06,29.99
MEMBER-01663,Adrian Moon,adrian.moon@yahoo.com,(907)338-2777,VIP,Cancelled,2024-12-28,99.99
MEMBER-01664,Natasha Mason,natasha.mason@gmail.com,227-486-3090x07121,,Active,2026-04-05,59.99
MEMBER-01665,Meredith Taylor,meredith.taylor@yahoo.com,+1-947-330-5777x19619,BASIC,Active,2025-07-15,59.99
MEMBER-01666,Michael Bishop,michael.bishop@yahoo.com,001-666-276-4099x68334,Premium,Frozen,2024-10-09,59.99
MEMBER-01667,Christina Richardson,christina.richardson@gmail.com,626-553-7932x2191,Basic,Active,2026-01-23,29.99
MEMBER-01668,Jade Ellis,jade.ellis@yahoo.com,001-747-236-0157x911,Premium,Cancelled,2026-04-27,99.99
MEMBER-01669,Jacqueline Williams,jacqueline.williams@yahoo.com,001-526-600-8026x589,Basic,Frozen,2026-07-14,29.99
MEMBER-01670,Taylor Rogers,taylor.rogers@yahoo.com,+1-933-354-8835,VIP,Active,2026-01-05,-29.99
MEMBER-01671,Jacob Campbell,jacob.campbell@yahoo.com,591.346.3866x4320,Basic,Frozen,2025-10-15,59.99
MEMBER-01672,Heather Roth,heather.roth@yahoo.com,(652)282-4685x49272,,Cancelled,2024-10-26,59.99
MEMBER-01673,Lisa Norris,lisa.norris@hotmail.com,+1-720-686-0146x05190,,Frozen,2025-03-06,-29.99
MEMBER-01674,Madison Simpson,madison.simpson@gmail.com,(230)233-5636x9301,,Cancelled,2026-04-10,29.99
MEMBER-01675,Benjamin Williams,benjamin.williams@hotmail.com,001-231-487-8104,BASIC,Active,2025-11-09,99.99
MEMBER-01676,Dawn Vaughan,dawn.vaughan@yahoo.com,001-641-558-9290x930,Premium,Active,2026-01-30,99.99
MEMBER-01677,Scott Coleman,scott.coleman@gmail.com,001-666-928-0812x26815,Premium,Frozen,2026-08-21,29.99
MEMBER-01678,Heidi Scott,heidi.scott@yahoo.com,5532110583,BASIC,Active,2026-07-27,29.99
MEMBER-01679,Chloe Crawford,chloe.crawford@gmail.com,+1-879-584-2189x142,BASIC,Frozen,2025-09-29,99.99
MEMBER-01680,Yolanda Quinn,yolanda.quinn@yahoo.com,+1-501-867-6718x7762,Basic,Active,2026-09-15,99.99
MEMBER-01681,Joel Gardner,joel.gardner@hotmail.com,+1-850-916-2762x92266,BASIC,Cancelled,2025-10-30,-29.99
MEMBER-01682,Mariah Robertson,mariah.robertson@hotmail.com,001-237-961-6522x898,,Active,2025-05-10,99.99
MEMBER-01683,Beverly Allen,beverly.allen@yahoo.com,001-981-425-5977,BASIC,Active,2025-08-28,59.99
MEMBER-01684,Marcus Morrison,marcus.morrison@yahoo.com,(340)983-8580x5014,Premium,Active,2024-12-19,29.99
MEMBER-01685,Patricia Norman,patricia.norman@yahoo.com,989.339.1295x6518,Basic,Cancelled,2026-02-11,99.99
MEMBER-01686,Danny Rowland,danny.rowland@hotmail.com,(900)750-0924x49287,VIP,Active,2026-02-04,-29.99
MEMBER-01687,Steven Williams,steven.williams@gmail.com,+1-802-293-0112x5018,Premium,Active,2025-10-14,99.99
MEMBER-01688,Joshua Duncan,joshua.duncan@gmail.com,(295)822-2336x9318,VIP,Frozen,2025-02-03,99.99
MEMBER-01689,Olivia Smith,olivia.smith@yahoo.com,+1-530-924-2662x4975,Premium,Frozen,2026-06-03,29.99
MEMBER-01690,Jessica Roberts,jessica.roberts@gmail.com,001-257-814-4695x674,VIP,Active,2025-11-21,29.99
MEMBER-01691,Rebecca Mccormick,rebecca.mccormick@yahoo.com,+1-844-753-4514x6688,,Frozen,2026-09-16,59.99
MEMBER-01692,Morgan Gonzalez,morgan.gonzalez@hotmail.com,583-848-3586x267,Premium,Frozen,2025-07-27,-29.99
MEMBER-01693,Maria Holmes,maria.holmes@gmail.com,(607)575-8708,Premium,Active,2025-01-27,-29.99
MEMBER-01694,Kendra Santos,kendra.santos@hotmail.com,+1-234-743-6958,,Cancelled,2024-10-14,-29.99
MEMBER-01695,Kathryn Tyler,kathryn.tyler@yahoo.com,4502928467,Premium,Cancelled,2024-11-04,-29.99
MEMBER-01696,Stephen Ramirez,stephen.ramirez@hotmail.com,001-539-207-7372x95450,VIP,Frozen,2024-11-14,-29.99
MEMBER-01697,Robert Rogers,robert.rogers@yahoo.com,350-620-4502,,Cancelled,2025-03-07,59.99
MEMBER-01698,Matthew Dyer,matthew.dyer@gmail.com,494.533.7953x111,Premium,Cancelled,2026-02-18,59.99
MEMBER-01699,Michael Johnson,michael.johnson@gmail.com,(752)974-2866x2510,VIP,Cancelled,2025-03-18,-29.99
MEMBER-01700,Allison Spencer,allison.spencer@hotmail.com,(754)351-4609x193,Premium,Cancelled,2024-11-25,99.99
MEMBER-01701,Thomas Winters,thomas.winters@yahoo.com,(855)937-0627x281,Basic,Active,2025-02-28,59.99
MEMBER-01702,John Wright,john.wright@gmail.com,(315)475-6264,VIP,Cancelled,2026-05-04,29.99
MEMBER-01703,Roger Palmer,roger.palmer@hotmail.com,887-562-0990,VIP,Active,2024-11-30,-29.99
MEMBER-01704,Carrie Reynolds,carrie.reynolds@gmail.com,799.251.6704,VIP,Active,2026-04-02,99.99
MEMBER-01705,Mark Gilbert,mark.gilbert@hotmail.com,+1-622-567-3123,Premium,Cancelled,2026-06-30,29.99
MEMBER-01706,Kimberly Gillespie,kimberly.gillespie@hotmail.com,7485514202,Premium,Cancelled,2025-08-03,29.99
MEMBER-01707,Kenneth Williams,kenneth.williams@hotmail.com,(782)731-3427,,Frozen,2025-09-03,59.99
MEMBER-01708,Nicholas Lopez,nicholas.lopez@hotmail.com,315-549-0443,,Cancelled,2026-02-10,59.99
MEMBER-01709,Kevin Graham,kevin.graham@hotmail.com,(831)402-9771x150,Basic,Frozen,2026-03-10,29.99
MEMBER-01710,Brenda Fry,brenda.fry@yahoo.com,+1-326-251-7328x162,BASIC,Cancelled,2026-04-16,-29.99
MEMBER-01711,Wesley Perez,wesley.perez@hotmail.com,(721)998-3691,VIP,Cancelled,2025-03-14,-29.99
MEMBER-01712,Erin Graham,erin.graham@yahoo.com,905-629-8770,BASIC,Active,2025-06-21,59.99
MEMBER-01713,Melissa Yang,melissa.yang@hotmail.com,453-204-4500,Premium,Cancelled,2025-01-05,59.99
MEMBER-01714,Kimberly Bennett,kimberly.bennett@hotmail.com,287.489.0345,Basic,Active,2025-12-31,29.99
MEMBER-01715,Leslie Ross,leslie.ross@yahoo.com,9307409346,VIP,Active,2025-05-15,59.99
MEMBER-01716,Colleen Herrera,colleen.herrera@hotmail.com,(436)988-1013,Premium,Cancelled,2025-02-07,29.99
MEMBER-01717,Charles Savage,charles.savage@yahoo.com,433-446-0184,Premium,Active,2024-09-28,-29.99
MEMBER-01718,Corey Nichols,corey.nichols@hotmail.com,(353)820-8316,VIP,Active,2025-03-17,59.99
MEMBER-01719,Robert Smith,robert.smith@hotmail.com,001-617-936-9078,BASIC,Active,2025-08-24,29.99
MEMBER-01720,Timothy Williams,timothy.williams@gmail.com,(621)741-0707x163,,Active,2026-08-03,99.99
MEMBER-01721,Laura Bauer,laura.bauer@hotmail.com,+1-795-312-3708,BASIC,Active,2026-05-12,29.99
MEMBER-01722,Daniel Norman,daniel.norman@gmail.com,+1-744-754-5697x296,BASIC,Active,2025-07-25,29.99
MEMBER-01723,Mackenzie Greene,mackenzie.greene@yahoo.com,(771)837-7188x62639,Premium,Active,2024-12-17,29.99
MEMBER-01724,Dennis Morales,dennis.morales@yahoo.com,001-978-630-5573x71388,,Active,2026-06-27,29.99
MEMBER-01725,Victoria Martin,victoria.martin@gmail.com,946.814.4662,Premium,Frozen,2025-03-04,-29.99
MEMBER-01726,Jessica Smith,jessica.smith@hotmail.com,417-661-4215,BASIC,Frozen,2025-10-28,99.99
MEMBER-01727,Jeremy Burke,jeremy.burke@hotmail.com,001-863-964-7046x5689,BASIC,Cancelled,2026-09-16,-29.99
MEMBER-01728,Andrew Bennett,andrew.bennett@hotmail.com,001-430-404-8379x36315,VIP,Active,2026-05-24,59.99
MEMBER-01729,Stephanie Travis,stephanie.travis@hotmail.com,327-206-5934,BASIC,Active,2026-09-01,29.99
MEMBER-01730,Joseph Bennett,joseph.bennett@hotmail.com,(491)618-7228,,Active,2025-10-03,59.99
MEMBER-01731,David Lee,david.lee@gmail.com,+1-617-996-0757,,Cancelled,2026-08-21,-29.99
MEMBER-01732,Justin Mendez,justin.mendez@hotmail.com,+1-705-822-1711x486,BASIC,Frozen,2025-06-29,-29.99
MEMBER-01733,Zachary Davis,zachary.davis@hotmail.com,+1-510-361-7356,Basic,Cancelled,2025-08-08,-29.99
MEMBER-01734,James Davis,james.davis@hotmail.com,555.972.6169x496,,Cancelled,2026-09-05,-29.99
MEMBER-01735,Ann Jones,ann.jones@hotmail.com,289.399.0682,Basic,Frozen,2026-05-12,99.99
MEMBER-01736,Jamie Morrow,jamie.morrow@yahoo.com,567-853-2163,Premium,Active,2026-09-11,29.99
MEMBER-01737,David Monroe,david.monroe@gmail.com,498.754.9004x9037,Basic,Active,2026-05-01,99.99
MEMBER-01738,Kenneth Black,kenneth.black@yahoo.com,435.463.9981x27439,Basic,Active,2026-09-03,59.99
MEMBER-01739,Marco Woodward,marco.woodward@yahoo.com,674-919-2581,BASIC,Active,2026-07-31,29.99
MEMBER-01740,Robert White,robert.white@gmail.com,001-723-660-1863x994,Premium,Frozen,2024-12-10,59.99
MEMBER-01741,Mallory Cummings,mallory.cummings@hotmail.com,853-715-6309x307,Premium,Cancelled,2026-05-21,59.99
MEMBER-01742,Susan Williams,susan.williams@hotmail.com,(945)998-7240x89921,Basic,Active,2026-02-02,99.99
MEMBER-01743,Kimberly Lopez,kimberly.lopez@hotmail.com,001-216-968-1133x97367,VIP,Active,2026-03-17,99.99
MEMBER-01744,Derek Mendoza,derek.mendoza@gmail.com,001-540-224-2224x198,Premium,Active,2025-08-11,59.99
MEMBER-01745,Emily Sanchez,emily.sanchez@hotmail.com,665.640.1814,Premium,Active,2025-02-03,99.99
MEMBER-01746,Kenneth Stanton,kenneth.stanton@yahoo.com,(902)843-5094,Basic,Active,2025-06-25,-29.99
MEMBER-01747,Jacqueline Hurley,jacqueline.hurley@gmail.com,+1-786-515-6409x94147,BASIC,Active,2026-01-21,-29.99
MEMBER-01748,Amber Mann,amber.mann@gmail.com,805.342.4519x082,Premium,Cancelled,2026-02-26,-29.99
MEMBER-01749,Rachel Chan,rachel.chan@gmail.com,+1-535-965-9429x9202,BASIC,Active,2025-07-19,-29.99
MEMBER-01750,Jennifer Reynolds,jennifer.reynolds@hotmail.com,(392)529-5338x61941,Basic,Active,2026-01-11,59.99
MEMBER-01751,Erica Houston,erica.houston@gmail.com,524-524-0662x8346,,Frozen,2026-06-14,59.99
MEMBER-01752,Kevin Holmes,kevin.holmes@hotmail.com,834.637.5186,Basic,Cancelled,2026-04-17,59.99
MEMBER-01753,Benjamin Hamilton,benjamin.hamilton@yahoo.com,924-638-2692x8550,Basic,Frozen,2025-03-03,29.99
MEMBER-01754,Matthew Wall,matthew.wall@hotmail.com,(828)889-5947x039,Premium,Active,2025-05-04,99.99
MEMBER-01755,Mark Morris,mark.morris@gmail.com,765.604.7188x3009,VIP,Active,2025-01-09,29.99
MEMBER-01756,Andrea Herring,andrea.herring@gmail.com,649-966-8667x989,Basic,Active,2024-10-08,59.99
MEMBER-01757,Ricky Rodriguez,ricky.rodriguez@hotmail.com,+1-606-990-1497x1103,Premium,Frozen,2024-12-14,59.99
MEMBER-01758,Matthew Castillo,matthew.castillo@yahoo.com,(665)405-1886x01674,BASIC,Frozen,2025-03-03,29.99
MEMBER-01759,Justin Clark,justin.clark@yahoo.com,+1-569-985-0450x566,Basic,Frozen,2025-06-19,99.99
MEMBER-01760,Lance Taylor,lance.taylor@hotmail.com,001-642-286-1789x2571,VIP,Active,2026-07-13,29.99
MEMBER-01761,David Brown,david.brown@hotmail.com,385.876.2648,BASIC,Active,2026-05-09,99.99
MEMBER-01762,Katelyn Holmes,katelyn.holmes@yahoo.com,001-736-580-6358,BASIC,Cancelled,2024-10-10,29.99
MEMBER-01763,Jennifer Miller,jennifer.miller@gmail.com,001-727-489-6951x93048,VIP,Frozen,2026-08-31,-29.99
MEMBER-01764,Miranda Erickson,miranda.erickson@yahoo.com,(886)570-3656x203,,Cancelled,2025-04-11,59.99
MEMBER-01765,Kevin Campbell,kevin.campbell@hotmail.com,+1-546-589-6331x812,,Active,2025-07-10,29.99
MEMBER-01766,Scott Fisher,scott.fisher@yahoo.com,001-407-831-7445x776,,Active,2026-08-18,-29.99
MEMBER-01767,Derek Sanchez,derek.sanchez@yahoo.com,785.608.9897x747,,Frozen,2026-03-11,-29.99
MEMBER-01768,Justin Allen,justin.allen@yahoo.com,852.995.3774x03767,,Frozen,2025-05-02,99.99
MEMBER-01769,Angel Wiggins,angel.wiggins@gmail.com,767.951.4975x3411,,Frozen,2026-05-14,59.99
MEMBER-01770,Jared Waters,jared.waters@gmail.com,+1-490-500-9406x565,,Active,2026-04-27,-29.99
MEMBER-01771,Kelly Baker,kelly.baker@gmail.com,656.953.5232x66000,BASIC,Cancelled,2024-10-18,59.99
MEMBER-01772,Melissa Duncan,melissa.duncan@gmail.com,803-749-5611,VIP,Cancelled,2024-11-27,29.99
MEMBER-01773,Christopher Garcia,christopher.garcia@yahoo.com,837.946.6144x77618,Basic,Active,2026-02-27,-29.99
MEMBER-01774,Aaron Le,aaron.le@hotmail.com,001-466-768-2905,Basic,Cancelled,2025-08-05,-29.99
MEMBER-01775,Matthew Burke,matthew.burke@yahoo.com,4894142330,BASIC,Active,2025-10-16,99.99
MEMBER-01776,Roberto Mitchell,roberto.mitchell@gmail.com,547-339-8622x14051,VIP,Cancelled,2025-11-13,29.99
MEMBER-01777,Paul Johnson,paul.johnson@yahoo.com,973-638-9147x8524,Premium,Frozen,2026-07-29,99.99
MEMBER-01778,Kevin Anderson,kevin.anderson@gmail.com,894-841-0238x73518,Basic,Frozen,2025-05-24,99.99
MEMBER-01779,Sara Lin,sara.lin@yahoo.com,713-513-5183x0258,,Frozen,2025-04-21,29.99
MEMBER-01780,Rachel Waller,rachel.waller@yahoo.com,+1-315-939-8852,Basic,Frozen,2025-11-27,99.99
MEMBER-01781,Carrie Cooper,carrie.cooper@hotmail.com,+1-309-884-1286x558,BASIC,Active,2025-09-18,59.99
MEMBER-01782,Michael Oliver,michael.oliver@gmail.com,+1-231-293-4891,Premium,Frozen,2025-02-25,99.99
MEMBER-01783,Susan Brown,susan.brown@yahoo.com,(534)229-2421x9597,BASIC,Active,2026-07-10,29.99
MEMBER-01784,Briana Bradshaw,briana.bradshaw@gmail.com,685-827-3411,Premium,Active,2024-12-03,59.99
MEMBER-01785,James Miller,james.miller@hotmail.com,(253)901-5303x044,BASIC,Frozen,2025-09-03,-29.99
MEMBER-01786,Amanda Powers,amanda.powers@gmail.com,9968598455,BASIC,Active,2026-04-24,99.99
MEMBER-01787,Mary Reynolds,mary.reynolds@hotmail.com,654-718-2991x2699,,Frozen,2025-01-22,29.99
MEMBER-01788,Brian Parker,brian.parker@gmail.com,+1-410-461-6691x008,Premium,Frozen,2026-02-23,99.99
MEMBER-01789,John Marsh,john.marsh@gmail.com,(882)468-2217x5626,Basic,Cancelled,2024-10-19,99.99
MEMBER-01790,Allison Welch,allison.welch@yahoo.com,001-910-405-9325,Basic,Frozen,2026-05-09,-29.99
MEMBER-01791,David Burton,david.burton@gmail.com,001-432-620-0748x597,,Cancelled,2026-06-13,-29.99
MEMBER-01792,James Ford,james.ford@gmail.com,(295)414-5205,Premium,Active,2026-09-05,99.99
MEMBER-01793,Crystal Black,crystal.black@gmail.com,(604)980-2240x6547,VIP,Active,2026-06-12,99.99
MEMBER-01794,Raymond Petty,raymond.petty@yahoo.com,8908418985,BASIC,Active,2026-03-14,-29.99
MEMBER-01795,Jordan Johnson,jordan.johnson@yahoo.com,856-523-8878x88765,Premium,Frozen,2024-11-22,-29.99
MEMBER-01796,Jamie Hopkins,jamie.hopkins@gmail.com,(622)990-1138x60479,VIP,Cancelled,2026-08-28,99.99
MEMBER-01797,Nicole Molina,nicole.molina@hotmail.com,7385035148,Premium,Active,2025-12-05,99.99
MEMBER-01798,Gary Higgins,gary.higgins@yahoo.com,519-714-7905x3472,Basic,Cancelled,2026-08-12,29.99
MEMBER-01799,Christopher Moss,christopher.moss@yahoo.com,609.853.2670,BASIC,Active,2026-06-20,-29.99
MEMBER-01800,Courtney Goodman,courtney.goodman@yahoo.com,562-492-5822x82801,,Cancelled,2025-04-04,59.99
MEMBER-01801,Nathaniel Williams,nathaniel.williams@hotmail.com,756.584.6767x80964,VIP,Active,2025-10-03,99.99
MEMBER-01802,Teresa Gross,teresa.gross@hotmail.com,497-952-1353x17555,VIP,Cancelled,2025-04-27,29.99
MEMBER-01803,Amanda Ellis,amanda.ellis@yahoo.com,314-386-2675,,Cancelled,2026-06-01,59.99
MEMBER-01804,Christina Snyder,christina.snyder@yahoo.com,934-896-5515x64196,Basic,Active,2025-03-29,-29.99
MEMBER-01805,Savannah Smith,savannah.smith@gmail.com,001-235-382-0163,,Active,2026-05-08,29.99
MEMBER-01806,Jill Johnston,jill.johnston@hotmail.com,+1-922-842-2848x3492,VIP,Active,2025-08-10,29.99
MEMBER-01807,Angela Bradley,angela.bradley@hotmail.com,001-346-701-8040x33480,VIP,Active,2026-08-03,29.99
MEMBER-01808,Jeffrey Adkins,jeffrey.adkins@yahoo.com,466.871.5544x60539,Basic,Frozen,2024-10-27,29.99
MEMBER-01809,Christina Kim,christina.kim@yahoo.com,001-362-472-0536x4991,,Frozen,2026-03-31,59.99
MEMBER-01810,Alyssa Jarvis,alyssa.jarvis@yahoo.com,228.950.2155x383,VIP,Cancelled,2025-09-13,59.99
MEMBER-01811,Matthew Flores,matthew.flores@gmail.com,826-926-4395,VIP,Frozen,2026-02-06,99.99
MEMBER-01812,William Roberts,william.roberts@yahoo.com,3783907519,BASIC,Active,2025-09-15,99.99
MEMBER-01813,Timothy Wood,timothy.wood@gmail.com,001-344-814-9253,Premium,Cancelled,2026-09-08,99.99
MEMBER-01814,Joshua Weaver,joshua.weaver@hotmail.com,001-238-959-7477x65659,Basic,Active,2024-10-10,29.99
MEMBER-01815,Michael Turner,michael.turner@hotmail.com,434-436-8771x569,Premium,Frozen,2026-04-12,99.99
MEMBER-01816,Aaron Aguilar,aaron.aguilar@hotmail.com,9769341535,VIP,Cancelled,2025-01-01,99.99
MEMBER-01817,Virginia Beck,virginia.beck@gmail.com,554-377-3494,,Cancelled,2026-06-23,59.99
MEMBER-01818,Patricia Baker,patricia.baker@hotmail.com,622.955.7856x4135,Basic,Frozen,2025-05-24,99.99
MEMBER-01819,Cody Ferguson,cody.ferguson@hotmail.com,(273)795-2328x555,,Active,2025-10-08,29.99
MEMBER-01820,Julie Turner,julie.turner@yahoo.com,(481)566-0284x136,Premium,Active,2025-03-10,-29.99
MEMBER-01821,Judith Rios,judith.rios@hotmail.com,970-940-7146x9714,Basic,Active,2026-04-08,-29.99
MEMBER-01822,Lisa Hoover,lisa.hoover@gmail.com,818-255-9508x3745,Basic,Active,2024-12-30,-29.99
MEMBER-01823,Steven Lee,steven.lee@yahoo.com,901-275-9001,BASIC,Cancelled,2026-09-26,-29.99
MEMBER-01824,Patrick Armstrong,patrick.armstrong@hotmail.com,890-478-6928x551,,Frozen,2024-12-20,99.99
MEMBER-01825,Kara Diaz,kara.diaz@gmail.com,+1-889-267-6353x67355,VIP,Cancelled,2025-10-10,29.99
MEMBER-01826,Brian Anderson,brian.anderson@hotmail.com,+1-234-313-3513,BASIC,Cancelled,2025-04-25,29.99
MEMBER-01827,Jake Munoz,jake.munoz@yahoo.com,(974)893-6635,BASIC,Active,2025-09-04,-29.99
MEMBER-01828,Kayla Wilkerson,kayla.wilkerson@hotmail.com,480-830-0735x658,VIP,Active,2026-06-28,-29.99
MEMBER-01829,Anthony Thompson,anthony.thompson@yahoo.com,(863)879-4128,Premium,Cancelled,2026-09-25,59.99
MEMBER-01830,Brandy Davis,brandy.davis@gmail.com,+1-423-721-4252x61197,,Frozen,2026-06-17,99.99
MEMBER-01831,Christine Torres,christine.torres@yahoo.com,344.365.3255x441,BASIC,Cancelled,2026-06-07,99.99
MEMBER-01832,Kelsey Patel,kelsey.patel@hotmail.com,313-567-3805x20388,VIP,Active,2025-09-06,-29.99
MEMBER-01833,Mary Bowen,mary.bowen@hotmail.com,518-547-1462x2014,Basic,Active,2025-04-02,-29.99
MEMBER-01834,Mario Proctor,mario.proctor@gmail.com,227-928-3603,Basic,Frozen,2026-08-09,-29.99
MEMBER-01835,Kimberly Mora,kimberly.mora@yahoo.com,709.206.7618x3762,BASIC,Cancelled,2025-10-06,99.99
MEMBER-01836,Robert Webb,robert.webb@gmail.com,+1-262-617-2048x8868,VIP,Cancelled,2024-12-14,29.99
MEMBER-01837,Walter Cervantes,walter.cervantes@gmail.com,8329645649,BASIC,Active,2025-05-15,99.99
MEMBER-01838,Daniel Salazar,daniel.salazar@yahoo.com,9532906490,,Active,2025-03-23,99.99
MEMBER-01839,Kenneth Rogers,kenneth.rogers@hotmail.com,397-501-8158,,Active,2025-07-31,-29.99
MEMBER-01840,Victoria Thomas,victoria.thomas@yahoo.com,407.742.1531x936,,Active,2025-02-06,59.99
MEMBER-01841,Richard Smith,richard.smith@gmail.com,269-408-8754,,Cancelled,2026-07-29,59.99
MEMBER-01842,Megan Munoz,megan.munoz@gmail.com,001-758-338-4391x06573,BASIC,Active,2025-10-03,29.99
MEMBER-01843,Larry Hull,larry.hull@yahoo.com,001-335-410-2140,VIP,Cancelled,2026-09-03,-29.99
MEMBER-01844,Amy Lopez,amy.lopez@hotmail.com,958-397-9903x59717,BASIC,Frozen,2026-07-23,59.99
MEMBER-01845,Todd Johnson,todd.johnson@gmail.com,(768)370-9412x460,Premium,Active,2025-07-27,-29.99
MEMBER-01846,Jon Lamb,jon.lamb@hotmail.com,+1-889-953-3768x4187,Basic,Active,2025-09-22,99.99
MEMBER-01847,Michelle Graham,michelle.graham@gmail.com,3649345973,,Active,2026-05-09,-29.99
MEMBER-01848,Joel Perez,joel.perez@gmail.com,696-275-7451x048,Premium,Frozen,2025-12-25,-29.99
MEMBER-01849,Kevin Marks,kevin.marks@yahoo.com,001-931-781-5605x4270,Basic,Active,2026-06-23,-29.99
MEMBER-01850,Bethany Wu,bethany.wu@yahoo.com,(811)710-7976x47545,VIP,Active,2025-09-19,29.99
MEMBER-01851,Edward Cunningham,edward.cunningham@yahoo.com,(226)593-4854,Basic,Cancelled,2025-12-20,59.99
MEMBER-01852,Alex Romero,alex.romero@hotmail.com,(485)860-6699x2613,,Active,2026-05-26,59.99
MEMBER-01853,Amy Johnson,amy.johnson@yahoo.com,877.595.7039x962,Premium,Active,2025-10-17,99.99
MEMBER-01854,Taylor White,taylor.white@hotmail.com,001-471-210-7351x28962,BASIC,Active,2025-08-08,59.99
MEMBER-01855,Amber Santana,amber.santana@gmail.com,632-833-3023x9934,Premium,Frozen,2024-10-13,99.99
MEMBER-01856,Kristin Olsen,kristin.olsen@gmail.com,(894)730-6952x3578,,Frozen,2026-05-23,-29.99
MEMBER-01857,Donald Torres,donald.torres@gmail.com,953.770.0644x88548,VIP,Active,2025-04-04,29.99
MEMBER-01858,Daniel Nixon,daniel.nixon@hotmail.com,001-880-642-5542x80537,,Active,2025-01-06,59.99
MEMBER-01859,Michael Owen,michael.owen@yahoo.com,+1-268-587-8602,VIP,Active,2026-04-09,99.99
MEMBER-01860,Brittany Anderson,brittany.anderson@gmail.com,817.501.9586,,Active,2025-12-29,29.99
MEMBER-01861,Kimberly Stanley,kimberly.stanley@hotmail.com,798.872.8731x4249,,Frozen,2025-02-07,29.99
MEMBER-01862,Barbara Wilson,barbara.wilson@hotmail.com,001-464-241-6033,VIP,Active,2025-09-26,59.99
MEMBER-01863,Adam Nguyen,adam.nguyen@hotmail.com,4284745120,BASIC,Active,2026-04-16,99.99
MEMBER-01864,Jacqueline Goodwin,jacqueline.goodwin@gmail.com,001-375-245-4164x8792,BASIC,Active,2026-08-01,-29.99
MEMBER-01865,Pamela Sullivan,pamela.sullivan@gmail.com,250.515.2697x442,BASIC,Cancelled,2026-07-31,59.99
MEMBER-01866,Jennifer Brown,jennifer.brown@hotmail.com,001-554-883-3095x87238,BASIC,Cancelled,2025-11-15,59.99
MEMBER-01867,Jasmine Smith,jasmine.smith@gmail.com,945-379-2326,,Active,2025-04-22,99.99
MEMBER-01868,Judith Schmidt,judith.schmidt@hotmail.com,001-919-470-1501x967,BASIC,Cancelled,2024-10-17,99.99
MEMBER-01869,Christina Bell,christina.bell@hotmail.com,(501)482-8523,Premium,Cancelled,2025-12-08,29.99
MEMBER-01870,Shannon Smith,shannon.smith@yahoo.com,001-737-795-8291,Basic,Active,2026-09-06,59.99
MEMBER-01871,Marcus Martinez,marcus.martinez@yahoo.com,797.914.9207,BASIC,Active,2025-05-19,59.99
MEMBER-01872,Heather Rodriguez,heather.rodriguez@yahoo.com,(448)773-9626,Basic,Cancelled,2026-01-06,-29.99
MEMBER-01873,Christopher Frost,christopher.frost@gmail.com,001-612-649-7736x772,BASIC,Active,2025-02-21,59.99
MEMBER-01874,Cynthia Gonzalez,cynthia.gonzalez@yahoo.com,697-587-2965x7156,BASIC,Active,2026-08-21,-29.99
MEMBER-01875,April Rhodes,april.rhodes@gmail.com,(499)603-4804,BASIC,Frozen,2025-09-26,59.99
MEMBER-01876,Bianca Barnes,bianca.barnes@gmail.com,+1-800-494-0916x5737,Premium,Active,2025-05-07,29.99
MEMBER-01877,Natasha Sullivan,natasha.sullivan@hotmail.com,001-322-654-9203x69309,,Active,2026-09-12,59.99
MEMBER-01878,Maria Villegas,maria.villegas@gmail.com,+1-952-773-1172x26414,,Frozen,2025-08-19,-29.99
MEMBER-01879,Ashley French,ashley.french@gmail.com,+1-618-442-9335x9847,,Frozen,2025-01-26,29.99
MEMBER-01880,Barbara Walsh,barbara.walsh@hotmail.com,001-859-466-7715x39022,Basic,Active,2026-04-25,99.99
MEMBER-01881,Kevin Chandler,kevin.chandler@gmail.com,(650)903-2990x9006,Basic,Active,2025-08-07,29.99
MEMBER-01882,Carlos Pittman,carlos.pittman@yahoo.com,327-887-3554x0423,Premium,Frozen,2026-01-19,-29.99
MEMBER-01883,Trevor Thomas,trevor.thomas@hotmail.com,001-806-275-4939x3439,,Active,2025-04-29,29.99
MEMBER-01884,Luis Lewis,luis.lewis@hotmail.com,001-925-528-7835,Premium,Active,2025-04-06,29.99
MEMBER-01885,Margaret Mckenzie,margaret.mckenzie@gmail.com,230.473.4533,,Frozen,2025-03-23,29.99
MEMBER-01886,Rodney Garcia,rodney.garcia@gmail.com,(947)440-9853,VIP,Active,2024-11-07,-29.99
MEMBER-01887,John Reed,john.reed@yahoo.com,960-323-2510,BASIC,Active,2025-07-06,99.99
MEMBER-01888,Stacey Nguyen,stacey.nguyen@yahoo.com,8946042245,BASIC,Frozen,2024-11-20,99.99
MEMBER-01889,Christian Oliver,christian.oliver@yahoo.com,(512)753-8078x191,VIP,Cancelled,2026-08-28,29.99
MEMBER-01890,Andrew Baldwin,andrew.baldwin@gmail.com,001-349-841-9715x7557,,Frozen,2025-08-27,99.99
MEMBER-01891,Lauren Thompson,lauren.thompson@hotmail.com,+1-824-563-0616x2185,Basic,Active,2025-05-29,59.99
MEMBER-01892,David Sawyer,david.sawyer@gmail.com,761.850.4205x986,,Active,2026-01-01,99.99
MEMBER-01893,Sean Wiley,sean.wiley@yahoo.com,236.308.0901,,Active,2026-09-07,99.99
MEMBER-01894,Justin Webster,justin.webster@hotmail.com,303-592-7888,BASIC,Active,2024-10-25,59.99
MEMBER-01895,Juan Dickson,juan.dickson@yahoo.com,+1-716-838-8168x78518,,Active,2026-09-19,99.99
MEMBER-01896,Caitlin Kaiser,caitlin.kaiser@hotmail.com,9964568826,VIP,Cancelled,2025-11-07,99.99
MEMBER-01897,Austin Mendoza,austin.mendoza@gmail.com,001-772-808-1472x373,VIP,Frozen,2025-05-03,29.99
MEMBER-01898,Andrew Black,andrew.black@hotmail.com,001-308-630-6978x9995,Basic,Cancelled,2025-06-22,59.99
MEMBER-01899,Tiffany Lawson,tiffany.lawson@gmail.com,(971)746-7490x66886,BASIC,Frozen,2024-11-18,59.99
MEMBER-01900,Miranda Morgan,miranda.morgan@yahoo.com,716-845-6059,VIP,Cancelled,2025-03-05,-29.99
MEMBER-01901,Wendy Wright,wendy.wright@gmail.com,507.539.2002x58565,Premium,Active,2026-05-17,99.99
MEMBER-01902,Terry Woods,terry.woods@gmail.com,4318678719,Basic,Cancelled,2024-12-18,59.99
MEMBER-01903,Nathan Kelley,nathan.kelley@hotmail.com,(701)724-0254,BASIC,Active,2024-10-14,-29.99
MEMBER-01904,Dominique Shea,dominique.shea@yahoo.com,001-908-809-9839,Premium,Active,2026-01-29,59.99
MEMBER-01905,Stephen Meyer,stephen.meyer@yahoo.com,(546)516-3034,Premium,Frozen,2026-05-18,29.99
MEMBER-01906,Emily Johnson,emily.johnson@hotmail.com,243-952-9493,VIP,Active,2026-03-17,29.99
MEMBER-01907,Terri Ramirez,terri.ramirez@yahoo.com,001-996-554-6628,Premium,Active,2025-07-02,-29.99
MEMBER-01908,Cory Obrien,cory.obrien@yahoo.com,(425)427-5600,BASIC,Frozen,2025-04-08,-29.99
MEMBER-01909,Benjamin Walker,benjamin.walker@yahoo.com,7562771251,,Cancelled,2026-06-29,-29.99
MEMBER-01910,Jose Leblanc,jose.leblanc@hotmail.com,(380)451-6660,BASIC,Active,2025-03-13,99.99
MEMBER-01911,Beth Freeman,beth.freeman@hotmail.com,947-890-9863x6152,Premium,Active,2026-01-13,29.99
MEMBER-01912,Marcus Arnold,marcus.arnold@yahoo.com,542-302-2482x4886,VIP,Active,2025-04-03,-29.99
MEMBER-01913,Miranda Young,miranda.young@gmail.com,650-331-1802x6691,VIP,Active,2026-01-08,29.99
MEMBER-01914,Kathryn Caldwell,kathryn.caldwell@yahoo.com,3613047189,,Frozen,2026-06-20,-29.99
MEMBER-01915,Betty Marsh,betty.marsh@gmail.com,001-256-592-4768x8341,,Frozen,2025-04-17,99.99
MEMBER-01916,Christian Davis,christian.davis@gmail.com,211.681.4051x32517,VIP,Frozen,2025-05-26,29.99
MEMBER-01917,Shannon Shaw,shannon.shaw@yahoo.com,9945067148,VIP,Active,2024-11-18,-29.99
MEMBER-01918,Andrew Garcia,andrew.garcia@yahoo.com,001-664-257-2275x79407,Premium,Cancelled,2025-03-17,99.99
MEMBER-01919,Jason Kaiser,jason.kaiser@yahoo.com,349-599-8709x339,Premium,Frozen,2025-07-28,29.99
MEMBER-01920,Julie Duarte,julie.duarte@yahoo.com,426-841-0603,Basic,Active,2026-05-08,29.99
MEMBER-01921,Lisa Bell,lisa.bell@gmail.com,001-880-757-6310x108,BASIC,Active,2025-05-13,29.99
MEMBER-01922,Richard Davis,richard.davis@yahoo.com,660.864.0047,BASIC,Frozen,2025-09-21,59.99
MEMBER-01923,Carol Mcdowell,carol.mcdowell@yahoo.com,001-298-294-8481x70361,VIP,Frozen,2026-09-11,59.99
MEMBER-01924,Patricia Yates,patricia.yates@gmail.com,001-317-373-7594x93307,Basic,Active,2026-09-19,29.99
MEMBER-01925,Nicole Ramos,nicole.ramos@hotmail.com,001-360-704-9021x444,Basic,Cancelled,2025-06-12,29.99
MEMBER-01926,Melinda Henderson,melinda.henderson@yahoo.com,433.584.9655,Basic,Active,2025-12-10,59.99
MEMBER-01927,Valerie Castillo,valerie.castillo@hotmail.com,4338530049,BASIC,Cancelled,2026-01-25,29.99
MEMBER-01928,Richard Bailey,richard.bailey@hotmail.com,(619)977-3173x9462,Premium,Frozen,2026-04-06,99.99
MEMBER-01929,Jennifer Hickman,jennifer.hickman@gmail.com,001-385-686-5392x7687,BASIC,Active,2026-03-24,-29.99
MEMBER-01930,Christian Schaefer,christian.schaefer@gmail.com,793-317-9670x605,VIP,Active,2025-10-02,99.99
MEMBER-01931,Monique Summers,monique.summers@yahoo.com,+1-521-716-2506x989,VIP,Cancelled,2026-05-01,29.99
MEMBER-01932,Jose Turner,jose.turner@gmail.com,001-989-270-1455,VIP,Active,2026-07-15,-29.99
MEMBER-01933,Morgan Greene,morgan.greene@gmail.com,227-718-6692x552,BASIC,Frozen,2024-10-14,29.99
MEMBER-01934,Christine Thompson,christine.thompson@gmail.com,8013101561,VIP,Frozen,2026-07-15,59.99
MEMBER-01935,Brenda Lee,brenda.lee@yahoo.com,598-612-1300x882,BASIC,Active,2026-02-25,-29.99
MEMBER-01936,Teresa Collier,teresa.collier@hotmail.com,6866723310,Premium,Active,2025-11-11,59.99
MEMBER-01937,David Rhodes,david.rhodes@yahoo.com,+1-436-455-6192x2188,BASIC,Active,2024-10-12,59.99
MEMBER-01938,Robert Christensen,robert.christensen@hotmail.com,001-364-817-6130x2364,,Active,2026-01-10,59.99
MEMBER-01939,John Hunter,john.hunter@yahoo.com,+1-399-516-7640x3239,,Active,2026-02-19,-29.99
MEMBER-01940,Hector Cooper,hector.cooper@hotmail.com,(667)712-6937,VIP,Active,2026-07-14,29.99
MEMBER-01941,Michelle Mayer,michelle.mayer@yahoo.com,(896)844-4843,Basic,Active,2025-10-25,99.99
MEMBER-01942,Daniel Stanton,daniel.stanton@gmail.com,243-730-6409,BASIC,Active,2025-12-06,-29.99
MEMBER-01943,Victor Miller,victor.miller@yahoo.com,359-406-2787x90259,Premium,Active,2024-10-08,29.99
MEMBER-01944,Jennifer Adams,jennifer.adams@yahoo.com,572.416.2660,BASIC,Frozen,2025-02-20,59.99
MEMBER-01945,Mario Phillips,mario.phillips@hotmail.com,9295559997,VIP,Active,2026-04-09,29.99
MEMBER-01946,Stanley Stark,stanley.stark@hotmail.com,495.679.5519,,Active,2026-04-08,-29.99
MEMBER-01947,Shannon Fleming,shannon.fleming@gmail.com,473-767-0386,BASIC,Active,2025-07-28,29.99
MEMBER-01948,Susan Ford,susan.ford@yahoo.com,212-258-4233,,Cancelled,2025-11-21,29.99
MEMBER-01949,Bradley Sanders,bradley.sanders@gmail.com,9825924828,BASIC,Active,2026-09-02,29.99
MEMBER-01950,Mary Jackson,mary.jackson@gmail.com,8787831273,,Frozen,2026-05-11,99.99
MEMBER-01951,Samantha Gardner,samantha.gardner@gmail.com,(607)420-1970,VIP,Active,2025-11-23,29.99
MEMBER-01952,Theodore Gallegos,theodore.gallegos@gmail.com,(327)296-3651x29555,Basic,Frozen,2024-10-10,99.99
MEMBER-01953,Susan Dyer,susan.dyer@gmail.com,819.248.4226x23003,Basic,Active,2025-09-11,99.99
MEMBER-01954,Dennis Allen,dennis.allen@gmail.com,(983)703-4243,Premium,Cancelled,2026-06-14,29.99
MEMBER-01955,Jamie Wilson,jamie.wilson@yahoo.com,001-892-980-9166x31669,BASIC,Cancelled,2026-04-13,99.99
MEMBER-01956,Erica Smith,erica.smith@gmail.com,8458441061,BASIC,Active,2025-04-18,99.99
MEMBER-01957,Betty Smith,betty.smith@hotmail.com,+1-944-858-0151,BASIC,Active,2025-05-16,-29.99
MEMBER-01958,Douglas Dougherty,douglas.dougherty@hotmail.com,(280)792-4115,Premium,Cancelled,2026-06-23,29.99
MEMBER-01959,Andrew Bishop,andrew.bishop@yahoo.com,+1-496-413-1525x523,Premium,Active,2026-02-21,59.99
MEMBER-01960,Laura Tran,laura.tran@gmail.com,488-737-7435x40476,BASIC,Active,2026-04-28,29.99
MEMBER-01961,Monica Gonzalez,monica.gonzalez@yahoo.com,8114152558,,Frozen,2025-09-20,-29.99
MEMBER-01962,Sean Daniels,sean.daniels@hotmail.com,(260)531-7489,,Active,2024-10-11,29.99
MEMBER-01963,Jonathan Maynard,jonathan.maynard@hotmail.com,709.671.8614x22935,Basic,Frozen,2026-02-21,29.99
MEMBER-01964,Jessica Carlson,jessica.carlson@gmail.com,3553967577,VIP,Active,2026-03-08,-29.99
MEMBER-01965,Jacob Cole,jacob.cole@hotmail.com,+1-630-745-7627,Basic,Cancelled,2026-05-14,-29.99
MEMBER-01966,Miranda Garcia,miranda.garcia@yahoo.com,7894589701,,Cancelled,2025-02-14,59.99
MEMBER-01967,Darren Harris,darren.harris@yahoo.com,001-489-560-0834x761,Basic,Active,2024-10-01,59.99
MEMBER-01968,Gloria Mccall,gloria.mccall@yahoo.com,(811)239-9799x2715,BASIC,Active,2026-09-04,-29.99
MEMBER-01969,Krista Sweeney,krista.sweeney@gmail.com,678.585.2858x98681,,Active,2025-12-16,59.99
MEMBER-01970,Tanner Horton,tanner.horton@gmail.com,001-690-607-3794x999,Premium,Active,2025-05-26,59.99
MEMBER-01971,Steven Lester,steven.lester@hotmail.com,744-610-7692x626,Basic,Frozen,2026-02-16,29.99
MEMBER-01972,Jesse Mack,jesse.mack@yahoo.com,001-516-704-3598,BASIC,Cancelled,2026-01-25,29.99
MEMBER-01973,Dana Atkins,dana.atkins@hotmail.com,5799965857,Basic,Active,2025-06-09,-29.99
MEMBER-01974,Robert Andersen,robert.andersen@hotmail.com,567-284-3407,,Cancelled,2025-09-04,29.99
MEMBER-01975,Denise Davis,denise.davis@hotmail.com,876.413.5007x883,Premium,Active,2025-01-19,99.99
MEMBER-01976,James Baldwin,james.baldwin@hotmail.com,440-533-6999x52850,BASIC,Frozen,2024-12-02,29.99
MEMBER-01977,Kathy Hayden,kathy.hayden@hotmail.com,(653)227-3551x4972,,Cancelled,2025-02-19,99.99
MEMBER-01978,Donald Anderson,donald.anderson@yahoo.com,771.946.9509x3555,Premium,Active,2024-10-28,59.99
MEMBER-01979,Robin Hernandez,robin.hernandez@gmail.com,(317)441-3644x59476,VIP,Active,2024-12-18,29.99
MEMBER-01980,Andrea Wright,andrea.wright@hotmail.com,+1-412-470-6507x612,VIP,Cancelled,2026-08-30,-29.99
MEMBER-01981,Tiffany Banks,tiffany.banks@hotmail.com,001-705-764-4685x304,Premium,Frozen,2025-06-04,59.99
MEMBER-01982,Lisa Peterson,lisa.peterson@yahoo.com,9266356077,BASIC,Cancelled,2026-09-12,29.99
MEMBER-01983,Laura Hall,laura.hall@gmail.com,863.899.0460x0823,Premium,Active,2026-04-08,-29.99
MEMBER-01984,Donna Weiss,donna.weiss@gmail.com,(990)222-2097x55061,Premium,Active,2025-08-27,-29.99
MEMBER-01985,Dawn Moon,dawn.moon@gmail.com,001-215-912-0039x3449,Basic,Active,2025-08-30,29.99
MEMBER-01986,Carol Shannon,carol.shannon@gmail.com,(421)383-3391x9296,Premium,Active,2024-09-27,99.99
MEMBER-01987,Melissa Walker,melissa.walker@yahoo.com,522-960-0822,BASIC,Active,2025-09-06,59.99
MEMBER-01988,Kaitlyn White,kaitlyn.white@gmail.com,549-485-7887x28206,Premium,Cancelled,2025-01-27,99.99
MEMBER-01989,Heather Stone,heather.stone@hotmail.com,001-701-426-9804x4665,,Active,2026-04-24,-29.99
MEMBER-01990,Nicole Henry,nicole.henry@gmail.com,001-460-764-7245,Premium,Cancelled,2025-09-19,29.99
MEMBER-01991,Jeff Pierce,jeff.pierce@hotmail.com,777-988-4070x946,,Cancelled,2025-09-24,-29.99
MEMBER-01992,Stephen Dillon,stephen.dillon@yahoo.com,629-488-9728,,Active,2025-08-01,99.99
MEMBER-01993,Alexandra Pope,alexandra.pope@gmail.com,826.216.4170x05371,VIP,Active,2025-06-12,29.99
MEMBER-01994,Paul Love,paul.love@hotmail.com,503.316.6479x51279,,Cancelled,2026-08-10,59.99
MEMBER-01995,Grant Gill,grant.gill@yahoo.com,(385)335-4160,Basic,Active,2026-01-18,99.99
MEMBER-01996,Angela Green,angela.green@gmail.com,970.317.0867x15207,,Cancelled,2026-04-11,-29.99
MEMBER-01997,Stacy Ruiz,stacy.ruiz@yahoo.com,8439368957,Premium,Frozen,2026-03-23,29.99
MEMBER-01998,Edward Barr,edward.barr@yahoo.com,905-211-0900,Premium,Active,2026-06-21,59.99
MEMBER-01999,Daniel Peters,daniel.peters@yahoo.com,9204502549,BASIC,Active,2026-03-12,59.99
MEMBER-02000,Kathryn Sims,kathryn.sims@hotmail.com,+1-992-701-0297x59974,Premium,Active,2026-02-05,29.99
MEMBER-02001,Jerry Greene,jerry.greene@yahoo.com,+1-674-342-5269x420,VIP,Frozen,2025-08-06,59.99
MEMBER-02002,Justin Bailey,justin.bailey@hotmail.com,574.905.1337,BASIC,Frozen,2026-06-01,99.99
MEMBER-02003,Rodney Walton,rodney.walton@hotmail.com,001-797-768-1608,,Active,2025-10-16,29.99
MEMBER-02004,Katie Stokes,katie.stokes@yahoo.com,290-258-4968x8144,Basic,Active,2025-03-09,59.99
MEMBER-02005,Stephanie Robles,stephanie.robles@hotmail.com,(824)505-7445x0999,Premium,Active,2025-02-14,-29.99
MEMBER-02006,Jonathan Hubbard,jonathan.hubbard@yahoo.com,(779)311-1108,,Active,2025-11-14,29.99
MEMBER-02007,John Byrd,john.byrd@hotmail.com,+1-585-293-2135x961,Premium,Active,2026-06-23,99.99
MEMBER-02008,Donna Cummings,donna.cummings@gmail.com,+1-448-200-2264x2597,BASIC,Cancelled,2025-06-13,99.99
MEMBER-02009,Melissa Phillips,melissa.phillips@gmail.com,001-987-681-9214,Premium,Active,2026-01-11,99.99
MEMBER-02010,Jessica Ramirez,jessica.ramirez@yahoo.com,(304)629-3717x8472,Premium,Active,2025-08-25,59.99
MEMBER-02011,Christian White,christian.white@yahoo.com,+1-804-952-9267,BASIC,Cancelled,2025-12-28,-29.99
MEMBER-02012,Victoria Warren,victoria.warren@yahoo.com,444-558-4741x34019,Premium,Active,2025-08-15,-29.99
MEMBER-02013,Wanda Stark,wanda.stark@hotmail.com,296-327-5193x46389,,Active,2025-01-22,29.99
MEMBER-02014,Mary Skinner,mary.skinner@hotmail.com,847-493-6561x1568,BASIC,Cancelled,2026-03-27,59.99
MEMBER-02015,David Dorsey,david.dorsey@gmail.com,206.459.4805x316,,Active,2026-03-28,59.99
MEMBER-02016,David Reid,david.reid@yahoo.com,830.437.2718,BASIC,Frozen,2025-05-04,59.99
MEMBER-02017,Kenneth Brennan,kenneth.brennan@yahoo.com,(231)812-1380x78287,BASIC,Cancelled,2025-08-15,99.99
MEMBER-02018,Chris Terry,chris.terry@yahoo.com,(398)258-6635x654,VIP,Cancelled,2025-02-01,99.99
MEMBER-02019,Courtney Pierce,courtney.pierce@hotmail.com,(252)712-8866,Premium,Active,2026-07-05,29.99
MEMBER-02020,Stephanie Nelson,stephanie.nelson@hotmail.com,001-798-442-8828x470,VIP,Cancelled,2024-10-30,29.99
MEMBER-02021,John Santiago,john.santiago@hotmail.com,(298)587-1232,BASIC,Active,2026-07-31,-29.99
MEMBER-02022,Ryan James,ryan.james@yahoo.com,927-878-6268x5272,Premium,Frozen,2024-10-18,59.99
MEMBER-02023,Jennifer Hernandez,jennifer.hernandez@hotmail.com,678.734.7106x2833,VIP,Cancelled,2026-06-19,59.99
MEMBER-02024,Molly Sherman,molly.sherman@hotmail.com,001-257-635-6232x770,,Cancelled,2025-06-09,29.99
MEMBER-02025,Jason Schmidt,jason.schmidt@hotmail.com,001-773-902-7322,BASIC,Active,2026-09-12,59.99
MEMBER-02026,Rhonda Collins,rhonda.collins@gmail.com,902-955-5468x939,,Active,2026-02-12,-29.99
MEMBER-02027,Benjamin Garcia,benjamin.garcia@yahoo.com,788.815.9646x7386,VIP,Active,2026-01-11,-29.99
MEMBER-02028,Alejandro Maynard,alejandro.maynard@yahoo.com,746.773.3229x12489,Premium,Cancelled,2025-11-15,99.99
MEMBER-02029,Steven Norris,steven.norris@gmail.com,6624394599,BASIC,Cancelled,2025-08-19,59.99
MEMBER-02030,Joshua Freeman,joshua.freeman@gmail.com,+1-289-353-0120x3398,,Active,2025-04-01,-29.99
MEMBER-02031,Jennifer Wagner,jennifer.wagner@gmail.com,001-262-283-3568x90581,Basic,Active,2024-12-25,-29.99
MEMBER-02032,Michael Robinson,michael.robinson@yahoo.com,335-767-0277x287,,Active,2026-09-15,-29.99
MEMBER-02033,Parker Franklin,parker.franklin@hotmail.com,+1-757-794-5759x599,,Active,2024-10-15,-29.99
MEMBER-02034,Patricia Nguyen,patricia.nguyen@hotmail.com,762.691.7148,Basic,Active,2026-08-24,-29.99
MEMBER-02035,Charles Walker,charles.walker@yahoo.com,(452)352-0788,Premium,Active,2025-07-29,29.99
MEMBER-02036,Debra Davis,debra.davis@gmail.com,+1-221-445-7445x203,BASIC,Cancelled,2025-09-28,59.99
MEMBER-02037,Crystal Hubbard,crystal.hubbard@yahoo.com,330.488.2403x532,VIP,Frozen,2026-04-22,59.99
MEMBER-02038,Victoria Humphrey,victoria.humphrey@yahoo.com,6293363409,Basic,Active,2025-02-09,-29.99
MEMBER-02039,Laura Davis,laura.davis@hotmail.com,2522579599,VIP,Cancelled,2025-05-03,-29.99
MEMBER-02040,Sara Mendoza,sara.mendoza@yahoo.com,323-325-4601,,Active,2025-03-03,-29.99
MEMBER-02041,Lauren Figueroa,lauren.figueroa@hotmail.com,848.457.1339,BASIC,Cancelled,2026-08-20,-29.99
MEMBER-02042,Steven Payne,steven.payne@gmail.com,(473)342-1120,Premium,Frozen,2026-08-12,-29.99
MEMBER-02043,Heather Harris,heather.harris@gmail.com,201.349.4802,Basic,Active,2025-12-19,-29.99
MEMBER-02044,Noah Jenkins,noah.jenkins@yahoo.com,(431)391-9908,VIP,Active,2026-02-28,99.99
MEMBER-02045,Jay Flores,jay.flores@hotmail.com,001-331-272-3667x0417,BASIC,Frozen,2026-07-24,59.99
MEMBER-02046,Diana Vazquez,diana.vazquez@hotmail.com,391-587-4050,Basic,Frozen,2026-04-09,29.99
MEMBER-02047,Jamie Moore,jamie.moore@gmail.com,749-256-0714x876,,Frozen,2026-06-29,29.99
MEMBER-02048,Jennifer Chavez,jennifer.chavez@hotmail.com,(857)223-1631,Basic,Active,2026-07-06,99.99
MEMBER-02049,James Jimenez,james.jimenez@hotmail.com,811.905.7039x96306,BASIC,Active,2024-10-13,99.99
MEMBER-02050,Alexander Wheeler,alexander.wheeler@yahoo.com,(396)769-3233x7007,VIP,Cancelled,2025-11-06,29.99
MEMBER-02051,Lori Harrington,lori.harrington@hotmail.com,814.708.6332x3430,,Cancelled,2026-08-17,59.99
MEMBER-02052,Amanda Henry,amanda.henry@yahoo.com,001-988-483-9237x590,VIP,Cancelled,2025-01-14,29.99
MEMBER-02053,Alicia Small,alicia.small@hotmail.com,001-825-285-4551x391,BASIC,Cancelled,2025-03-11,59.99
MEMBER-02054,Samantha Stone,samantha.stone@gmail.com,001-536-278-8387x36932,VIP,Frozen,2024-10-21,99.99
MEMBER-02055,Jonathan Young,jonathan.young@yahoo.com,858.546.6486x741,,Active,2025-10-12,99.99
MEMBER-02056,Katie Anderson,katie.anderson@yahoo.com,817.255.2977,Basic,Active,2024-12-29,99.99
MEMBER-02057,Jorge Palmer,jorge.palmer@gmail.com,311.344.1572x81436,VIP,Active,2025-08-13,-29.99
MEMBER-02058,Amber Wilson,amber.wilson@yahoo.com,(703)661-1892x6055,,Active,2025-07-17,-29.99
MEMBER-02059,Teresa Browning,teresa.browning@gmail.com,001-568-636-8437x7140,,Frozen,2026-08-08,-29.99
MEMBER-02060,Lauren Nelson,lauren.nelson@hotmail.com,845-495-6600x30119,,Frozen,2025-01-22,29.99
MEMBER-02061,Tyler Hernandez,tyler.hernandez@gmail.com,269.774.2173x68385,Premium,Active,2026-07-08,29.99
MEMBER-02062,Erin Hayes,erin.hayes@hotmail.com,340.399.1650,Basic,Active,2025-02-19,59.99
MEMBER-02063,Robert Steele,robert.steele@yahoo.com,001-403-948-4843x77006,VIP,Active,2026-09-16,29.99
MEMBER-02064,Ashley Marquez,ashley.marquez@hotmail.com,414-329-5449x66954,Premium,Frozen,2026-04-25,29.99
MEMBER-02065,Karen Alvarez,karen.alvarez@hotmail.com,001-356-927-5280x016,Premium,Active,2025-03-03,59.99
MEMBER-02066,Joseph Murray,joseph.murray@hotmail.com,659-923-5163x8326,Premium,Active,2026-04-07,99.99
MEMBER-02067,Christopher Sosa,christopher.sosa@gmail.com,6177078129,BASIC,Cancelled,2025-09-09,-29.99
MEMBER-02068,Richard Jones,richard.jones@hotmail.com,404.594.8414,VIP,Active,2025-05-27,-29.99
MEMBER-02069,Jennifer Ayala,jennifer.ayala@hotmail.com,337.528.7567,Basic,Frozen,2024-11-02,59.99
MEMBER-02070,Samantha Perry,samantha.perry@yahoo.com,(247)671-1588x2187,Basic,Active,2024-11-21,59.99
MEMBER-02071,Sarah Boyle,sarah.boyle@yahoo.com,001-391-516-1146x4461,,Frozen,2024-11-11,-29.99
MEMBER-02072,Katherine Ellis,katherine.ellis@yahoo.com,(947)938-8523,,Frozen,2025-05-11,99.99
MEMBER-02073,Anita Roberson,anita.roberson@hotmail.com,370.407.8812x5325,BASIC,Active,2024-12-02,-29.99
MEMBER-02074,Karen Acosta,karen.acosta@hotmail.com,8828267990,VIP,Cancelled,2025-08-11,99.99
MEMBER-02075,Jessica Hernandez,jessica.hernandez@yahoo.com,(438)339-5716x468,Premium,Frozen,2026-05-15,59.99
MEMBER-02076,Jennifer Calderon,jennifer.calderon@gmail.com,+1-870-590-7037x80886,BASIC,Frozen,2025-01-31,99.99
MEMBER-02077,Benjamin Mcbride,benjamin.mcbride@hotmail.com,8989348492,Basic,Cancelled,2026-04-10,99.99
MEMBER-02078,Kevin Alexander,kevin.alexander@yahoo.com,+1-829-965-0744x56572,VIP,Active,2025-07-29,59.99
MEMBER-02079,Michael Hill,michael.hill@hotmail.com,628.717.9477x95003,,Cancelled,2026-05-12,99.99
MEMBER-02080,David Hernandez,david.hernandez@gmail.com,(526)593-0326x45257,Premium,Cancelled,2024-10-03,59.99
MEMBER-02081,Cheryl Baldwin,cheryl.baldwin@gmail.com,640.963.5168x522,Premium,Cancelled,2025-08-02,29.99
MEMBER-02082,Julie Richardson,julie.richardson@gmail.com,583-479-9005x36693,Basic,Frozen,2025-10-13,59.99
MEMBER-02083,Ryan Robinson,ryan.robinson@yahoo.com,(428)556-2837,BASIC,Frozen,2025-10-17,99.99
MEMBER-02084,Emily Lopez,emily.lopez@hotmail.com,610.433.7008,Premium,Cancelled,2026-02-16,29.99
MEMBER-02085,Jared Walls,jared.walls@gmail.com,570.643.3331,VIP,Frozen,2025-07-08,59.99
MEMBER-02086,Raymond Miranda,raymond.miranda@gmail.com,(357)780-4737,VIP,Active,2026-05-03,59.99
MEMBER-02087,Savannah Byrd,savannah.byrd@yahoo.com,(996)580-6455x44215,,Frozen,2025-09-21,29.99
MEMBER-02088,Christine Moore,christine.moore@yahoo.com,7535273968,Basic,Active,2025-04-18,-29.99
MEMBER-02089,Jessica Anderson,jessica.anderson@hotmail.com,590.539.7997,Premium,Active,2024-11-27,99.99
MEMBER-02090,Heather Johnson,heather.johnson@gmail.com,298-459-6551,Premium,Active,2025-06-10,99.99
MEMBER-02091,Alexander Graham,alexander.graham@hotmail.com,+1-886-506-7347x6714,VIP,Active,2025-01-14,99.99
MEMBER-02092,Anita Howard,anita.howard@hotmail.com,803-485-2427,,Cancelled,2025-01-22,-29.99
MEMBER-02093,Dakota Gomez,dakota.gomez@yahoo.com,674.739.6399,VIP,Active,2026-09-08,-29.99
MEMBER-02094,Candace Smith,candace.smith@hotmail.com,001-355-946-5653,Basic,Cancelled,2024-11-10,29.99
MEMBER-02095,William Robinson,william.robinson@gmail.com,(410)727-3663,VIP,Active,2026-04-20,-29.99
MEMBER-02096,Peter Norton,peter.norton@gmail.com,001-822-234-8749x3916,,Cancelled,2026-06-07,-29.99
MEMBER-02097,Cody Martinez,cody.martinez@hotmail.com,4488866073,VIP,Active,2025-05-24,99.99
MEMBER-02098,Kevin Campos,kevin.campos@hotmail.com,001-937-885-9541,Basic,Cancelled,2026-06-05,59.99
MEMBER-02099,Brian Cabrera,brian.cabrera@hotmail.com,3932716458,VIP,Cancelled,2025-05-05,29.99
MEMBER-02100,Michael Henry,michael.henry@gmail.com,001-246-769-4473x387,Basic,Active,2025-01-05,29.99
MEMBER-02101,Walter Armstrong,walter.armstrong@hotmail.com,566-951-8378x47719,,Active,2025-04-26,59.99
MEMBER-02102,John Baker,john.baker@gmail.com,+1-468-559-3806x250,BASIC,Frozen,2024-10-31,29.99
MEMBER-02103,William Duncan,william.duncan@hotmail.com,+1-764-469-2434x35486,VIP,Active,2024-12-22,59.99
MEMBER-02104,Jacob Garcia,jacob.garcia@yahoo.com,(803)687-1088x0354,BASIC,Frozen,2025-07-19,-29.99
MEMBER-02105,Ronald Conway,ronald.conway@hotmail.com,3373647476,VIP,Active,2025-08-22,99.99
MEMBER-02106,Christopher Thompson,christopher.thompson@yahoo.com,3392655868,VIP,Frozen,2024-10-28,99.99
MEMBER-02107,Kristin Turner,kristin.turner@yahoo.com,793.733.5286x60138,BASIC,Active,2026-04-30,59.99
MEMBER-02108,Aaron Huffman,aaron.huffman@gmail.com,001-457-638-0101,BASIC,Active,2026-06-17,-29.99
MEMBER-02109,Michael Owens,michael.owens@hotmail.com,358-506-1949,VIP,Cancelled,2026-09-05,-29.99
MEMBER-02110,Richard Mueller,richard.mueller@yahoo.com,8559191939,BASIC,Cancelled,2024-11-28,29.99
MEMBER-02111,Walter Norton,walter.norton@yahoo.com,570-480-4929,Premium,Cancelled,2026-05-02,99.99
MEMBER-02112,Mary Mullen,mary.mullen@hotmail.com,001-450-371-9612x933,BASIC,Frozen,2026-05-11,29.99
MEMBER-02113,James Ray,james.ray@gmail.com,(909)940-0371,,Active,2025-07-05,29.99
MEMBER-02114,Alexa Bailey,alexa.bailey@gmail.com,001-274-580-6611x262,Basic,Active,2026-09-08,99.99
MEMBER-02115,Brian Price,brian.price@yahoo.com,865-271-2118,BASIC,Cancelled,2026-07-03,-29.99
MEMBER-02116,Dawn Weaver,dawn.weaver@gmail.com,+1-423-299-3302x55987,,Cancelled,2025-08-25,59.99
MEMBER-02117,Kristin Walker,kristin.walker@yahoo.com,+1-259-668-8910x96196,Premium,Active,2025-07-02,99.99
MEMBER-02118,Anthony Martin,anthony.martin@gmail.com,(303)260-8164,,Active,2025-04-10,29.99
MEMBER-02119,Jonathan Hogan,jonathan.hogan@yahoo.com,5816971408,VIP,Frozen,2025-08-21,-29.99
MEMBER-02120,Anne Baker,anne.baker@hotmail.com,(706)809-5806x274,,Active,2025-08-27,59.99
MEMBER-02121,Brooke Robinson,brooke.robinson@hotmail.com,+1-285-690-7429x4142,Basic,Active,2026-01-20,59.99
MEMBER-02122,Michael Spears,michael.spears@hotmail.com,762.553.8476x691,VIP,Frozen,2024-10-30,-29.99
MEMBER-02123,Cody Hurley,cody.hurley@yahoo.com,828.461.7468x5902,Basic,Frozen,2026-01-11,-29.99
MEMBER-02124,Lindsay Bernard,lindsay.bernard@gmail.com,666-428-6603,Premium,Active,2025-04-23,59.99
MEMBER-02125,Lindsey Ross,lindsey.ross@hotmail.com,+1-267-401-6562x774,Basic,Active,2024-11-13,99.99
MEMBER-02126,Penny Underwood,penny.underwood@yahoo.com,(731)425-2423,BASIC,Active,2025-06-18,99.99
MEMBER-02127,Maria Myers,maria.myers@gmail.com,9854894961,,Active,2024-12-18,-29.99
MEMBER-02128,Michael Sweeney,michael.sweeney@yahoo.com,001-220-753-5313x18456,VIP,Active,2026-01-14,29.99
MEMBER-02129,Susan Hanson,susan.hanson@yahoo.com,+1-323-622-1091x29443,VIP,Active,2026-09-01,99.99
MEMBER-02130,Holly Lindsey,holly.lindsey@yahoo.com,4876834377,Premium,Active,2024-10-31,59.99
MEMBER-02131,Katelyn Davis,katelyn.davis@gmail.com,(282)831-3799x81810,VIP,Active,2025-01-20,59.99
MEMBER-02132,Michelle Martin,michelle.martin@yahoo.com,(778)496-3558x774,VIP,Cancelled,2025-08-15,29.99
MEMBER-02133,Jason Park,jason.park@hotmail.com,382.337.2544x22535,VIP,Frozen,2026-08-25,-29.99
MEMBER-02134,Steven Fox,steven.fox@hotmail.com,001-928-405-0345x53882,VIP,Active,2024-10-01,99.99
MEMBER-02135,Valerie Alexander,valerie.alexander@yahoo.com,(466)208-2887x45871,VIP,Active,2026-01-25,59.99
MEMBER-02136,Thomas Clark,thomas.clark@hotmail.com,868.459.3152,Premium,Active,2024-12-09,59.99
MEMBER-02137,Diane Johnson,diane.johnson@yahoo.com,001-714-443-0106x144,,Frozen,2025-12-28,99.99
MEMBER-02138,Kristina Harper,kristina.harper@yahoo.com,(774)543-3199x711,VIP,Frozen,2025-03-21,99.99
MEMBER-02139,Lori Eaton,lori.eaton@hotmail.com,529.669.7010x034,Basic,Frozen,2025-05-18,59.99
MEMBER-02140,Carol Crawford,carol.crawford@hotmail.com,001-885-286-1888x178,Basic,Cancelled,2026-03-31,99.99
MEMBER-02141,Wendy Lamb,wendy.lamb@gmail.com,959-892-7943,VIP,Active,2026-09-09,-29.99
MEMBER-02142,Jeffrey Anderson,jeffrey.anderson@yahoo.com,001-703-631-2223,VIP,Cancelled,2025-12-02,29.99
MEMBER-02143,Blake Hobbs,blake.hobbs@gmail.com,973-614-8368x7477,Premium,Cancelled,2024-09-30,59.99
MEMBER-02144,Stephen Walker,stephen.walker@yahoo.com,(456)300-7622x82128,Premium,Active,2025-12-21,-29.99
MEMBER-02145,Maria Lewis,maria.lewis@hotmail.com,(282)678-4726x43933,BASIC,Active,2026-04-09,29.99
MEMBER-02146,Kimberly Schneider,kimberly.schneider@yahoo.com,001-720-566-6048,Premium,Active,2024-12-08,-29.99
MEMBER-02147,Hunter King,hunter.king@yahoo.com,658.849.8118,VIP,Frozen,2025-06-26,99.99
MEMBER-02148,Corey Rasmussen,corey.rasmussen@gmail.com,606-537-8170,Premium,Active,2026-06-01,99.99
MEMBER-02149,Nicholas Garrett,nicholas.garrett@hotmail.com,616-459-5585,Premium,Frozen,2024-11-21,29.99
MEMBER-02150,Cindy Porter,cindy.porter@gmail.com,936-836-5972,Basic,Cancelled,2025-09-19,59.99
MEMBER-02151,Ronald Vasquez,ronald.vasquez@yahoo.com,(393)758-6134x174,Premium,Cancelled,2025-03-15,99.99
MEMBER-02152,Kim Forbes,kim.forbes@gmail.com,+1-284-926-7233,Premium,Cancelled,2026-07-17,59.99
MEMBER-02153,Richard Cox,richard.cox@gmail.com,2116139154,Basic,Active,2025-05-03,29.99
MEMBER-02154,Isaac Gonzalez,isaac.gonzalez@yahoo.com,892.614.9901x0861,Basic,Active,2026-06-29,-29.99
MEMBER-02155,Steve Jacobs,steve.jacobs@yahoo.com,+1-899-915-7380x6799,BASIC,Active,2026-02-25,59.99
MEMBER-02156,Jerry Hayes,jerry.hayes@gmail.com,001-661-502-3726,Basic,Active,2026-03-03,29.99
MEMBER-02157,Glenn Cox,glenn.cox@yahoo.com,001-797-724-5971,BASIC,Active,2026-09-06,99.99
MEMBER-02158,Evelyn Williamson,evelyn.williamson@gmail.com,001-877-201-1549x17732,Basic,Active,2026-06-22,99.99
MEMBER-02159,Tammy Coleman,tammy.coleman@yahoo.com,(888)988-6108x59735,Basic,Active,2026-07-27,29.99
MEMBER-02160,Maria Knapp,maria.knapp@hotmail.com,833-964-4702x6327,,Cancelled,2026-02-18,59.99
MEMBER-02161,Roger Pham,roger.pham@yahoo.com,+1-964-358-7669x494,Premium,Frozen,2025-06-23,29.99
MEMBER-02162,Michael Fuller,michael.fuller@hotmail.com,747.545.0240,Basic,Cancelled,2025-09-04,99.99
MEMBER-02163,Tyler Burke,tyler.burke@gmail.com,+1-748-296-5394,,Frozen,2025-03-29,99.99
MEMBER-02164,Scott Briggs,scott.briggs@yahoo.com,+1-507-780-5383,Premium,Cancelled,2026-09-14,29.99
MEMBER-02165,Richard Lopez,richard.lopez@hotmail.com,+1-513-969-6480x407,Basic,Active,2025-03-07,59.99
MEMBER-02166,Brian Pratt,brian.pratt@yahoo.com,350-263-2405,Premium,Frozen,2026-06-11,59.99
MEMBER-02167,Joanna Thomas,joanna.thomas@yahoo.com,838.879.6334x67464,,Active,2026-04-28,29.99
MEMBER-02168,Benjamin Robinson,benjamin.robinson@gmail.com,339.297.4159x2094,Premium,Active,2026-08-08,99.99
MEMBER-02169,Christopher White,christopher.white@yahoo.com,(907)981-9516x48497,,Cancelled,2025-03-02,-29.99
MEMBER-02170,April Forbes,april.forbes@gmail.com,(214)743-5754x78935,Basic,Cancelled,2026-02-27,99.99
MEMBER-02171,Katherine Davidson,katherine.davidson@gmail.com,(302)470-6875x67071,BASIC,Active,2026-01-04,59.99
MEMBER-02172,Ian Ware,ian.ware@yahoo.com,739-612-3774,,Cancelled,2026-03-02,-29.99
MEMBER-02173,Curtis Doyle,curtis.doyle@gmail.com,976.387.0580,Basic,Frozen,2026-05-08,29.99
MEMBER-02174,Bradley Lang,bradley.lang@yahoo.com,+1-651-906-4070x7838,BASIC,Active,2025-11-12,59.99
MEMBER-02175,Jessica Hunt,jessica.hunt@gmail.com,6342857365,BASIC,Frozen,2026-08-01,99.99
MEMBER-02176,Kelly Baker,kelly.baker@gmail.com,628.509.0317x8836,,Active,2026-04-23,29.99
MEMBER-02177,Stacy Patterson,stacy.patterson@hotmail.com,259.584.4408x89593,VIP,Active,2025-02-17,29.99
MEMBER-02178,Teresa Johnson,teresa.johnson@hotmail.com,(560)252-6990x152,BASIC,Frozen,2026-08-25,-29.99
MEMBER-02179,David Meza,david.meza@hotmail.com,+1-666-233-0923x565,,Frozen,2025-04-04,-29.99
MEMBER-02180,Anthony Harper,anthony.harper@hotmail.com,354-402-7320,Premium,Active,2026-07-30,99.99
MEMBER-02181,Theresa Lynch,theresa.lynch@gmail.com,485-200-4231,BASIC,Cancelled,2026-05-07,29.99
MEMBER-02182,Wendy Dickerson,wendy.dickerson@hotmail.com,(704)681-0930,BASIC,Frozen,2025-11-12,59.99
MEMBER-02183,Keith West,keith.west@hotmail.com,(577)397-3982x455,Basic,Active,2025-07-14,29.99
MEMBER-02184,Michele Nichols,michele.nichols@yahoo.com,(338)726-4295,BASIC,Active,2025-02-16,29.99
MEMBER-02185,Monica Diaz,monica.diaz@yahoo.com,+1-868-781-5590x30819,Basic,Cancelled,2026-07-14,-29.99
MEMBER-02186,Kevin Harmon,kevin.harmon@yahoo.com,(415)604-8849x1508,BASIC,Active,2025-05-07,59.99
MEMBER-02187,Richard Roberts,richard.roberts@gmail.com,307-269-5559x35588,Basic,Frozen,2025-10-25,59.99
MEMBER-02188,Katherine Anderson,katherine.anderson@gmail.com,775.647.7774x592,VIP,Cancelled,2026-08-10,-29.99
MEMBER-02189,Jean Martinez,jean.martinez@hotmail.com,224.693.7979x007,Basic,Cancelled,2026-08-05,-29.99
MEMBER-02190,Mark Diaz,mark.diaz@yahoo.com,+1-449-567-4166,BASIC,Frozen,2026-03-06,99.99
MEMBER-02191,Anne French,anne.french@hotmail.com,612.255.9350x2767,BASIC,Frozen,2025-07-14,-29.99
MEMBER-02192,Kevin Casey,kevin.casey@gmail.com,927.265.3145x1341,,Active,2024-11-08,-29.99
MEMBER-02193,Matthew Horne,matthew.horne@yahoo.com,+1-434-355-9556,,Frozen,2025-08-21,59.99
MEMBER-02194,Victoria Huber,victoria.huber@hotmail.com,735.276.6808,BASIC,Active,2025-05-18,29.99
MEMBER-02195,Vanessa Manning,vanessa.manning@gmail.com,7867043171,VIP,Active,2026-03-08,-29.99
MEMBER-02196,Thomas Morris,thomas.morris@gmail.com,297-593-3686,Premium,Cancelled,2026-08-03,29.99
MEMBER-02197,Casey Frazier,casey.frazier@gmail.com,398.388.5010x55839,Basic,Active,2024-12-18,29.99
MEMBER-02198,Mike Harris,mike.harris@gmail.com,(864)500-9333,BASIC,Active,2025-10-19,59.99
MEMBER-02199,Briana Lopez,briana.lopez@gmail.com,+1-638-987-8218x89384,BASIC,Frozen,2025-11-03,59.99
MEMBER-02200,Cory Avila,cory.avila@yahoo.com,(863)842-0834x81242,VIP,Active,2025-05-10,29.99
MEMBER-02201,Timothy Hernandez,timothy.hernandez@yahoo.com,940-747-8327x9663,,Active,2025-11-02,-29.99
MEMBER-02202,Christopher Steele,christopher.steele@yahoo.com,644.899.2468x714,Premium,Frozen,2026-06-21,-29.99
MEMBER-02203,Chelsea Mcgrath,chelsea.mcgrath@hotmail.com,+1-653-215-5664x239,BASIC,Frozen,2025-01-22,99.99
MEMBER-02204,Courtney Sparks,courtney.sparks@hotmail.com,001-408-496-4966x68118,,Active,2025-12-17,29.99
MEMBER-02205,Kimberly Thomas,kimberly.thomas@hotmail.com,001-624-268-7220x37337,BASIC,Active,2025-07-23,-29.99
MEMBER-02206,Emma Brown,emma.brown@hotmail.com,(774)985-7830x45596,BASIC,Frozen,2026-02-22,-29.99
MEMBER-02207,Reginald Weiss,reginald.weiss@yahoo.com,886.680.0551x267,BASIC,Active,2026-02-04,29.99
MEMBER-02208,Jonathan Guzman,jonathan.guzman@gmail.com,(432)270-5614x65344,Basic,Cancelled,2024-11-12,99.99
MEMBER-02209,Kelly Miller,kelly.miller@hotmail.com,767.247.1520x35191,Premium,Active,2026-06-12,-29.99
MEMBER-02210,Matthew Brooks,matthew.brooks@gmail.com,535.485.0814,Premium,Frozen,2026-07-04,-29.99
MEMBER-02211,Jacob Hart,jacob.hart@yahoo.com,(863)227-9042x33810,BASIC,Active,2026-09-10,-29.99
MEMBER-02212,Tina Mcbride,tina.mcbride@hotmail.com,670-705-2291,,Active,2025-09-17,-29.99
MEMBER-02213,Rachel Pena,rachel.pena@yahoo.com,001-265-499-0527,,Cancelled,2025-06-25,29.99
MEMBER-02214,Christina Patterson,christina.patterson@gmail.com,235-883-0407x7513,BASIC,Frozen,2024-11-24,-29.99
MEMBER-02215,Alex Potter,alex.potter@gmail.com,368-697-4537,,Active,2025-09-08,99.99
MEMBER-02216,John Flowers,john.flowers@gmail.com,731-892-7431x2666,VIP,Frozen,2026-07-22,29.99
MEMBER-02217,Bradley Walker,bradley.walker@yahoo.com,965-758-0624,Basic,Active,2025-06-10,59.99
MEMBER-02218,Matthew Fisher,matthew.fisher@gmail.com,2362702751,VIP,Frozen,2026-08-17,29.99
MEMBER-02219,Susan Berger,susan.berger@hotmail.com,(387)806-9057x11218,VIP,Active,2025-09-13,29.99
MEMBER-02220,Molly George,molly.george@gmail.com,653.793.3054,BASIC,Frozen,2024-11-28,99.99
MEMBER-02221,Monica Barnes,monica.barnes@yahoo.com,2794432183,BASIC,Frozen,2025-04-24,29.99
MEMBER-02222,Gregory Vega,gregory.vega@yahoo.com,001-685-251-9020x4115,Premium,Cancelled,2026-05-24,59.99
MEMBER-02223,Leslie Williams,leslie.williams@gmail.com,246.753.3633,VIP,Active,2025-10-05,29.99
MEMBER-02224,Jeanne Richardson,jeanne.richardson@yahoo.com,670.509.8416,VIP,Active,2025-09-11,99.99
MEMBER-02225,Sarah Johnson,sarah.johnson@hotmail.com,(717)404-7012,Premium,Active,2025-11-28,99.99
MEMBER-02226,Rachel Davenport,rachel.davenport@gmail.com,397.917.8568,Basic,Active,2025-07-17,-29.99
MEMBER-02227,Cassie Brooks,cassie.brooks@yahoo.com,+1-317-839-3010x559,,Active,2026-01-10,99.99
MEMBER-02228,Kayla Lopez,kayla.lopez@hotmail.com,+1-217-893-6470x8944,Basic,Active,2025-06-25,29.99
MEMBER-02229,Janet Solis,janet.solis@yahoo.com,(625)893-5707x650,VIP,Active,2025-02-12,-29.99
MEMBER-02230,Molly Harrison,molly.harrison@hotmail.com,862-227-1926x02611,VIP,Active,2026-04-23,-29.99
MEMBER-02231,David Fritz,david.fritz@gmail.com,(409)919-4908x17003,Basic,Cancelled,2026-03-16,99.99
MEMBER-02232,Richard Jackson,richard.jackson@gmail.com,(887)477-7014x972,BASIC,Frozen,2026-08-11,59.99
MEMBER-02233,Susan Garcia,susan.garcia@yahoo.com,(396)446-0773x59569,,Frozen,2025-01-19,99.99
MEMBER-02234,Benjamin Grimes,benjamin.grimes@gmail.com,456.739.7489,BASIC,Cancelled,2024-10-30,-29.99
MEMBER-02235,Brandon Kelly,brandon.kelly@yahoo.com,948.967.3581x821,Basic,Cancelled,2025-04-17,99.99
MEMBER-02236,William Acevedo,william.acevedo@yahoo.com,779.835.9958x4383,VIP,Active,2026-01-08,99.99
MEMBER-02237,Beth Harrison,beth.harrison@gmail.com,(652)801-9306,,Active,2026-02-05,59.99
MEMBER-02238,Becky Hernandez,becky.hernandez@yahoo.com,791-596-9933,,Active,2026-03-06,29.99
MEMBER-02239,Benjamin Burton,benjamin.burton@gmail.com,001-587-783-0568x28753,,Frozen,2026-07-12,99.99
MEMBER-02240,Martin Henderson,martin.henderson@gmail.com,3293487478,Basic,Active,2025-02-17,-29.99
MEMBER-02241,Angelica Powell,angelica.powell@hotmail.com,001-434-451-7392,Premium,Frozen,2025-12-19,29.99
MEMBER-02242,Jeffrey Alexander,jeffrey.alexander@yahoo.com,965.303.9475x05577,VIP,Frozen,2025-09-17,-29.99
MEMBER-02243,Kevin Jones,kevin.jones@gmail.com,+1-243-445-3538x11575,,Frozen,2026-08-25,59.99
MEMBER-02244,Tanya Moore,tanya.moore@hotmail.com,680-536-9575x629,BASIC,Active,2025-02-27,99.99
MEMBER-02245,Barbara Russell,barbara.russell@yahoo.com,608.685.5069x439,,Active,2026-06-10,59.99
MEMBER-02246,Daniel Floyd,daniel.floyd@gmail.com,7426797493,Basic,Cancelled,2026-07-11,-29.99
MEMBER-02247,Brenda Wilson,brenda.wilson@gmail.com,381-588-9699,Premium,Active,2025-01-24,99.99
MEMBER-02248,Kathryn Huffman,kathryn.huffman@hotmail.com,357.353.8481,,Active,2025-06-05,29.99
MEMBER-02249,Jennifer Johnson,jennifer.johnson@gmail.com,775-660-1642x6245,,Cancelled,2025-08-15,99.99
MEMBER-02250,Veronica Smith,veronica.smith@gmail.com,635-246-9223,BASIC,Cancelled,2025-10-11,59.99
MEMBER-02251,Mary Miller,mary.miller@yahoo.com,643.946.6095,Premium,Frozen,2026-03-12,-29.99
MEMBER-02252,Brandon Stanley,brandon.stanley@yahoo.com,3398810795,BASIC,Frozen,2025-02-20,29.99
MEMBER-02253,Matthew Jones,matthew.jones@hotmail.com,001-212-702-2417x56168,Premium,Active,2025-08-30,99.99
MEMBER-02254,Johnny Greer,johnny.greer@hotmail.com,001-754-313-3366x5028,VIP,Cancelled,2025-06-08,99.99
MEMBER-02255,Rebecca Horton,rebecca.horton@yahoo.com,+1-217-791-5782,,Cancelled,2025-02-11,-29.99
MEMBER-02256,Joan Torres,joan.torres@gmail.com,(619)311-4299,Premium,Active,2025-05-09,59.99
MEMBER-02257,Daniel Smith,daniel.smith@gmail.com,685.469.9391,Premium,Active,2025-08-12,59.99
MEMBER-02258,Marc Smith,marc.smith@gmail.com,(601)674-0209,VIP,Active,2025-08-30,-29.99
MEMBER-02259,Christine Gordon,christine.gordon@hotmail.com,(565)894-8182x7291,,Active,2025-09-16,-29.99
MEMBER-02260,Olivia Murphy,olivia.murphy@hotmail.com,364-249-1532,Basic,Cancelled,2026-08-20,59.99
MEMBER-02261,Cody Lee,cody.lee@hotmail.com,423-415-6823x42840,VIP,Cancelled,2026-08-11,29.99
MEMBER-02262,Jessica Navarro,jessica.navarro@yahoo.com,(526)871-3202x5342,VIP,Frozen,2025-09-03,59.99
MEMBER-02263,Lauren Li,lauren.li@yahoo.com,(204)929-3987x6674,Basic,Active,2025-10-09,29.99
MEMBER-02264,Michelle Jones,michelle.jones@yahoo.com,+1-952-440-0330x5109,Basic,Active,2025-05-04,99.99
MEMBER-02265,Lauren Brock,lauren.brock@gmail.com,(442)965-4168x939,,Frozen,2026-07-13,29.99
MEMBER-02266,Ryan Ramsey,ryan.ramsey@hotmail.com,001-539-885-2381x828,BASIC,Frozen,2026-02-11,29.99
MEMBER-02267,James Lambert,james.lambert@gmail.com,001-378-768-0704x23573,BASIC,Cancelled,2025-12-19,59.99
MEMBER-02268,Joe Hoover,joe.hoover@hotmail.com,(299)921-3534x70507,Basic,Active,2025-10-03,99.99
MEMBER-02269,Nicholas Cummings,nicholas.cummings@hotmail.com,001-849-449-9963x57686,BASIC,Active,2026-05-16,59.99
MEMBER-02270,Chad Payne,chad.payne@gmail.com,795-719-4845x42259,,Active,2024-12-13,99.99
MEMBER-02271,James Mathis,james.mathis@gmail.com,001-305-391-5419x635,VIP,Active,2024-10-16,59.99
MEMBER-02272,Candice Jimenez,candice.jimenez@yahoo.com,236-636-5905,BASIC,Cancelled,2024-11-15,59.99
MEMBER-02273,Travis Crawford,travis.crawford@gmail.com,(534)426-7870,Basic,Cancelled,2025-03-13,59.99
MEMBER-02274,Cynthia Gardner,cynthia.gardner@gmail.com,317.418.9935x47521,VIP,Active,2025-09-03,-29.99
MEMBER-02275,Kara Gould,kara.gould@yahoo.com,373.211.4933,VIP,Active,2025-11-15,-29.99
MEMBER-02276,William Martin,william.martin@gmail.com,3652940038,,Frozen,2025-04-03,29.99
MEMBER-02277,Janet Evans,janet.evans@yahoo.com,001-310-902-1824x140,VIP,Active,2024-10-31,-29.99
MEMBER-02278,Dennis Green,dennis.green@yahoo.com,668-978-7321,Premium,Frozen,2026-07-27,59.99
MEMBER-02279,Robin Smith,robin.smith@hotmail.com,(604)634-7433,VIP,Active,2025-01-04,99.99
MEMBER-02280,Dan Jenkins,dan.jenkins@gmail.com,5043601041,VIP,Active,2025-03-27,29.99
MEMBER-02281,Matthew Cook,matthew.cook@hotmail.com,994.420.7223x956,Basic,Cancelled,2026-02-18,99.99
MEMBER-02282,Christopher Gray,christopher.gray@gmail.com,001-989-789-8787x767,,Active,2026-07-29,99.99
MEMBER-02283,Bryce Porter,bryce.porter@yahoo.com,+1-612-939-8189x39720,VIP,Active,2025-03-19,59.99
MEMBER-02284,Benjamin Ward,benjamin.ward@hotmail.com,255-986-8173x418,BASIC,Active,2025-12-19,29.99
MEMBER-02285,Diane Maxwell,diane.maxwell@hotmail.com,+1-703-515-7585x93918,BASIC,Frozen,2026-02-21,99.99
MEMBER-02286,Peter Taylor,peter.taylor@yahoo.com,249-833-9271x954,Basic,Cancelled,2025-03-22,99.99
MEMBER-02287,Zachary Abbott,zachary.abbott@yahoo.com,6204715378,Premium,Cancelled,2024-11-07,-29.99
MEMBER-02288,Gloria Reed,gloria.reed@hotmail.com,+1-955-435-4407x8967,VIP,Active,2026-02-08,29.99
MEMBER-02289,Jennifer Blair,jennifer.blair@gmail.com,001-600-872-0409x47112,VIP,Active,2024-12-17,-29.99
MEMBER-02290,Hailey Richardson,hailey.richardson@yahoo.com,+1-904-310-4866,BASIC,Active,2025-11-05,99.99
MEMBER-02291,Robert Tapia,robert.tapia@gmail.com,(324)947-0498x67110,BASIC,Active,2025-09-23,59.99
MEMBER-02292,Kimberly Hall,kimberly.hall@gmail.com,970-644-3073x24668,VIP,Active,2026-01-05,99.99
MEMBER-02293,Lisa Shelton,lisa.shelton@gmail.com,+1-404-638-1779x9899,BASIC,Frozen,2025-08-05,-29.99
MEMBER-02294,Mckenzie Martin,mckenzie.martin@yahoo.com,8486113018,Basic,Active,2025-04-04,59.99
MEMBER-02295,Derek Miller,derek.miller@yahoo.com,(265)218-1275x917,BASIC,Cancelled,2025-04-04,29.99
MEMBER-02296,Joseph Berger,joseph.berger@yahoo.com,732-356-7405x362,BASIC,Cancelled,2026-08-06,99.99
MEMBER-02297,Debra Moore,debra.moore@gmail.com,254-811-1902,VIP,Active,2024-10-04,29.99
MEMBER-02298,Tracy Wright,tracy.wright@yahoo.com,+1-993-500-5221x4426,Premium,Cancelled,2026-04-30,59.99
MEMBER-02299,Karen Velasquez,karen.velasquez@hotmail.com,625-661-1615x999,,Active,2026-04-19,99.99
MEMBER-02300,Donald Conner,donald.conner@gmail.com,+1-845-453-7582,BASIC,Active,2026-04-08,59.99
MEMBER-02301,Danielle Wood,danielle.wood@hotmail.com,549-794-0232,VIP,Cancelled,2025-12-01,99.99
MEMBER-02302,Mitchell Hall,mitchell.hall@yahoo.com,303.952.8805x07507,VIP,Cancelled,2026-06-15,29.99
MEMBER-02303,Jason Green,jason.green@yahoo.com,(652)647-7774,BASIC,Frozen,2025-12-09,59.99
MEMBER-02304,Peter Bauer,peter.bauer@gmail.com,4468400606,BASIC,Active,2025-05-15,59.99
MEMBER-02305,Amy Martinez,amy.martinez@hotmail.com,+1-375-453-7793x85460,Basic,Active,2024-12-29,59.99
MEMBER-02306,Andrew Mathis,andrew.mathis@gmail.com,525.445.3960x160,Basic,Active,2026-07-12,59.99
MEMBER-02307,Crystal King,crystal.king@gmail.com,292.562.5174x316,VIP,Cancelled,2025-01-06,29.99
MEMBER-02308,Nathan Banks,nathan.banks@gmail.com,001-794-439-8844x2789,BASIC,Active,2026-03-12,99.99
MEMBER-02309,Sandy Simmons,sandy.simmons@yahoo.com,001-749-964-5495,Premium,Active,2026-04-18,99.99
MEMBER-02310,William Wilson,william.wilson@yahoo.com,001-231-474-2718x3224,Premium,Active,2025-03-10,29.99
MEMBER-02311,Carol Clark,carol.clark@hotmail.com,(276)617-6404,,Active,2026-04-14,-29.99
MEMBER-02312,Sandra Rogers,sandra.rogers@yahoo.com,212-786-3811,BASIC,Active,2024-10-01,59.99
MEMBER-02313,Sharon Zimmerman,sharon.zimmerman@gmail.com,+1-492-407-4595,Premium,Cancelled,2025-09-04,99.99
MEMBER-02314,Kimberly Yoder,kimberly.yoder@yahoo.com,942.539.3543x3732,VIP,Active,2026-01-11,-29.99
MEMBER-02315,Robert Francis,robert.francis@gmail.com,951-400-2607,Premium,Active,2024-11-17,59.99
MEMBER-02316,Jonathan Shannon,jonathan.shannon@hotmail.com,586-396-5371x557,,Cancelled,2024-10-16,99.99
MEMBER-02317,Michael Smith,michael.smith@hotmail.com,+1-231-987-3095,Premium,Active,2026-01-22,59.99
MEMBER-02318,Jason Hall,jason.hall@yahoo.com,712.297.3414,BASIC,Cancelled,2026-08-21,29.99
MEMBER-02319,Tiffany Moore,tiffany.moore@hotmail.com,959.408.2680x090,VIP,Frozen,2025-02-07,59.99
MEMBER-02320,Anthony Rios,anthony.rios@yahoo.com,721-889-4523,,Active,2026-05-18,59.99
MEMBER-02321,Benjamin Young,benjamin.young@gmail.com,599-287-5175x79032,VIP,Active,2026-06-24,29.99
MEMBER-02322,Sharon Fox,sharon.fox@gmail.com,(909)841-7502x41300,Basic,Active,2025-10-14,59.99
MEMBER-02323,Debra Black,debra.black@yahoo.com,958-450-9591x45049,VIP,Active,2026-08-27,59.99
MEMBER-02324,John Gutierrez,john.gutierrez@yahoo.com,+1-662-572-8651x81420,BASIC,Active,2026-02-13,99.99
MEMBER-02325,Angela Cannon,angela.cannon@yahoo.com,6465217643,Basic,Active,2026-07-24,29.99
MEMBER-02326,Audrey Mitchell,audrey.mitchell@yahoo.com,001-767-940-7886x985,Basic,Frozen,2025-04-24,59.99
MEMBER-02327,Christine Rosario,christine.rosario@gmail.com,9665726418,BASIC,Frozen,2026-02-15,29.99
MEMBER-02328,Beth Medina,beth.medina@yahoo.com,377.801.2493,Basic,Frozen,2026-04-24,-29.99
MEMBER-02329,Joseph Lowe,joseph.lowe@hotmail.com,524.837.8047x04079,VIP,Active,2025-06-20,99.99
MEMBER-02330,Carlos Hicks,carlos.hicks@yahoo.com,(769)926-9203x273,Premium,Active,2024-12-26,59.99
MEMBER-02331,Donald Price,donald.price@yahoo.com,(712)330-0857,VIP,Cancelled,2025-07-08,-29.99
MEMBER-02332,Jim Thornton,jim.thornton@gmail.com,266-500-9805x78369,VIP,Active,2024-10-19,59.99
MEMBER-02333,James Kent,james.kent@gmail.com,665.932.9856,Basic,Frozen,2026-07-30,-29.99
MEMBER-02334,Jennifer Alexander,jennifer.alexander@gmail.com,001-970-260-0746x1433,Premium,Frozen,2024-11-04,29.99
MEMBER-02335,Kristen Quinn,kristen.quinn@gmail.com,001-874-443-6871x6387,VIP,Active,2026-08-06,59.99
MEMBER-02336,Christopher Howard,christopher.howard@yahoo.com,001-474-605-4586x618,BASIC,Frozen,2026-05-09,99.99
MEMBER-02337,Amber Porter,amber.porter@gmail.com,927-485-3141x988,BASIC,Frozen,2025-08-16,99.99
MEMBER-02338,Jared Scott,jared.scott@hotmail.com,(412)323-3998,,Frozen,2025-05-27,99.99
MEMBER-02339,Anna Johnson,anna.johnson@yahoo.com,001-913-320-4484x567,BASIC,Cancelled,2025-07-05,99.99
MEMBER-02340,Maria Estrada,maria.estrada@gmail.com,001-376-860-4568x9391,BASIC,Cancelled,2026-03-12,-29.99
MEMBER-02341,Lori Collins,lori.collins@yahoo.com,+1-267-776-5766x6476,Basic,Cancelled,2025-01-01,59.99
MEMBER-02342,Alan Lambert,alan.lambert@yahoo.com,+1-929-464-5521x7504,Basic,Cancelled,2025-12-30,59.99
MEMBER-02343,Angela Freeman,angela.freeman@gmail.com,854.442.2061x850,Basic,Active,2026-01-01,99.99
MEMBER-02344,Margaret Mcdonald,margaret.mcdonald@hotmail.com,686.840.0672,Premium,Active,2026-07-26,-29.99
MEMBER-02345,Susan Harris,susan.harris@gmail.com,521.543.0318,Basic,Active,2025-04-01,29.99
MEMBER-02346,Lori Prince,lori.prince@gmail.com,784-706-5488,BASIC,Frozen,2025-11-06,-29.99
MEMBER-02347,Tyrone Watson,tyrone.watson@hotmail.com,652-796-1514x3697,BASIC,Active,2025-09-14,29.99
MEMBER-02348,Jasmine Mills,jasmine.mills@yahoo.com,779-783-8713,Premium,Active,2025-07-31,99.99
MEMBER-02349,Stephanie Sloan,stephanie.sloan@yahoo.com,938.495.8641,Basic,Cancelled,2025-06-07,99.99
MEMBER-02350,Shirley Hughes,shirley.hughes@gmail.com,001-919-899-1624x694,Premium,Cancelled,2026-03-26,99.99
MEMBER-02351,Stacy Vargas,stacy.vargas@yahoo.com,+1-284-326-8517x97367,,Cancelled,2026-06-19,29.99
MEMBER-02352,Natalie Anderson,natalie.anderson@yahoo.com,990-495-2038,,Cancelled,2024-12-13,-29.99
MEMBER-02353,Robyn Martinez,robyn.martinez@yahoo.com,+1-219-304-5624x4622,Basic,Cancelled,2025-07-26,-29.99
MEMBER-02354,Matthew Russell,matthew.russell@hotmail.com,493.850.8243,Basic,Frozen,2025-01-03,29.99
MEMBER-02355,Marcus Nunez,marcus.nunez@gmail.com,403-207-5598x414,VIP,Active,2025-01-13,-29.99
MEMBER-02356,Nicole Moreno,nicole.moreno@gmail.com,001-950-274-5093x32809,VIP,Active,2025-01-12,99.99
MEMBER-02357,Joseph Smith,joseph.smith@gmail.com,509-707-7182,Premium,Active,2026-03-25,29.99
MEMBER-02358,Hannah Mcmillan,hannah.mcmillan@gmail.com,001-977-737-6554x76172,BASIC,Active,2025-09-30,-29.99
MEMBER-02359,Stacey Morgan,stacey.morgan@yahoo.com,+1-314-771-2666,VIP,Active,2026-08-19,99.99
MEMBER-02360,Frances Carpenter,frances.carpenter@hotmail.com,001-629-542-7021x5013,Basic,Active,2026-02-02,99.99
MEMBER-02361,John Williams,john.williams@gmail.com,398.495.8247x7339,,Cancelled,2026-01-07,59.99
MEMBER-02362,Michelle Lin,michelle.lin@gmail.com,919.312.7593x955,Basic,Frozen,2025-05-07,99.99
MEMBER-02363,Laurie Miller,laurie.miller@hotmail.com,262-220-6591,Basic,Active,2026-04-06,-29.99
MEMBER-02364,Joshua King,joshua.king@yahoo.com,636-444-4329x691,Basic,Active,2025-01-25,99.99
MEMBER-02365,Hannah Hooper,hannah.hooper@hotmail.com,7074227683,Premium,Cancelled,2025-09-19,-29.99
MEMBER-02366,William Boone,william.boone@hotmail.com,285.271.0933x853,Basic,Active,2024-10-29,59.99
MEMBER-02367,Brianna Lam,brianna.lam@hotmail.com,(332)958-6775x46586,Premium,Active,2025-02-01,-29.99
MEMBER-02368,Angela Parker,angela.parker@yahoo.com,+1-603-344-6332x4656,VIP,Cancelled,2025-06-12,29.99
MEMBER-02369,Kenneth Jenkins,kenneth.jenkins@gmail.com,817-757-3518x51769,VIP,Active,2026-03-26,-29.99
MEMBER-02370,Lisa Ward,lisa.ward@hotmail.com,(656)400-3375x22964,VIP,Cancelled,2024-12-03,99.99
MEMBER-02371,Alan Moore,alan.moore@gmail.com,814-255-7953x72376,Basic,Frozen,2025-04-26,59.99
MEMBER-02372,Chad Thomas,chad.thomas@yahoo.com,430-329-7081x3722,BASIC,Active,2024-10-08,-29.99
MEMBER-02373,Christine Gonzalez,christine.gonzalez@hotmail.com,001-424-639-2295x01496,BASIC,Frozen,2024-10-15,-29.99
MEMBER-02374,Steven Reynolds,steven.reynolds@hotmail.com,+1-295-239-0878x34767,Basic,Active,2025-09-01,99.99
MEMBER-02375,William Collins,william.collins@yahoo.com,(466)794-8360x94386,,Cancelled,2026-08-30,-29.99
MEMBER-02376,Jessica Moreno,jessica.moreno@yahoo.com,001-825-462-9726,BASIC,Active,2025-03-08,29.99
MEMBER-02377,Lindsay Strickland,lindsay.strickland@yahoo.com,927.434.6892x704,,Frozen,2025-02-22,-29.99
MEMBER-02378,Kimberly Frazier,kimberly.frazier@yahoo.com,+1-246-866-1051x4961,Premium,Cancelled,2026-08-02,-29.99
MEMBER-02379,William Jackson,william.jackson@hotmail.com,(788)379-2449x4039,,Active,2025-11-04,99.99
MEMBER-02380,Susan Howell,susan.howell@yahoo.com,(213)344-0883x31838,BASIC,Active,2025-07-29,29.99
MEMBER-02381,Beth Lee,beth.lee@yahoo.com,(491)223-7793x98012,BASIC,Frozen,2024-11-24,59.99
MEMBER-02382,Paul Davis,paul.davis@yahoo.com,(500)323-9152,Premium,Frozen,2026-09-16,59.99
MEMBER-02383,James Cervantes,james.cervantes@yahoo.com,+1-531-340-9821x2702,,Active,2025-11-26,99.99
MEMBER-02384,Brooke Simmons,brooke.simmons@gmail.com,9129959031,,Active,2026-02-01,29.99
MEMBER-02385,Luke Strong,luke.strong@hotmail.com,001-600-601-9176x532,Basic,Active,2025-11-11,-29.99
MEMBER-02386,John Esparza,john.esparza@hotmail.com,001-271-951-5474x69117,BASIC,Active,2024-10-04,-29.99
MEMBER-02387,Dennis Taylor,dennis.taylor@gmail.com,5406093808,,Frozen,2026-01-26,99.99
MEMBER-02388,Jennifer May,jennifer.may@gmail.com,421.660.0593,VIP,Active,2026-03-22,29.99
MEMBER-02389,Charles Hall,charles.hall@hotmail.com,001-352-876-2520x2131,Basic,Active,2025-09-23,59.99
MEMBER-02390,Anne Swanson,anne.swanson@gmail.com,932.867.0116x78116,Premium,Active,2026-04-21,29.99
MEMBER-02391,Derek Harper,derek.harper@gmail.com,215-638-6426x73022,Basic,Active,2024-11-29,99.99
MEMBER-02392,Timothy Roman,timothy.roman@yahoo.com,604.305.3198,VIP,Active,2024-11-12,-29.99
MEMBER-02393,Elizabeth Johnson,elizabeth.johnson@yahoo.com,908-648-5284x67703,,Frozen,2025-08-30,99.99
MEMBER-02394,Shannon Vasquez,shannon.vasquez@hotmail.com,7835076440,Premium,Cancelled,2025-06-03,59.99
MEMBER-02395,Mark Huang,mark.huang@gmail.com,327.527.9732x8290,Basic,Frozen,2025-01-05,29.99
MEMBER-02396,Alex Rodriguez,alex.rodriguez@gmail.com,334-206-3680,BASIC,Active,2025-07-05,29.99
MEMBER-02397,Anthony Turner,anthony.turner@yahoo.com,911-874-7117x06485,BASIC,Active,2026-09-04,29.99
MEMBER-02398,William Sullivan,william.sullivan@gmail.com,+1-312-240-7904x4813,Premium,Active,2026-09-05,-29.99
MEMBER-02399,David Shea,david.shea@yahoo.com,267-367-7619x52496,BASIC,Active,2025-10-06,99.99
MEMBER-02400,Benjamin Hernandez,benjamin.hernandez@gmail.com,264.651.7702x238,,Frozen,2026-03-26,-29.99
MEMBER-02401,Tracie Bernard,tracie.bernard@yahoo.com,482.677.2532x095,VIP,Active,2025-11-07,59.99
MEMBER-02402,Anne Wells,anne.wells@gmail.com,(287)427-2993x357,Premium,Active,2026-03-23,59.99
MEMBER-02403,Rachel Johnson,rachel.johnson@hotmail.com,898.666.3984,Basic,Active,2025-11-14,59.99
MEMBER-02404,Justin Taylor,justin.taylor@yahoo.com,398.835.6523,Basic,Cancelled,2026-02-21,-29.99
MEMBER-02405,Shawn Martin,shawn.martin@gmail.com,535.533.4062x0166,Premium,Cancelled,2025-04-23,-29.99
MEMBER-02406,Kimberly Wilson,kimberly.wilson@hotmail.com,(515)863-4526,,Cancelled,2025-02-06,29.99
MEMBER-02407,Lauren Rice,lauren.rice@yahoo.com,(733)757-0444,VIP,Active,2026-06-08,59.99
MEMBER-02408,Jennifer Singh,jennifer.singh@hotmail.com,634-742-1117x5494,BASIC,Active,2025-10-02,29.99
MEMBER-02409,Darlene Jackson,darlene.jackson@gmail.com,+1-388-342-4638x1512,Basic,Cancelled,2026-09-02,59.99
MEMBER-02410,Ricky Goodwin,ricky.goodwin@hotmail.com,+1-924-564-2998x724,BASIC,Active,2025-06-04,-29.99
MEMBER-02411,Jason Solomon,jason.solomon@hotmail.com,375.591.5300x75145,Basic,Active,2026-07-23,59.99
MEMBER-02412,Joshua Stephenson,joshua.stephenson@gmail.com,+1-430-657-8245x31081,Premium,Frozen,2025-08-06,-29.99
MEMBER-02413,Tina Strong,tina.strong@gmail.com,001-878-862-4301x4606,Basic,Frozen,2024-12-23,29.99
MEMBER-02414,Jessica Gray,jessica.gray@hotmail.com,+1-863-774-9121x8790,Basic,Active,2024-10-02,-29.99
MEMBER-02415,Roger Atkinson,roger.atkinson@yahoo.com,315.890.1125x023,BASIC,Frozen,2024-10-30,29.99
MEMBER-02416,Aaron King,aaron.king@gmail.com,(472)389-8683,BASIC,Active,2026-09-14,-29.99
MEMBER-02417,Gerald Spencer,gerald.spencer@gmail.com,998-642-5079x669,,Active,2025-01-31,59.99
MEMBER-02418,Antonio Brown,antonio.brown@gmail.com,814-342-4607x3723,Basic,Active,2026-04-07,-29.99
MEMBER-02419,Tina Riley,tina.riley@gmail.com,559.294.7576x37982,,Frozen,2025-06-17,29.99
MEMBER-02420,Leonard Woods,leonard.woods@yahoo.com,+1-598-636-7607x41059,VIP,Active,2026-04-15,-29.99
MEMBER-02421,Emily Garcia,emily.garcia@gmail.com,001-843-890-3560x28586,Basic,Active,2026-04-05,99.99
MEMBER-02422,Alexis Williamson,alexis.williamson@gmail.com,(647)460-7512x101,BASIC,Active,2025-07-25,29.99
MEMBER-02423,Frederick Taylor,frederick.taylor@yahoo.com,+1-541-780-2459x4085,Premium,Frozen,2025-08-06,59.99
MEMBER-02424,Nathaniel Rogers,nathaniel.rogers@yahoo.com,+1-937-679-5076x5573,BASIC,Frozen,2025-12-05,-29.99
MEMBER-02425,Lisa Lindsey,lisa.lindsey@yahoo.com,001-325-912-2584x6790,Premium,Cancelled,2026-06-13,99.99
MEMBER-02426,Mark Jackson,mark.jackson@gmail.com,692.294.9652x3967,,Active,2025-01-14,59.99
MEMBER-02427,Brian Walker,brian.walker@hotmail.com,440-870-0841x59124,VIP,Active,2025-12-08,-29.99
MEMBER-02428,Jodi Harrison,jodi.harrison@yahoo.com,785.413.9763,VIP,Active,2026-01-16,59.99
MEMBER-02429,Justin Jones,justin.jones@gmail.com,001-662-804-0852x0633,,Cancelled,2024-11-24,99.99
MEMBER-02430,Casey George,casey.george@hotmail.com,637.328.2659x3380,Basic,Active,2026-04-01,59.99
MEMBER-02431,Stephanie Jones,stephanie.jones@gmail.com,(503)833-0854x4184,Premium,Cancelled,2026-02-14,59.99
MEMBER-02432,Linda Jordan,linda.jordan@hotmail.com,(209)431-3788,,Active,2026-03-11,29.99
MEMBER-02433,Rebekah Johnson,rebekah.johnson@gmail.com,(776)677-7736x57645,BASIC,Active,2025-06-09,99.99
MEMBER-02434,Christina Brown,christina.brown@yahoo.com,719.754.3511x02693,Premium,Cancelled,2025-03-04,29.99
MEMBER-02435,Jimmy Williams,jimmy.williams@hotmail.com,001-223-933-1351x4855,Basic,Frozen,2024-10-13,99.99
MEMBER-02436,Douglas Wright,douglas.wright@yahoo.com,(660)667-4151,VIP,Cancelled,2026-06-21,59.99
MEMBER-02437,William Kim,william.kim@gmail.com,(248)834-2797x30294,,Active,2025-12-10,29.99
MEMBER-02438,Mark Woods,mark.woods@gmail.com,(420)723-5893x771,VIP,Active,2025-11-24,29.99
MEMBER-02439,Henry Baker,henry.baker@hotmail.com,+1-319-694-9516x599,,Cancelled,2025-05-27,29.99
MEMBER-02440,Mary Long,mary.long@yahoo.com,664-452-3900x4152,,Cancelled,2026-08-07,-29.99
MEMBER-02441,Natasha Mclaughlin,natasha.mclaughlin@yahoo.com,785.254.7018x9779,VIP,Frozen,2025-01-01,99.99
MEMBER-02442,Patricia Turner,patricia.turner@yahoo.com,2932672502,Basic,Frozen,2026-06-07,59.99
MEMBER-02443,Hayley Wade,hayley.wade@yahoo.com,207.934.6031x6134,,Active,2025-12-26,29.99
MEMBER-02444,Christine Pham,christine.pham@hotmail.com,664-457-5275,BASIC,Active,2026-04-06,29.99
MEMBER-02445,Wesley Dorsey,wesley.dorsey@gmail.com,(886)878-5150,Basic,Active,2025-11-04,29.99
MEMBER-02446,Selena Jones,selena.jones@yahoo.com,001-271-555-6616x6894,,Active,2025-08-18,59.99
MEMBER-02447,Sarah Allen,sarah.allen@yahoo.com,(805)595-5161x13395,Basic,Cancelled,2025-02-18,99.99
MEMBER-02448,David Escobar,david.escobar@gmail.com,625.869.6192x12697,Premium,Frozen,2025-12-20,-29.99
MEMBER-02449,Todd Torres,todd.torres@yahoo.com,001-289-763-1963,,Active,2025-01-29,29.99
MEMBER-02450,Troy Williams,troy.williams@hotmail.com,669.422.5916,Premium,Frozen,2025-03-27,99.99
MEMBER-02451,Adam Martinez,adam.martinez@yahoo.com,869-501-7631x9198,Premium,Active,2025-09-23,59.99
MEMBER-02452,Wendy Pearson,wendy.pearson@hotmail.com,(753)860-6223x063,BASIC,Active,2025-09-26,29.99
MEMBER-02453,Jamie Doyle,jamie.doyle@yahoo.com,256.294.2984x104,Premium,Active,2025-03-13,99.99
MEMBER-02454,Melissa Moore,melissa.moore@gmail.com,5327482746,VIP,Cancelled,2025-01-02,29.99
MEMBER-02455,Frances Perez,frances.perez@yahoo.com,(811)488-2038x06958,VIP,Frozen,2026-02-21,-29.99
MEMBER-02456,Carlos Rogers,carlos.rogers@hotmail.com,+1-811-812-8177x90366,VIP,Cancelled,2025-03-22,59.99
MEMBER-02457,Philip Cortez,philip.cortez@hotmail.com,272-581-3265x9845,,Active,2025-03-01,59.99
MEMBER-02458,Tiffany Henry,tiffany.henry@gmail.com,001-529-440-3753x531,Premium,Active,2026-03-31,-29.99
MEMBER-02459,John Cooper,john.cooper@hotmail.com,956.271.9503x056,BASIC,Active,2025-09-15,99.99
MEMBER-02460,Kristine Martinez,kristine.martinez@yahoo.com,424-294-8918x52983,Basic,Active,2026-08-31,59.99
MEMBER-02461,Jennifer Murphy,jennifer.murphy@yahoo.com,001-877-376-4913,Basic,Active,2025-08-09,29.99
MEMBER-02462,Mercedes Alexander,mercedes.alexander@yahoo.com,(282)426-1954,VIP,Frozen,2025-12-07,-29.99
MEMBER-02463,Kevin Foley,kevin.foley@hotmail.com,001-743-745-7766x13886,Premium,Active,2024-10-08,29.99
MEMBER-02464,Kimberly Frye,kimberly.frye@gmail.com,001-791-559-5678x323,BASIC,Active,2025-07-20,59.99
MEMBER-02465,Lindsay Bradshaw,lindsay.bradshaw@hotmail.com,001-941-227-0661x85360,,Active,2026-09-23,99.99
MEMBER-02466,Samuel Smith,samuel.smith@gmail.com,8338881120,BASIC,Active,2026-07-20,99.99
MEMBER-02467,Thomas Good,thomas.good@yahoo.com,(803)773-4483,VIP,Frozen,2025-08-18,29.99
MEMBER-02468,Timothy Stevens,timothy.stevens@gmail.com,001-805-965-7439,VIP,Cancelled,2025-10-02,-29.99
MEMBER-02469,Austin Green,austin.green@yahoo.com,793.616.4909,BASIC,Cancelled,2025-08-22,-29.99
MEMBER-02470,Patricia Valdez,patricia.valdez@yahoo.com,001-330-458-8681x0253,VIP,Active,2025-12-28,59.99
MEMBER-02471,Lauren Henderson,lauren.henderson@yahoo.com,(254)678-0095,VIP,Active,2024-10-06,29.99
MEMBER-02472,Melissa Chan,melissa.chan@yahoo.com,259-270-0019,,Frozen,2025-09-11,-29.99
MEMBER-02473,Jason Hunter,jason.hunter@yahoo.com,267-634-7436x939,Premium,Frozen,2024-12-16,59.99
MEMBER-02474,Jason Andrews,jason.andrews@yahoo.com,001-267-718-3213,Basic,Frozen,2025-05-12,99.99
MEMBER-02475,David Keller,david.keller@hotmail.com,225-611-1903x594,Premium,Active,2025-02-01,29.99
MEMBER-02476,Dorothy Campbell,dorothy.campbell@gmail.com,997-899-9032x38876,,Frozen,2026-07-20,59.99
MEMBER-02477,Russell Chaney,russell.chaney@yahoo.com,(989)551-3403,VIP,Active,2025-11-14,29.99
MEMBER-02478,Steven Roberts,steven.roberts@hotmail.com,+1-930-281-8363x2939,Basic,Frozen,2025-02-13,99.99
MEMBER-02479,Paul Reyes,paul.reyes@hotmail.com,(707)315-4818,,Frozen,2025-03-17,29.99
MEMBER-02480,Jeffrey Camacho,jeffrey.camacho@gmail.com,486.205.7767x7192,Basic,Active,2026-08-06,-29.99
MEMBER-02481,Jeremy Weeks,jeremy.weeks@hotmail.com,857.240.5892x303,VIP,Active,2025-07-16,-29.99
MEMBER-02482,Samuel Moreno,samuel.moreno@gmail.com,+1-824-697-2655x713,VIP,Cancelled,2025-12-17,59.99
MEMBER-02483,Mckenzie Woods,mckenzie.woods@yahoo.com,001-651-445-3752x574,VIP,Frozen,2026-07-22,99.99
MEMBER-02484,Marcus Cortez,marcus.cortez@hotmail.com,+1-590-518-5111x567,,Cancelled,2025-11-22,-29.99
MEMBER-02485,Michelle Jones,michelle.jones@yahoo.com,(546)370-5068x09838,,Cancelled,2026-07-25,29.99
MEMBER-02486,Brandi Green,brandi.green@yahoo.com,001-502-575-8603x456,VIP,Cancelled,2026-07-21,99.99
MEMBER-02487,Jamie Fernandez,jamie.fernandez@gmail.com,749.352.4570,BASIC,Active,2025-05-30,59.99
MEMBER-02488,Michelle Russo,michelle.russo@hotmail.com,382.863.8803x2427,BASIC,Active,2024-12-20,29.99
MEMBER-02489,Elizabeth Burgess,elizabeth.burgess@yahoo.com,001-728-669-7476x23703,Basic,Active,2025-09-25,-29.99
MEMBER-02490,Ann Wallace,ann.wallace@hotmail.com,(468)619-3192,Premium,Active,2024-12-05,59.99
MEMBER-02491,Kelsey Marquez,kelsey.marquez@gmail.com,001-732-680-6253x941,BASIC,Active,2025-06-18,99.99
MEMBER-02492,Micheal Brown,micheal.brown@hotmail.com,+1-825-588-3140x035,,Active,2024-10-17,-29.99
MEMBER-02493,James Melendez,james.melendez@hotmail.com,(967)835-4904,VIP,Active,2025-07-02,-29.99
MEMBER-02494,Scott Simmons,scott.simmons@hotmail.com,001-862-413-2508,BASIC,Active,2026-07-18,-29.99
MEMBER-02495,Amber Solomon,amber.solomon@yahoo.com,(443)747-6088x2309,Premium,Cancelled,2025-11-22,59.99
MEMBER-02496,Scott Meyer,scott.meyer@hotmail.com,+1-646-873-6316x3308,BASIC,Active,2024-10-28,59.99
MEMBER-02497,Dakota Moore,dakota.moore@yahoo.com,(680)933-6490,,Active,2025-05-02,59.99
MEMBER-02498,Ashley Welch,ashley.welch@yahoo.com,843.503.1016,BASIC,Active,2026-05-15,29.99
MEMBER-02499,Nicholas White,nicholas.white@gmail.com,445.754.1408x57962,Premium,Frozen,2024-11-23,29.99
MEMBER-02500,Kathryn Garcia,kathryn.garcia@gmail.com,848.261.0660x02604,,Active,2026-02-02,29.99
MEMBER-02501,Dalton Green,dalton.green@hotmail.com,638-791-6244x10667,Basic,Frozen,2025-09-26,99.99
MEMBER-02502,Morgan Walker,morgan.walker@gmail.com,565-702-4238,Basic,Cancelled,2025-04-20,29.99
MEMBER-02503,Julia Boone,julia.boone@gmail.com,211.707.2985x023,VIP,Frozen,2026-02-04,99.99
MEMBER-02504,Sarah Johnson,sarah.johnson@yahoo.com,(771)748-5333x17147,VIP,Frozen,2025-04-12,-29.99
MEMBER-02505,Jill Jones,jill.jones@hotmail.com,+1-324-792-2028,Basic,Cancelled,2026-05-29,59.99
MEMBER-02506,Desiree Williams,desiree.williams@hotmail.com,+1-752-217-6801x26962,,Active,2026-07-19,29.99
MEMBER-02507,Mark Brown,mark.brown@hotmail.com,224.591.3943,VIP,Frozen,2026-06-23,59.99
MEMBER-02508,Tamara Christensen,tamara.christensen@yahoo.com,5276496238,Premium,Active,2025-05-13,29.99
MEMBER-02509,Brandon Gaines,brandon.gaines@hotmail.com,676.454.3999,Basic,Frozen,2026-07-12,29.99
MEMBER-02510,Jessica Todd,jessica.todd@hotmail.com,203.730.8641x48632,Basic,Active,2026-06-18,-29.99
MEMBER-02511,Andrew Villegas,andrew.villegas@yahoo.com,+1-487-315-9051x82377,,Frozen,2024-11-11,-29.99
MEMBER-02512,Christina Webb,christina.webb@yahoo.com,279-539-1171x740,VIP,Active,2026-03-31,-29.99
MEMBER-02513,Jonathan Foster,jonathan.foster@hotmail.com,248.965.7374x49666,,Cancelled,2025-01-08,59.99
MEMBER-02514,Jeffery Gray,jeffery.gray@gmail.com,001-547-441-2081x80368,,Active,2025-06-29,-29.99
MEMBER-02515,Mary Anderson,mary.anderson@hotmail.com,+1-794-904-3935x16026,BASIC,Cancelled,2025-09-03,99.99
MEMBER-02516,Nathaniel Vaughn,nathaniel.vaughn@yahoo.com,(784)480-3163x67817,Basic,Active,2025-04-17,-29.99
MEMBER-02517,Mary Tran,mary.tran@gmail.com,737-564-2983x93039,Premium,Active,2026-01-04,99.99
MEMBER-02518,Michael Yang,michael.yang@yahoo.com,5886532987,,Active,2026-03-27,-29.99
MEMBER-02519,Michelle Davis,michelle.davis@yahoo.com,+1-697-247-5473x770,VIP,Active,2025-12-17,59.99
MEMBER-02520,Tonya Ellis,tonya.ellis@gmail.com,+1-245-565-9773x961,Basic,Frozen,2026-05-19,29.99
MEMBER-02521,Gloria Smith,gloria.smith@yahoo.com,368.991.0804,,Active,2026-08-13,59.99
MEMBER-02522,Lee Weber,lee.weber@yahoo.com,307.821.8877,,Active,2026-09-13,59.99
MEMBER-02523,Barbara Garcia,barbara.garcia@yahoo.com,872.936.3411x04857,BASIC,Active,2026-09-20,29.99
MEMBER-02524,Robin Everett,robin.everett@yahoo.com,772-481-8291x27898,,Cancelled,2025-04-14,29.99
MEMBER-02525,Barbara Nunez,barbara.nunez@gmail.com,+1-560-284-1585x537,VIP,Cancelled,2026-03-28,59.99
MEMBER-02526,Laura Lewis,laura.lewis@yahoo.com,918.355.9670,,Active,2025-08-30,29.99
MEMBER-02527,Karen Davenport,karen.davenport@yahoo.com,+1-914-740-0040,,Frozen,2025-08-10,-29.99
MEMBER-02528,Brandon Allen,brandon.allen@gmail.com,8644079729,,Active,2025-02-10,-29.99
MEMBER-02529,Jessica Gordon,jessica.gordon@yahoo.com,001-342-973-4497x9925,Basic,Frozen,2026-03-15,-29.99
MEMBER-02530,James Jenkins,james.jenkins@hotmail.com,447-758-7837x10539,Premium,Active,2026-02-10,29.99
MEMBER-02531,Jennifer Brown,jennifer.brown@yahoo.com,001-577-218-5360x174,,Frozen,2025-04-13,-29.99
MEMBER-02532,Bryan Middleton,bryan.middleton@yahoo.com,(900)241-3166x7752,VIP,Active,2025-09-01,29.99
MEMBER-02533,Daniel Moore,daniel.moore@yahoo.com,001-671-476-3506,Basic,Cancelled,2026-03-20,99.99
MEMBER-02534,Stephen Hudson,stephen.hudson@hotmail.com,8434881767,Premium,Cancelled,2026-09-20,99.99
MEMBER-02535,Michelle Charles,michelle.charles@yahoo.com,3257431639,Basic,Cancelled,2025-10-27,99.99
MEMBER-02536,Kyle Fisher,kyle.fisher@yahoo.com,(256)504-6782,BASIC,Cancelled,2025-08-30,29.99
MEMBER-02537,Christine Myers,christine.myers@gmail.com,450-226-1340x97312,,Frozen,2026-06-21,59.99
MEMBER-02538,Lisa Reynolds,lisa.reynolds@yahoo.com,(565)740-5324x21694,Basic,Active,2025-03-18,99.99
MEMBER-02539,Jacqueline Landry,jacqueline.landry@hotmail.com,001-961-578-0581x3805,BASIC,Active,2025-02-18,99.99
MEMBER-02540,Darrell Gray,darrell.gray@yahoo.com,+1-386-745-5526,Premium,Active,2024-12-27,99.99
MEMBER-02541,Anthony Smith,anthony.smith@hotmail.com,(957)605-2950x868,VIP,Active,2025-05-08,29.99
MEMBER-02542,Christopher Barton,christopher.barton@yahoo.com,+1-799-889-6258x69263,Basic,Cancelled,2024-10-15,59.99
MEMBER-02543,Austin Wong,austin.wong@yahoo.com,+1-651-751-7975x19378,,Cancelled,2025-03-14,-29.99
MEMBER-02544,Carl Krause,carl.krause@yahoo.com,844.458.0197,,Active,2024-12-21,29.99
MEMBER-02545,James Adams,james.adams@gmail.com,(946)215-2653x2224,VIP,Active,2026-04-24,99.99
MEMBER-02546,Erica Davis,erica.davis@gmail.com,648-212-9719,BASIC,Active,2026-05-20,29.99
MEMBER-02547,Mary Burke,mary.burke@hotmail.com,537-248-1268x179,BASIC,Active,2026-04-14,-29.99
MEMBER-02548,Alexis Christian,alexis.christian@yahoo.com,689.290.5808x14033,Premium,Active,2025-06-17,99.99
MEMBER-02549,Virginia Tran,virginia.tran@hotmail.com,205-463-5869,,Active,2024-12-17,59.99
MEMBER-02550,Kimberly Key,kimberly.key@gmail.com,(469)346-0212x46764,,Cancelled,2025-01-19,99.99
MEMBER-02551,Janice Ramsey,janice.ramsey@yahoo.com,001-683-762-0749,,Active,2026-01-04,-29.99
MEMBER-02552,Charles Jackson,charles.jackson@gmail.com,001-820-733-1465,Basic,Cancelled,2025-10-15,59.99
MEMBER-02553,Jennifer Savage,jennifer.savage@yahoo.com,(557)881-3049x9504,VIP,Cancelled,2025-05-09,59.99
MEMBER-02554,Debra Sanders,debra.sanders@yahoo.com,5862295322,,Active,2025-09-27,-29.99
MEMBER-02555,Wendy Kaiser,wendy.kaiser@hotmail.com,+1-776-741-2613,Basic,Active,2025-10-11,-29.99
MEMBER-02556,John Stephens,john.stephens@gmail.com,405.983.9340x83544,,Frozen,2025-10-30,59.99
MEMBER-02557,Alyssa Cunningham,alyssa.cunningham@hotmail.com,592-406-9656,Basic,Active,2025-07-10,-29.99
MEMBER-02558,Elizabeth Harper,elizabeth.harper@gmail.com,562.623.6831x275,VIP,Frozen,2024-12-30,-29.99
MEMBER-02559,Amanda Austin,amanda.austin@hotmail.com,001-955-378-0228x017,VIP,Cancelled,2026-03-06,99.99
MEMBER-02560,Teresa Fisher,teresa.fisher@hotmail.com,350-626-9447x3534,Basic,Cancelled,2026-03-21,29.99
MEMBER-02561,John Jones,john.jones@hotmail.com,223.818.6679,VIP,Active,2025-08-19,-29.99
MEMBER-02562,Danielle Moyer,danielle.moyer@yahoo.com,572.901.1040x8384,Basic,Cancelled,2026-07-15,99.99
MEMBER-02563,Angela Long,angela.long@gmail.com,+1-587-577-9533x4225,BASIC,Cancelled,2026-01-17,99.99
MEMBER-02564,David Baker,david.baker@yahoo.com,001-777-472-7745x75021,VIP,Frozen,2024-12-07,-29.99
MEMBER-02565,Cory Frost,cory.frost@hotmail.com,660-436-3839x6878,VIP,Cancelled,2026-06-18,99.99
MEMBER-02566,Kristen Chang,kristen.chang@hotmail.com,875-598-3589x4770,VIP,Cancelled,2026-03-10,-29.99
MEMBER-02567,Brittany Fox,brittany.fox@gmail.com,(602)854-6167,,Frozen,2026-04-28,29.99
MEMBER-02568,Vanessa Newman,vanessa.newman@hotmail.com,+1-718-498-6361x39594,Premium,Active,2026-03-27,-29.99
MEMBER-02569,Teresa Wilson,teresa.wilson@hotmail.com,872-435-0194x73779,Basic,Active,2025-08-03,59.99
MEMBER-02570,Emily Wagner,emily.wagner@hotmail.com,(254)299-7791x7822,BASIC,Active,2025-11-27,-29.99
MEMBER-02571,Jennifer Martinez,jennifer.martinez@gmail.com,442-786-6906,,Active,2024-12-01,29.99
MEMBER-02572,Marc Morris,marc.morris@yahoo.com,249-209-6710,,Active,2026-04-02,-29.99
MEMBER-02573,Joseph Bentley,joseph.bentley@hotmail.com,001-472-642-2749x665,Basic,Frozen,2026-06-21,-29.99
MEMBER-02574,Zachary Castaneda,zachary.castaneda@yahoo.com,571-697-2512,,Frozen,2025-03-04,-29.99
MEMBER-02575,Katherine Young,katherine.young@gmail.com,(775)277-7734x26587,Premium,Active,2025-03-05,29.99
MEMBER-02576,Elizabeth Smith,elizabeth.smith@hotmail.com,+1-897-391-4077x1280,BASIC,Frozen,2026-09-26,59.99
MEMBER-02577,Donna Ray,donna.ray@gmail.com,446.666.9747x2171,BASIC,Active,2026-05-15,59.99
MEMBER-02578,Jerry Price,jerry.price@hotmail.com,+1-930-832-5369x52558,Basic,Frozen,2025-10-11,99.99
MEMBER-02579,Jamie Daniel,jamie.daniel@yahoo.com,+1-910-872-8394,Premium,Active,2025-04-22,99.99
MEMBER-02580,Stacey Perry,stacey.perry@hotmail.com,526-314-9936,Premium,Cancelled,2026-05-17,-29.99
MEMBER-02581,Ashley Thompson,ashley.thompson@yahoo.com,564-243-9095x19566,VIP,Active,2024-11-12,99.99
MEMBER-02582,Denise Harris,denise.harris@gmail.com,001-610-351-6407x870,BASIC,Cancelled,2024-12-05,29.99
MEMBER-02583,James Valdez,james.valdez@gmail.com,001-873-996-5272x959,Premium,Active,2025-09-18,29.99
MEMBER-02584,Taylor Brown,taylor.brown@yahoo.com,389-790-7129x9699,VIP,Active,2025-05-11,59.99
MEMBER-02585,Jane White,jane.white@yahoo.com,8025933132,,Cancelled,2025-09-26,59.99
MEMBER-02586,Lisa Fisher,lisa.fisher@gmail.com,936-388-4157,Basic,Cancelled,2026-03-18,29.99
MEMBER-02587,Derek Lawson,derek.lawson@gmail.com,442.451.9561x76558,Premium,Frozen,2025-03-15,59.99
MEMBER-02588,Heather Ward,heather.ward@gmail.com,001-485-587-0630x228,,Frozen,2026-06-07,59.99
MEMBER-02589,Joe Sampson,joe.sampson@hotmail.com,489.871.5359x647,Basic,Frozen,2025-11-08,-29.99
MEMBER-02590,Elizabeth Jefferson,elizabeth.jefferson@yahoo.com,364-755-0728x310,Basic,Active,2026-04-12,29.99
MEMBER-02591,Gabrielle Fox,gabrielle.fox@gmail.com,+1-375-264-5058,VIP,Active,2025-06-01,-29.99
MEMBER-02592,Alyssa Rodriguez,alyssa.rodriguez@hotmail.com,+1-986-879-7447x6193,VIP,Active,2025-07-15,-29.99
MEMBER-02593,James Cruz,james.cruz@hotmail.com,565-933-3477x4963,BASIC,Frozen,2025-12-18,29.99
MEMBER-02594,Patricia Hernandez,patricia.hernandez@hotmail.com,(928)519-1502x37438,Premium,Active,2025-05-07,99.99
MEMBER-02595,Valerie Williams,valerie.williams@gmail.com,894-205-0472,BASIC,Active,2026-01-23,99.99
MEMBER-02596,Timothy Stout,timothy.stout@hotmail.com,(729)314-5977x36609,Basic,Active,2026-01-10,59.99
MEMBER-02597,Angela Gonzales,angela.gonzales@yahoo.com,636.765.3978x8587,VIP,Active,2026-08-28,29.99
MEMBER-02598,Diamond Cox,diamond.cox@gmail.com,319.884.4496,Premium,Active,2025-04-02,29.99
MEMBER-02599,Megan Flores,megan.flores@yahoo.com,647.977.4372x1238,Premium,Cancelled,2025-09-06,59.99
MEMBER-02600,Mike Orr,mike.orr@gmail.com,+1-418-498-7557x983,VIP,Frozen,2026-06-20,29.99
MEMBER-02601,Brooke Fowler,brooke.fowler@gmail.com,5598054517,Basic,Active,2025-06-03,-29.99
MEMBER-02602,Andrea Mitchell,andrea.mitchell@yahoo.com,001-491-593-4424x6271,BASIC,Active,2026-01-12,99.99
MEMBER-02603,Jimmy Pace,jimmy.pace@gmail.com,001-865-433-5359x75980,VIP,Cancelled,2025-10-22,29.99
MEMBER-02604,Jacob Padilla,jacob.padilla@hotmail.com,(908)878-7578x8273,BASIC,Cancelled,2025-04-06,99.99
MEMBER-02605,Brandon Frederick,brandon.frederick@yahoo.com,998.936.6609,Basic,Frozen,2025-10-21,59.99
MEMBER-02606,Lisa Spears,lisa.spears@gmail.com,001-204-945-0729x62901,Basic,Active,2026-01-14,29.99
MEMBER-02607,Jesse White,jesse.white@gmail.com,(652)378-2546x3059,BASIC,Active,2026-04-22,29.99
MEMBER-02608,Michael Porter,michael.porter@gmail.com,975.239.8724x581,Basic,Active,2025-10-24,-29.99
MEMBER-02609,Emily Torres,emily.torres@yahoo.com,553-780-5365x97268,VIP,Active,2024-10-21,59.99
MEMBER-02610,Kayla Yang,kayla.yang@gmail.com,(313)706-9672x128,Basic,Active,2025-07-24,29.99
MEMBER-02611,Amy Tran,amy.tran@gmail.com,(378)653-7982,VIP,Active,2026-04-12,29.99
MEMBER-02612,Ashley Collins,ashley.collins@gmail.com,217.830.6390x8583,Basic,Active,2025-12-04,29.99
MEMBER-02613,Jose Morse,jose.morse@gmail.com,(981)967-2386x65606,VIP,Active,2025-07-11,-29.99
MEMBER-02614,Wendy Bell,wendy.bell@yahoo.com,635.241.0577x250,Basic,Active,2025-02-11,59.99
MEMBER-02615,Mark Bryan,mark.bryan@hotmail.com,+1-998-481-0855,,Active,2025-03-09,-29.99
MEMBER-02616,Matthew Gordon,matthew.gordon@yahoo.com,920.680.2410x4150,BASIC,Active,2025-12-20,-29.99
MEMBER-02617,John Sullivan,john.sullivan@gmail.com,916.711.5566x13404,,Active,2024-10-30,99.99
MEMBER-02618,Bobby Savage,bobby.savage@yahoo.com,884-608-9227x06990,Basic,Active,2026-01-10,99.99
MEMBER-02619,Kristine Hanson,kristine.hanson@yahoo.com,(658)703-6383x64722,,Cancelled,2025-06-05,29.99
MEMBER-02620,Kellie Hendricks,kellie.hendricks@gmail.com,808.533.5142x4496,Basic,Active,2026-03-01,29.99
MEMBER-02621,Catherine Townsend,catherine.townsend@hotmail.com,8459398048,,Cancelled,2026-01-29,59.99
MEMBER-02622,Gabriel Stewart,gabriel.stewart@yahoo.com,9965170998,,Frozen,2024-11-22,99.99
MEMBER-02623,Tyler Smith,tyler.smith@hotmail.com,316.468.8130x38469,BASIC,Active,2025-11-26,-29.99
MEMBER-02624,Cody Brown,cody.brown@yahoo.com,554-866-2573x125,Premium,Cancelled,2024-12-18,59.99
MEMBER-02625,David Powell,david.powell@hotmail.com,262.229.5794x745,Basic,Active,2026-01-29,59.99
MEMBER-02626,Anne Wagner,anne.wagner@yahoo.com,273-631-5716,VIP,Active,2025-02-06,99.99
MEMBER-02627,Patrick Acevedo,patrick.acevedo@gmail.com,847-616-5044x152,VIP,Cancelled,2025-05-04,59.99
MEMBER-02628,Tanya Fleming,tanya.fleming@hotmail.com,001-229-669-4541x9137,BASIC,Frozen,2026-01-01,99.99
MEMBER-02629,William Poole,william.poole@gmail.com,7934837396,VIP,Frozen,2025-05-26,29.99
MEMBER-02630,Rachel Montoya,rachel.montoya@hotmail.com,(707)541-4644x02613,,Cancelled,2025-05-03,29.99
MEMBER-02631,Eric Gomez,eric.gomez@yahoo.com,683-326-2138,Premium,Active,2026-07-28,-29.99
MEMBER-02632,Hailey Cooper,hailey.cooper@gmail.com,001-754-825-2750,VIP,Cancelled,2026-08-28,59.99
MEMBER-02633,Amber Fowler,amber.fowler@hotmail.com,682-207-2712x633,Premium,Active,2026-03-17,99.99
MEMBER-02634,Elizabeth Douglas,elizabeth.douglas@gmail.com,481.932.6727x3326,Premium,Active,2025-09-08,-29.99
MEMBER-02635,Ruth Jordan,ruth.jordan@yahoo.com,(495)688-1946x87749,,Frozen,2025-04-22,99.99
MEMBER-02636,Catherine Lee,catherine.lee@gmail.com,667.257.2668,,Frozen,2026-09-02,-29.99
MEMBER-02637,Gloria Hall,gloria.hall@hotmail.com,(278)732-0316x13177,VIP,Cancelled,2025-04-02,29.99
MEMBER-02638,Kevin Herman,kevin.herman@hotmail.com,+1-283-433-1518x01664,BASIC,Active,2025-04-07,-29.99
MEMBER-02639,Rodney Medina,rodney.medina@gmail.com,+1-938-389-5311x543,Premium,Active,2025-07-02,59.99
MEMBER-02640,Todd Green,todd.green@gmail.com,691-806-6086x23650,Premium,Active,2024-10-25,59.99
MEMBER-02641,Stephanie Jenkins,stephanie.jenkins@hotmail.com,(324)478-9225,Premium,Active,2026-08-01,99.99
MEMBER-02642,Susan Simmons,susan.simmons@hotmail.com,635-206-2108,BASIC,Cancelled,2024-11-25,-29.99
MEMBER-02643,Marcus Castillo,marcus.castillo@hotmail.com,001-970-762-9810,Premium,Active,2025-02-15,99.99
MEMBER-02644,Michelle Henderson,michelle.henderson@yahoo.com,(950)583-6816x82140,Basic,Active,2025-09-26,99.99
MEMBER-02645,Valerie Brown,valerie.brown@hotmail.com,214.739.0390x920,Basic,Active,2026-07-14,59.99
MEMBER-02646,Krystal Ortega,krystal.ortega@gmail.com,(407)302-4748x5798,VIP,Active,2025-03-24,59.99
MEMBER-02647,Gary Perez,gary.perez@gmail.com,622-593-2297x25401,,Frozen,2025-11-27,29.99
MEMBER-02648,Gabriella Singleton,gabriella.singleton@yahoo.com,254.231.8864x5947,Basic,Cancelled,2025-09-30,59.99
MEMBER-02649,Lisa Guerra,lisa.guerra@hotmail.com,(946)736-6983,VIP,Cancelled,2025-07-02,59.99
MEMBER-02650,Tiffany Banks,tiffany.banks@hotmail.com,2459838750,VIP,Cancelled,2026-04-29,99.99
MEMBER-02651,Steven Johnson,steven.johnson@hotmail.com,2316721135,,Cancelled,2025-02-22,59.99
MEMBER-02652,Jason Rodriguez,jason.rodriguez@yahoo.com,+1-569-564-0101x46019,Premium,Active,2025-06-06,59.99
MEMBER-02653,Jacob Sweeney,jacob.sweeney@yahoo.com,(426)809-3164,VIP,Active,2025-08-01,29.99
MEMBER-02654,Mary Perez,mary.perez@gmail.com,(314)608-2310x1717,Premium,Active,2025-05-29,29.99
MEMBER-02655,Steven Rodgers,steven.rodgers@gmail.com,519-795-0819x00567,VIP,Cancelled,2025-01-26,99.99
MEMBER-02656,Leah Cuevas,leah.cuevas@yahoo.com,+1-451-476-3524x130,BASIC,Cancelled,2026-06-14,99.99
MEMBER-02657,Sarah Rose,sarah.rose@yahoo.com,710.966.5602x4923,VIP,Cancelled,2025-09-02,-29.99
MEMBER-02658,Scott Miller,scott.miller@yahoo.com,001-405-971-7532,Basic,Active,2026-07-28,59.99
MEMBER-02659,Faith Conrad,faith.conrad@yahoo.com,001-352-861-5878x989,Premium,Cancelled,2026-06-21,59.99
MEMBER-02660,Jessica Atkins,jessica.atkins@gmail.com,615.711.1424x1248,,Active,2026-08-15,99.99
MEMBER-02661,Kevin Butler,kevin.butler@gmail.com,837-817-4190,VIP,Active,2026-01-02,59.99
MEMBER-02662,Manuel Conway,manuel.conway@yahoo.com,+1-308-957-0340x1176,Basic,Cancelled,2024-10-18,99.99
MEMBER-02663,Paul Clark,paul.clark@gmail.com,312-973-8318,Premium,Frozen,2025-01-30,59.99
MEMBER-02664,Anthony Sanchez,anthony.sanchez@yahoo.com,496.856.4001x9154,Basic,Frozen,2026-04-10,59.99
MEMBER-02665,Brian Kline,brian.kline@yahoo.com,+1-424-611-6434,,Active,2026-02-21,59.99
MEMBER-02666,Jasmine Kirby,jasmine.kirby@gmail.com,275-846-6248x223,Basic,Active,2026-08-21,29.99
MEMBER-02667,Victoria Carter,victoria.carter@hotmail.com,716-384-6038,Premium,Active,2026-01-26,99.99
MEMBER-02668,Jacqueline Austin,jacqueline.austin@gmail.com,566-352-1746x453,BASIC,Active,2025-08-28,59.99
MEMBER-02669,Karen Nelson,karen.nelson@yahoo.com,3605541137,VIP,Frozen,2026-02-06,-29.99
MEMBER-02670,Emily Davidson,emily.davidson@hotmail.com,810.778.9078,BASIC,Active,2025-09-12,99.99
MEMBER-02671,Julie Brown,julie.brown@hotmail.com,001-683-504-1544x74733,,Active,2025-07-11,29.99
MEMBER-02672,Valerie Gallegos,valerie.gallegos@hotmail.com,336.997.0168x5253,Premium,Cancelled,2026-06-07,59.99
MEMBER-02673,Michelle Williams,michelle.williams@gmail.com,001-837-901-1859,BASIC,Cancelled,2025-04-22,-29.99
MEMBER-02674,Dawn Rojas,dawn.rojas@yahoo.com,(490)355-0957,Premium,Frozen,2025-11-12,-29.99
MEMBER-02675,Joseph Blair,joseph.blair@yahoo.com,(780)663-9924x1611,BASIC,Cancelled,2024-10-23,99.99
MEMBER-02676,Lisa Griffith,lisa.griffith@hotmail.com,(327)489-0880x6831,VIP,Active,2026-02-26,59.99
MEMBER-02677,Lorraine Stevens,lorraine.stevens@hotmail.com,492-782-2331x25677,Basic,Frozen,2024-09-27,-29.99
MEMBER-02678,Makayla Erickson,makayla.erickson@gmail.com,956.516.2714x13427,,Frozen,2025-01-15,59.99
MEMBER-02679,James Santos,james.santos@gmail.com,001-974-521-4209x420,,Active,2026-08-23,-29.99
MEMBER-02680,Timothy Rodriguez,timothy.rodriguez@hotmail.com,271.799.4250x59253,,Frozen,2025-07-01,-29.99
MEMBER-02681,Hannah Stevenson,hannah.stevenson@hotmail.com,979.493.6427x3795,BASIC,Active,2025-03-17,-29.99
MEMBER-02682,Abigail Sims,abigail.sims@yahoo.com,+1-312-292-1351x11330,BASIC,Frozen,2025-09-30,-29.99
MEMBER-02683,Mark Watson,mark.watson@hotmail.com,4245694841,VIP,Frozen,2025-01-12,-29.99
MEMBER-02684,Mackenzie Martinez,mackenzie.martinez@gmail.com,(608)573-8570,Basic,Cancelled,2025-12-24,-29.99
MEMBER-02685,Mariah Garcia,mariah.garcia@yahoo.com,4853878379,Premium,Frozen,2025-03-19,29.99
MEMBER-02686,Stephanie Rodriguez,stephanie.rodriguez@hotmail.com,+1-522-960-8099,VIP,Active,2024-11-17,99.99
MEMBER-02687,Nathan Weber,nathan.weber@gmail.com,684.949.8838x037,,Active,2026-08-16,99.99
MEMBER-02688,Joy Hall,joy.hall@gmail.com,433-670-4946,Premium,Active,2026-07-12,29.99
MEMBER-02689,Michael Parker,michael.parker@yahoo.com,300.353.5588x2348,Basic,Frozen,2026-05-24,29.99
MEMBER-02690,William Contreras,william.contreras@gmail.com,001-938-450-2847,,Cancelled,2025-06-17,99.99
MEMBER-02691,Zachary Doyle,zachary.doyle@gmail.com,815.864.1533x070,Premium,Frozen,2025-08-15,99.99
MEMBER-02692,Erin Snyder,erin.snyder@hotmail.com,+1-563-231-1916x11955,VIP,Frozen,2026-01-01,59.99
MEMBER-02693,John Harris,john.harris@gmail.com,240.537.7917,,Cancelled,2025-10-08,99.99
MEMBER-02694,Ashley Pearson,ashley.pearson@gmail.com,(318)892-0045x82072,Basic,Frozen,2025-02-14,99.99
MEMBER-02695,Maria Cole,maria.cole@hotmail.com,724-468-4732x5506,VIP,Active,2025-12-17,-29.99
MEMBER-02696,Donna Johnson,donna.johnson@hotmail.com,267.791.2072,,Active,2025-10-01,-29.99
MEMBER-02697,Ana Stanley,ana.stanley@hotmail.com,8356508199,,Cancelled,2025-04-29,-29.99
MEMBER-02698,Marc Murphy,marc.murphy@hotmail.com,381.774.4205x405,Premium,Cancelled,2026-09-13,59.99
MEMBER-02699,Hannah Nguyen,hannah.nguyen@yahoo.com,209-220-1675x993,BASIC,Cancelled,2024-11-20,-29.99
MEMBER-02700,Jeffrey Scott,jeffrey.scott@hotmail.com,340-658-0670,BASIC,Frozen,2026-05-27,29.99
MEMBER-02701,Kristen Ashley,kristen.ashley@yahoo.com,784-600-0040x0464,VIP,Cancelled,2026-01-23,-29.99
MEMBER-02702,Steven Rice,steven.rice@gmail.com,687-852-5604x8992,BASIC,Cancelled,2025-08-22,-29.99
MEMBER-02703,Dennis Ramos,dennis.ramos@gmail.com,338-407-9511,BASIC,Active,2026-02-26,99.99
MEMBER-02704,Patricia Sparks,patricia.sparks@yahoo.com,(525)308-1595x904,Premium,Cancelled,2025-06-15,99.99
MEMBER-02705,Shelby Gonzales,shelby.gonzales@gmail.com,001-574-316-4776x31032,Basic,Active,2025-12-23,99.99
MEMBER-02706,Stephen Ruiz,stephen.ruiz@gmail.com,(646)716-8444x696,VIP,Cancelled,2026-05-10,-29.99
MEMBER-02707,Stacy Wagner,stacy.wagner@gmail.com,641-683-2811x372,BASIC,Active,2026-05-15,99.99
MEMBER-02708,Trevor Joseph,trevor.joseph@hotmail.com,(697)259-1448,VIP,Active,2026-08-17,29.99
MEMBER-02709,Adam Guerrero,adam.guerrero@yahoo.com,584-963-9248x87807,Premium,Cancelled,2025-07-31,99.99
MEMBER-02710,Elizabeth Nunez,elizabeth.nunez@yahoo.com,(349)973-7805x34251,,Active,2024-12-30,-29.99
MEMBER-02711,Rodney Bradford,rodney.bradford@hotmail.com,347.567.6660x919,Premium,Active,2026-08-21,29.99
MEMBER-02712,Michael James,michael.james@yahoo.com,(959)293-1769,,Active,2025-11-12,59.99
MEMBER-02713,Laura Fisher,laura.fisher@yahoo.com,991-905-6396x70447,BASIC,Active,2026-09-08,99.99
MEMBER-02714,Mallory Rodriguez,mallory.rodriguez@gmail.com,(677)202-5015x544,,Active,2026-02-05,99.99
MEMBER-02715,Mariah Oliver,mariah.oliver@hotmail.com,+1-657-652-5637,Basic,Cancelled,2026-09-21,29.99
MEMBER-02716,Julie Adams,julie.adams@yahoo.com,001-757-566-3354x2050,,Cancelled,2026-05-25,29.99
MEMBER-02717,Alejandro Cole,alejandro.cole@yahoo.com,001-672-482-7695x8870,,Active,2026-04-20,29.99
MEMBER-02718,Nicole Haas,nicole.haas@yahoo.com,8366698027,Premium,Cancelled,2025-04-19,29.99
MEMBER-02719,Amber May,amber.may@hotmail.com,935-900-7961x6537,BASIC,Frozen,2026-03-08,59.99
MEMBER-02720,Alicia Taylor,alicia.taylor@yahoo.com,864-791-9163,Premium,Frozen,2024-10-12,29.99
MEMBER-02721,Melissa Parks,melissa.parks@gmail.com,292-950-1691x56978,BASIC,Active,2026-01-24,99.99
MEMBER-02722,William Clark,william.clark@yahoo.com,+1-500-481-3349x02374,,Active,2026-07-03,59.99
MEMBER-02723,Vanessa Andrews,vanessa.andrews@hotmail.com,(749)341-8016,VIP,Active,2024-12-26,-29.99
MEMBER-02724,Deanna Thompson,deanna.thompson@yahoo.com,(740)731-1828x79146,Premium,Active,2024-12-09,59.99
MEMBER-02725,Tiffany Valdez,tiffany.valdez@gmail.com,639.405.9666,,Active,2025-03-13,-29.99
MEMBER-02726,Audrey Ho,audrey.ho@gmail.com,+1-837-554-2884,Basic,Active,2025-09-29,59.99
MEMBER-02727,Jennifer Allen,jennifer.allen@hotmail.com,+1-350-930-2772,Premium,Cancelled,2025-12-16,99.99
MEMBER-02728,James Jones,james.jones@gmail.com,(605)553-2679x924,BASIC,Active,2026-03-16,59.99
MEMBER-02729,Steven Foster,steven.foster@hotmail.com,001-877-993-8894x912,,Frozen,2025-02-01,59.99
MEMBER-02730,William Castillo,william.castillo@yahoo.com,+1-469-810-4076,,Active,2026-07-30,99.99
MEMBER-02731,Christine Bauer,christine.bauer@yahoo.com,(441)257-3180,Premium,Active,2025-05-05,59.99
MEMBER-02732,Andrew Jones,andrew.jones@gmail.com,819.712.9433x702,BASIC,Active,2025-09-01,-29.99
MEMBER-02733,Allison Garcia,allison.garcia@hotmail.com,(335)750-1935x3110,,Cancelled,2025-10-28,99.99
MEMBER-02734,Kevin Foster,kevin.foster@gmail.com,537-300-1749,,Active,2026-08-30,-29.99
MEMBER-02735,Stephanie Ward,stephanie.ward@gmail.com,330.221.7373x3970,BASIC,Active,2024-12-10,29.99
MEMBER-02736,Donna Raymond,donna.raymond@hotmail.com,(262)218-9224,VIP,Active,2025-08-15,99.99
MEMBER-02737,Chris Warren,chris.warren@yahoo.com,296-660-2514x358,VIP,Active,2026-07-01,59.99
MEMBER-02738,Thomas Brown,thomas.brown@hotmail.com,001-700-845-0153x119,BASIC,Cancelled,2024-11-10,59.99
MEMBER-02739,Maria Hernandez,maria.hernandez@yahoo.com,+1-734-877-9660x548,,Active,2025-01-20,-29.99
MEMBER-02740,Logan Bell,logan.bell@yahoo.com,(824)364-0694,BASIC,Cancelled,2026-05-25,29.99
MEMBER-02741,Jessica Vasquez,jessica.vasquez@yahoo.com,382-877-1148,BASIC,Active,2024-11-08,59.99
MEMBER-02742,Miguel Hawkins,miguel.hawkins@gmail.com,001-975-857-0826,Premium,Frozen,2026-07-18,99.99
MEMBER-02743,Susan Clay,susan.clay@yahoo.com,241-744-2942x670,Basic,Cancelled,2026-07-16,-29.99
MEMBER-02744,Bradley Murphy,bradley.murphy@gmail.com,978.262.6849,BASIC,Active,2025-05-11,99.99
MEMBER-02745,Douglas Brown,douglas.brown@hotmail.com,001-381-942-0768,Basic,Active,2026-02-15,99.99
MEMBER-02746,Alex Patterson,alex.patterson@gmail.com,336-259-7239x766,BASIC,Active,2025-05-27,59.99
MEMBER-02747,John Glenn,john.glenn@gmail.com,900-676-0175x18007,VIP,Cancelled,2025-02-12,29.99
MEMBER-02748,William Dickson,william.dickson@yahoo.com,361.486.7706x672,BASIC,Active,2026-06-08,29.99
MEMBER-02749,Maria Tran,maria.tran@gmail.com,791-943-0921x5272,BASIC,Active,2025-11-15,99.99
MEMBER-02750,Jeffrey Henderson,jeffrey.henderson@yahoo.com,908-891-2059x944,BASIC,Cancelled,2025-12-28,-29.99
MEMBER-02751,Jessica Ferguson,jessica.ferguson@hotmail.com,5128256208,Basic,Active,2024-12-09,99.99
MEMBER-02752,Julia Heath,julia.heath@hotmail.com,8255701620,Basic,Cancelled,2025-09-16,99.99
MEMBER-02753,Bryan Valenzuela,bryan.valenzuela@yahoo.com,+1-459-815-1676x166,BASIC,Active,2026-08-07,-29.99
MEMBER-02754,Linda Reed,linda.reed@yahoo.com,001-436-402-5368x7320,Basic,Active,2025-06-06,59.99
MEMBER-02755,Morgan Ward,morgan.ward@hotmail.com,5699409787,BASIC,Cancelled,2026-09-03,-29.99
MEMBER-02756,Collin Larsen,collin.larsen@gmail.com,+1-541-500-0665x8484,VIP,Cancelled,2024-10-17,59.99
MEMBER-02757,Katherine Hill,katherine.hill@gmail.com,656.508.9706,Basic,Active,2025-09-26,59.99
MEMBER-02758,Nathan Robles,nathan.robles@yahoo.com,279-405-8304x7027,VIP,Active,2026-07-17,-29.99
MEMBER-02759,Stanley Baker,stanley.baker@gmail.com,900.750.1985,Premium,Active,2025-05-16,29.99
MEMBER-02760,Timothy Leach,timothy.leach@hotmail.com,001-208-942-7406x28285,VIP,Cancelled,2025-01-31,-29.99
MEMBER-02761,Maxwell Walker,maxwell.walker@gmail.com,(628)951-5501x352,VIP,Cancelled,2024-11-27,59.99
MEMBER-02762,Christopher Kim,christopher.kim@hotmail.com,750.351.3918x4180,Basic,Cancelled,2026-06-26,-29.99
MEMBER-02763,Keith Martinez,keith.martinez@hotmail.com,5745045156,Basic,Active,2026-06-11,-29.99
MEMBER-02764,Kelsey Kennedy,kelsey.kennedy@hotmail.com,+1-526-289-9473x879,VIP,Active,2025-12-10,29.99
MEMBER-02765,Shari Craig,shari.craig@gmail.com,290.960.5636,,Active,2024-11-27,29.99
MEMBER-02766,Eduardo Gallegos,eduardo.gallegos@gmail.com,373.594.9125,BASIC,Cancelled,2026-08-21,59.99
MEMBER-02767,Russell Lane,russell.lane@gmail.com,(343)765-3145x94568,VIP,Cancelled,2024-10-20,59.99
MEMBER-02768,Karen Silva,karen.silva@gmail.com,263-418-7989x7633,Basic,Active,2025-02-27,-29.99
MEMBER-02769,Alan Moore,alan.moore@gmail.com,438.783.1960,Basic,Active,2024-10-17,99.99
MEMBER-02770,Cheryl Reeves,cheryl.reeves@gmail.com,904.200.4386x6684,Premium,Active,2026-06-18,59.99
MEMBER-02771,Victor Hernandez,victor.hernandez@gmail.com,001-727-557-8966x3680,Basic,Cancelled,2025-10-08,59.99
MEMBER-02772,James Brown,james.brown@hotmail.com,001-682-933-0970x19982,Basic,Active,2025-10-19,29.99
MEMBER-02773,Brent Mcdaniel,brent.mcdaniel@yahoo.com,586-821-0986,VIP,Frozen,2025-09-18,59.99
MEMBER-02774,Alison Galloway,alison.galloway@gmail.com,916.289.6006x68812,,Cancelled,2025-05-26,-29.99
MEMBER-02775,Jessica Martin,jessica.martin@gmail.com,+1-946-458-0681,BASIC,Active,2025-01-25,59.99
MEMBER-02776,Crystal Garcia,crystal.garcia@hotmail.com,+1-679-270-3108x083,Premium,Active,2026-01-18,99.99
MEMBER-02777,Amy Horn,amy.horn@hotmail.com,848-778-9048x334,VIP,Cancelled,2025-11-18,29.99
MEMBER-02778,Nicholas Holt,nicholas.holt@hotmail.com,+1-626-202-1318x0666,BASIC,Frozen,2025-06-01,29.99
MEMBER-02779,Sandra Obrien,sandra.obrien@hotmail.com,543.908.7803x7825,BASIC,Cancelled,2024-12-18,-29.99
MEMBER-02780,David Moss,david.moss@hotmail.com,670.441.5578x13731,Premium,Active,2024-12-27,99.99
MEMBER-02781,Mary Barnett,mary.barnett@yahoo.com,(347)999-4433,,Frozen,2025-11-23,29.99
MEMBER-02782,Erik Perez,erik.perez@gmail.com,(697)866-2084x078,Basic,Cancelled,2025-04-10,-29.99
MEMBER-02783,Penny Gallagher,penny.gallagher@yahoo.com,874.766.2199x785,VIP,Active,2026-01-29,29.99
MEMBER-02784,David Leach,david.leach@hotmail.com,224-958-6672x9299,,Cancelled,2025-01-29,99.99
MEMBER-02785,Derek Higgins,derek.higgins@yahoo.com,+1-940-560-1541x382,Basic,Frozen,2025-12-02,-29.99
MEMBER-02786,Richard Medina,richard.medina@gmail.com,492.738.9862,Premium,Frozen,2026-02-10,59.99
MEMBER-02787,Nicole Henderson,nicole.henderson@hotmail.com,001-662-296-6103x5657,VIP,Active,2025-12-04,29.99
MEMBER-02788,Robin Gonzalez,robin.gonzalez@hotmail.com,249-826-2735,VIP,Active,2024-10-20,-29.99
MEMBER-02789,Brian Jones,brian.jones@yahoo.com,(346)809-6149x09100,BASIC,Cancelled,2025-07-27,29.99
MEMBER-02790,Michael Wade,michael.wade@yahoo.com,654-430-0178x4627,Premium,Active,2026-06-12,29.99
MEMBER-02791,Lynn Pruitt,lynn.pruitt@yahoo.com,(925)589-8730,VIP,Cancelled,2025-01-26,-29.99
MEMBER-02792,Daniel Braun,daniel.braun@yahoo.com,001-669-210-7086x11713,Premium,Active,2026-02-04,29.99
MEMBER-02793,Dylan Johnson,dylan.johnson@gmail.com,(842)727-6434x94652,Premium,Frozen,2024-11-12,-29.99
MEMBER-02794,Melanie Dudley,melanie.dudley@yahoo.com,974.711.6028x5953,VIP,Cancelled,2025-07-01,59.99
MEMBER-02795,Carol Mccullough,carol.mccullough@yahoo.com,892-604-1552x82301,BASIC,Cancelled,2026-04-14,29.99
MEMBER-02796,Jerry Kent,jerry.kent@gmail.com,+1-729-977-4443x3294,Premium,Active,2025-11-08,99.99
MEMBER-02797,Roy Ellison,roy.ellison@yahoo.com,001-440-547-7246x497,Premium,Frozen,2026-02-21,99.99
MEMBER-02798,Kim Garcia,kim.garcia@gmail.com,(471)500-9978x44298,Basic,Active,2024-11-16,99.99
MEMBER-02799,Nicolas Green,nicolas.green@gmail.com,(282)465-8597,Basic,Cancelled,2025-05-04,99.99
MEMBER-02800,Zachary Jones,zachary.jones@yahoo.com,+1-857-799-9158x4345,VIP,Cancelled,2024-12-25,59.99
MEMBER-02801,Debra Mcknight,debra.mcknight@gmail.com,734-640-7080x6313,,Active,2025-03-30,59.99
MEMBER-02802,Marcus Cole,marcus.cole@hotmail.com,+1-345-490-7312x8211,Premium,Active,2025-07-28,99.99
MEMBER-02803,Kyle Hernandez,kyle.hernandez@hotmail.com,215.744.7889x37707,Premium,Active,2026-07-22,29.99
MEMBER-02804,Anthony Johnson,anthony.johnson@yahoo.com,+1-806-726-3276x2432,Basic,Active,2025-09-12,29.99
MEMBER-02805,Eric Rosario,eric.rosario@yahoo.com,+1-980-947-0789x379,Premium,Active,2026-02-23,59.99
MEMBER-02806,Mark Graves,mark.graves@hotmail.com,699.796.3691,Premium,Cancelled,2025-04-29,29.99
MEMBER-02807,Joseph Cline,joseph.cline@hotmail.com,+1-838-457-9282,Premium,Cancelled,2026-04-25,59.99
MEMBER-02808,Cassandra Garcia,cassandra.garcia@yahoo.com,959-395-2747,,Active,2025-07-03,-29.99
MEMBER-02809,Dawn Navarro,dawn.navarro@gmail.com,717.893.1347,BASIC,Frozen,2026-08-10,59.99
MEMBER-02810,Bryce Decker,bryce.decker@hotmail.com,276-450-2100,Premium,Cancelled,2025-10-18,-29.99
MEMBER-02811,Allison Parker,allison.parker@hotmail.com,001-895-587-0051x25380,Premium,Cancelled,2024-12-09,99.99
MEMBER-02812,Christina Smith,christina.smith@gmail.com,469.832.8792x7462,VIP,Active,2026-09-03,59.99
MEMBER-02813,Zachary Carr,zachary.carr@yahoo.com,411.252.4387,VIP,Active,2025-09-06,29.99
MEMBER-02814,Mark Morrison,mark.morrison@hotmail.com,844-649-4199,VIP,Active,2025-05-29,-29.99
MEMBER-02815,Tanya Andrews,tanya.andrews@hotmail.com,(924)538-4092x7715,Premium,Active,2026-02-25,-29.99
MEMBER-02816,Daisy Rice,daisy.rice@gmail.com,+1-870-951-8251x1031,BASIC,Active,2025-01-05,59.99
MEMBER-02817,Wendy Woods,wendy.woods@hotmail.com,844-956-6196,BASIC,Active,2026-03-13,-29.99
MEMBER-02818,Nicholas Smith,nicholas.smith@gmail.com,001-950-843-4010x2655,BASIC,Active,2026-03-19,99.99
MEMBER-02819,Kevin Wood,kevin.wood@hotmail.com,001-865-773-2977x41050,,Cancelled,2026-01-16,59.99
MEMBER-02820,Andrew Goodwin,andrew.goodwin@hotmail.com,(633)909-4621,VIP,Active,2026-02-02,-29.99
MEMBER-02821,Andrew Barnes,andrew.barnes@gmail.com,(953)373-0534x2890,VIP,Active,2026-02-01,99.99
MEMBER-02822,Patricia Butler,patricia.butler@hotmail.com,209.861.5071,BASIC,Active,2025-08-01,29.99
MEMBER-02823,David Munoz,david.munoz@gmail.com,(870)559-0411x79779,VIP,Cancelled,2024-12-15,-29.99
MEMBER-02824,Brooke Irwin,brooke.irwin@yahoo.com,409.496.0874x961,Premium,Cancelled,2026-01-08,59.99
MEMBER-02825,Michelle Dixon,michelle.dixon@gmail.com,978.784.7798x88243,Basic,Active,2026-01-21,99.99
MEMBER-02826,Richard Schmidt,richard.schmidt@yahoo.com,+1-262-974-8230,BASIC,Active,2024-11-15,-29.99
MEMBER-02827,Rachel Scott,rachel.scott@yahoo.com,001-350-313-3672,BASIC,Frozen,2026-07-06,-29.99
MEMBER-02828,Mark Griffin,mark.griffin@hotmail.com,914.308.2824x64913,BASIC,Frozen,2025-08-18,29.99
MEMBER-02829,Laura Brown,laura.brown@yahoo.com,+1-323-715-9637x81319,BASIC,Active,2024-12-17,29.99
MEMBER-02830,William Jones,william.jones@gmail.com,(690)204-7904x6449,BASIC,Cancelled,2026-05-17,59.99
MEMBER-02831,Michael Trujillo,michael.trujillo@gmail.com,819-239-4278x91192,BASIC,Frozen,2024-10-12,99.99
MEMBER-02832,Cindy Anthony,cindy.anthony@yahoo.com,+1-906-481-4416x66117,,Active,2026-07-06,99.99
MEMBER-02833,Chelsea Martin,chelsea.martin@gmail.com,(970)980-5858x24049,Basic,Active,2026-04-01,-29.99
MEMBER-02834,Gabrielle Proctor,gabrielle.proctor@yahoo.com,001-872-340-0303x151,Premium,Cancelled,2025-09-08,-29.99
MEMBER-02835,Michael Hansen,michael.hansen@yahoo.com,(624)794-7641,Basic,Frozen,2026-07-28,29.99
MEMBER-02836,William Lewis,william.lewis@yahoo.com,599-601-0263,Premium,Frozen,2026-09-20,-29.99
MEMBER-02837,Cindy Anderson,cindy.anderson@gmail.com,577.708.5942x682,Premium,Frozen,2026-04-24,59.99
MEMBER-02838,Nathan Gonzalez,nathan.gonzalez@yahoo.com,882-613-8011x557,,Cancelled,2026-05-23,29.99
MEMBER-02839,Cory Sheppard,cory.sheppard@gmail.com,798.255.3237,Basic,Active,2025-10-22,-29.99
MEMBER-02840,Katherine Lynch,katherine.lynch@gmail.com,575-625-2324,BASIC,Active,2026-03-22,59.99
MEMBER-02841,Duane Rodgers,duane.rodgers@hotmail.com,(779)265-6280x733,BASIC,Cancelled,2024-10-05,-29.99
MEMBER-02842,Robert Green,robert.green@hotmail.com,858-404-8294x07828,VIP,Frozen,2025-07-06,-29.99
MEMBER-02843,Jessica Boyd,jessica.boyd@hotmail.com,(993)570-6258,,Frozen,2025-07-18,-29.99
MEMBER-02844,Andrew Brown,andrew.brown@yahoo.com,+1-722-262-3167,Basic,Active,2024-11-14,99.99
MEMBER-02845,Christopher Gonzalez,christopher.gonzalez@gmail.com,+1-870-534-1477x5688,Premium,Frozen,2026-04-20,59.99
MEMBER-02846,Tony Young,tony.young@yahoo.com,001-498-370-8053,BASIC,Frozen,2026-06-07,29.99
MEMBER-02847,Gregory Hernandez,gregory.hernandez@gmail.com,+1-796-857-5376x44512,Premium,Active,2025-01-24,29.99
MEMBER-02848,Sheila Hernandez,sheila.hernandez@hotmail.com,+1-934-364-4299x61380,Basic,Active,2025-12-04,-29.99
MEMBER-02849,Erica Bender,erica.bender@gmail.com,001-569-493-9945x1068,,Active,2026-01-17,99.99
MEMBER-02850,Donald James,donald.james@hotmail.com,260.742.7857x10363,BASIC,Cancelled,2025-07-15,59.99
MEMBER-02851,Carmen Curtis,carmen.curtis@hotmail.com,001-262-850-9694x12352,VIP,Cancelled,2026-05-11,59.99
MEMBER-02852,Anthony Jones,anthony.jones@gmail.com,714.692.3603x680,Premium,Active,2025-04-16,59.99
MEMBER-02853,Kimberly Nelson,kimberly.nelson@yahoo.com,(513)326-7763,,Active,2026-04-04,-29.99
MEMBER-02854,Brenda Sutton,brenda.sutton@hotmail.com,9437843097,,Cancelled,2026-05-18,59.99
MEMBER-02855,Nicholas Baldwin,nicholas.baldwin@yahoo.com,(618)918-0187,Premium,Active,2025-02-02,59.99
MEMBER-02856,Carmen Reeves,carmen.reeves@hotmail.com,811.226.5974,Premium,Frozen,2025-03-13,-29.99
MEMBER-02857,Brian Parks,brian.parks@gmail.com,(517)481-7042,BASIC,Active,2025-10-14,59.99
MEMBER-02858,Melissa Fox,melissa.fox@hotmail.com,218-659-2063,Basic,Frozen,2024-12-25,29.99
MEMBER-02859,Parker Anderson,parker.anderson@yahoo.com,(561)389-1095,BASIC,Active,2026-09-21,99.99
MEMBER-02860,Brad Beltran,brad.beltran@gmail.com,392.551.3622x380,Basic,Frozen,2026-02-22,29.99
MEMBER-02861,Shane Johnson,shane.johnson@gmail.com,001-881-394-0146,,Cancelled,2026-07-30,-29.99
MEMBER-02862,Janet Cabrera,janet.cabrera@gmail.com,872.572.0450x980,BASIC,Active,2026-03-15,29.99
MEMBER-02863,Gina Dyer,gina.dyer@gmail.com,735.301.6262,Basic,Frozen,2024-10-23,29.99
MEMBER-02864,Larry Bass,larry.bass@yahoo.com,(817)930-5151x3320,,Active,2025-03-02,29.99
MEMBER-02865,Brian Hancock,brian.hancock@hotmail.com,(840)874-1359,Premium,Active,2025-06-15,-29.99
MEMBER-02866,John Elliott,john.elliott@gmail.com,(238)257-4339x1958,,Frozen,2024-10-17,-29.99
MEMBER-02867,Laura Evans,laura.evans@yahoo.com,(567)350-1468,BASIC,Frozen,2025-04-22,-29.99
MEMBER-02868,Peter Smith,peter.smith@gmail.com,494.255.8464,VIP,Frozen,2024-12-10,99.99
MEMBER-02869,Wayne Farmer,wayne.farmer@hotmail.com,2238201651,VIP,Cancelled,2026-04-26,99.99
MEMBER-02870,Alfred Wheeler,alfred.wheeler@yahoo.com,001-850-375-1926x77504,BASIC,Active,2026-08-14,29.99
MEMBER-02871,Peter Moore,peter.moore@gmail.com,+1-284-639-6568x87202,VIP,Frozen,2026-07-14,29.99
MEMBER-02872,Tara Peters,tara.peters@yahoo.com,603-365-3476,Basic,Active,2025-04-10,-29.99
MEMBER-02873,Kelly Thomas,kelly.thomas@hotmail.com,001-771-297-4531x4595,Premium,Active,2025-12-04,29.99
MEMBER-02874,Susan Williams,susan.williams@hotmail.com,+1-906-495-4735x642,,Frozen,2025-12-30,59.99
MEMBER-02875,Jonathan Gutierrez,jonathan.gutierrez@gmail.com,3906982450,VIP,Active,2026-03-31,-29.99
MEMBER-02876,Ryan Phillips,ryan.phillips@gmail.com,(836)207-4170,,Active,2025-02-03,59.99
MEMBER-02877,Glenn Jackson,glenn.jackson@yahoo.com,213.741.7622,Basic,Frozen,2025-05-16,29.99
MEMBER-02878,Sara Vasquez,sara.vasquez@yahoo.com,+1-301-963-7905x84828,VIP,Active,2025-02-18,99.99
MEMBER-02879,Christina Lewis,christina.lewis@hotmail.com,001-269-810-8296x5612,BASIC,Cancelled,2025-05-05,-29.99
MEMBER-02880,Paul Le,paul.le@yahoo.com,(347)685-6250x8450,BASIC,Active,2025-04-06,99.99
MEMBER-02881,Laura Clayton,laura.clayton@hotmail.com,001-892-357-0992,BASIC,Active,2024-10-02,29.99
MEMBER-02882,Drew Cooper,drew.cooper@yahoo.com,001-714-338-2552x03286,BASIC,Frozen,2025-11-16,59.99
MEMBER-02883,Kathryn Martinez,kathryn.martinez@hotmail.com,205.528.3905x30673,Premium,Active,2026-06-18,59.99
MEMBER-02884,Brian Hoffman,brian.hoffman@hotmail.com,701-267-7692x1910,BASIC,Active,2026-07-14,99.99
MEMBER-02885,Tracy Garcia,tracy.garcia@yahoo.com,8953744540,,Active,2026-08-17,59.99
MEMBER-02886,Kyle Hicks,kyle.hicks@yahoo.com,938.443.1556x7695,BASIC,Active,2025-12-07,-29.99
MEMBER-02887,Nicholas Doyle,nicholas.doyle@gmail.com,(373)224-3703,,Cancelled,2025-06-06,59.99
MEMBER-02888,Robert Hubbard,robert.hubbard@hotmail.com,541-434-3076,Premium,Cancelled,2025-12-18,29.99
MEMBER-02889,Kimberly Wallace,kimberly.wallace@hotmail.com,+1-216-405-1917,Basic,Active,2026-03-08,29.99
MEMBER-02890,Joseph Glenn,joseph.glenn@yahoo.com,001-637-543-7380x1318,Premium,Frozen,2025-05-07,-29.99
MEMBER-02891,Charles Cooper,charles.cooper@hotmail.com,216.982.6111x4762,VIP,Cancelled,2025-03-04,99.99
MEMBER-02892,Jonathan Ryan,jonathan.ryan@gmail.com,001-854-714-5564x7311,BASIC,Active,2025-12-30,59.99
MEMBER-02893,Gregory Powell,gregory.powell@yahoo.com,+1-700-988-9438x3014,,Active,2025-10-24,29.99
MEMBER-02894,Jill Wu,jill.wu@yahoo.com,(660)688-0418x902,VIP,Cancelled,2025-08-04,29.99
MEMBER-02895,Lindsay Lopez,lindsay.lopez@hotmail.com,(961)573-4608,VIP,Active,2026-05-12,-29.99
MEMBER-02896,Lindsey Davenport,lindsey.davenport@gmail.com,293-618-1372x293,,Active,2025-06-16,59.99
MEMBER-02897,Adam Perez,adam.perez@hotmail.com,534.891.1647x64927,Premium,Frozen,2025-12-01,29.99
MEMBER-02898,Lisa Harris,lisa.harris@gmail.com,001-472-727-8181x5539,VIP,Active,2026-03-14,29.99
MEMBER-02899,William Wright,william.wright@gmail.com,636-371-6033,Basic,Frozen,2026-09-05,59.99
MEMBER-02900,Jessica Malone,jessica.malone@yahoo.com,(302)287-4907x2648,Basic,Frozen,2025-06-15,59.99
MEMBER-02901,Heather Wright,heather.wright@gmail.com,(578)212-8837x93985,VIP,Active,2026-05-22,29.99
MEMBER-02902,Angela Moore,angela.moore@gmail.com,481.546.9539x536,VIP,Active,2026-05-21,59.99
MEMBER-02903,Grant Gonzales,grant.gonzales@hotmail.com,286-311-5623x0678,BASIC,Active,2026-03-07,99.99
MEMBER-02904,Barbara Cruz,barbara.cruz@gmail.com,341-428-0447,VIP,Cancelled,2024-10-24,59.99
MEMBER-02905,Vanessa Harris,vanessa.harris@yahoo.com,(548)974-8562,Basic,Active,2025-11-22,29.99
MEMBER-02906,Deborah Hawkins,deborah.hawkins@hotmail.com,573-727-7606,,Active,2026-02-05,99.99
MEMBER-02907,Carl Allen,carl.allen@hotmail.com,001-690-565-7416,Premium,Frozen,2026-08-16,59.99
MEMBER-02908,Robert Huynh,robert.huynh@gmail.com,+1-937-756-1845x35777,BASIC,Active,2025-12-07,59.99
MEMBER-02909,Devin Lynch,devin.lynch@yahoo.com,836.218.8374x48923,,Frozen,2025-05-03,59.99
MEMBER-02910,David Adams,david.adams@gmail.com,(456)770-2178,Basic,Frozen,2026-06-01,99.99
MEMBER-02911,Susan Peters,susan.peters@gmail.com,(210)637-6329x4038,,Active,2025-03-11,99.99
MEMBER-02912,Travis Davis,travis.davis@gmail.com,(998)208-6551x08619,,Active,2026-07-31,59.99
MEMBER-02913,Tyler Swanson,tyler.swanson@hotmail.com,493.913.2940,BASIC,Frozen,2026-06-04,-29.99
MEMBER-02914,Michael Carter,michael.carter@yahoo.com,6168575557,Basic,Frozen,2025-03-09,59.99
MEMBER-02915,Cynthia Peters,cynthia.peters@gmail.com,+1-870-256-0557x38410,Premium,Cancelled,2026-05-23,29.99
MEMBER-02916,Anthony Reynolds,anthony.reynolds@yahoo.com,261-453-1766,Premium,Active,2025-05-11,-29.99
MEMBER-02917,Kelly Brooks,kelly.brooks@hotmail.com,991.781.4336x975,VIP,Cancelled,2026-07-15,29.99
MEMBER-02918,Laura Baker,laura.baker@gmail.com,(683)842-6053x3882,,Active,2025-12-27,99.99
MEMBER-02919,Ricardo Swanson,ricardo.swanson@hotmail.com,001-518-875-8804x140,BASIC,Active,2025-03-18,99.99
MEMBER-02920,Sharon Fox,sharon.fox@yahoo.com,212-661-9379x02293,BASIC,Active,2025-05-12,29.99
MEMBER-02921,Jason Ayers,jason.ayers@hotmail.com,(213)245-5799,,Frozen,2025-09-30,99.99
MEMBER-02922,Jacob Morales,jacob.morales@hotmail.com,723.306.3657x8371,Premium,Active,2026-05-30,29.99
MEMBER-02923,Brian Garcia,brian.garcia@yahoo.com,877.967.9593x2249,Premium,Frozen,2025-03-14,29.99
MEMBER-02924,Taylor Lawrence,taylor.lawrence@yahoo.com,657-691-2094x54028,VIP,Active,2025-03-02,59.99
MEMBER-02925,Anita Doyle,anita.doyle@gmail.com,(897)869-4136x6748,,Cancelled,2026-01-06,-29.99
MEMBER-02926,Monica Stone,monica.stone@yahoo.com,263.691.4183x59094,BASIC,Frozen,2026-06-01,59.99
MEMBER-02927,Kelly Owens,kelly.owens@gmail.com,307.225.4452x786,Premium,Cancelled,2026-01-06,59.99
MEMBER-02928,Matthew Stevens,matthew.stevens@hotmail.com,(587)340-7519,Basic,Frozen,2026-09-19,29.99
MEMBER-02929,Johnny Yates,johnny.yates@gmail.com,282.780.3568x991,Premium,Active,2025-11-15,-29.99
MEMBER-02930,Troy Stevens,troy.stevens@hotmail.com,950.613.9939x2567,Premium,Active,2026-05-19,29.99
MEMBER-02931,Erica Foster,erica.foster@gmail.com,977-818-6266,VIP,Active,2024-11-19,59.99
MEMBER-02932,Richard Hall,richard.hall@gmail.com,001-886-638-1303x26249,Basic,Active,2024-10-17,99.99
MEMBER-02933,Chelsea Powell,chelsea.powell@yahoo.com,797-670-5364x434,,Active,2024-12-15,59.99
MEMBER-02934,David Delgado,david.delgado@yahoo.com,(608)401-2893,BASIC,Cancelled,2025-11-13,29.99
MEMBER-02935,Albert Johnson,albert.johnson@hotmail.com,001-720-853-6504,Basic,Cancelled,2025-11-07,-29.99
MEMBER-02936,Ronald Barnes,ronald.barnes@gmail.com,6192233152,BASIC,Frozen,2025-04-25,59.99
MEMBER-02937,Patricia Martinez,patricia.martinez@yahoo.com,+1-975-584-2768x6127,BASIC,Active,2026-06-12,-29.99
MEMBER-02938,John Allen,john.allen@yahoo.com,(894)420-1844x57661,BASIC,Frozen,2026-08-13,-29.99
MEMBER-02939,Barbara Guerra,barbara.guerra@hotmail.com,001-450-864-1031x84173,VIP,Active,2025-07-09,29.99
MEMBER-02940,Margaret Lewis,margaret.lewis@hotmail.com,(855)646-1203x84672,Basic,Active,2025-05-19,29.99
MEMBER-02941,Emily Jones,emily.jones@hotmail.com,001-789-828-9143x53542,BASIC,Cancelled,2025-01-01,29.99
MEMBER-02942,Maria Patel,maria.patel@yahoo.com,001-207-981-3847x5134,,Active,2026-03-02,99.99
MEMBER-02943,Joshua Davis,joshua.davis@hotmail.com,205-882-4055x46512,Basic,Cancelled,2026-01-18,-29.99
MEMBER-02944,Andrew Burton,andrew.burton@yahoo.com,719-559-7372,BASIC,Active,2026-06-02,99.99
MEMBER-02945,Aaron Wilson,aaron.wilson@hotmail.com,264-239-4428x054,,Cancelled,2025-12-23,29.99
MEMBER-02946,Veronica Chan,veronica.chan@hotmail.com,001-231-295-0787x30539,VIP,Active,2025-03-31,59.99
MEMBER-02947,Katherine Walters,katherine.walters@hotmail.com,729.726.2055,BASIC,Active,2026-09-25,-29.99
MEMBER-02948,Sarah Haney,sarah.haney@gmail.com,649.575.6578x33939,,Active,2024-11-20,29.99
MEMBER-02949,Anthony Fleming,anthony.fleming@gmail.com,+1-288-757-8782,,Active,2025-10-05,59.99
MEMBER-02950,Henry Booth,henry.booth@hotmail.com,897.783.0189,Basic,Cancelled,2026-01-29,59.99
MEMBER-02951,Dawn Vincent,dawn.vincent@hotmail.com,446.907.4562x56703,Basic,Active,2024-12-12,99.99
MEMBER-02952,Sheila Aguirre,sheila.aguirre@hotmail.com,758.475.0980x207,Basic,Active,2024-10-31,59.99
MEMBER-02953,Johnny Mcguire,johnny.mcguire@hotmail.com,6749390648,,Cancelled,2025-10-15,59.99
MEMBER-02954,James Jackson,james.jackson@gmail.com,344-307-3197x1890,Basic,Frozen,2025-02-13,29.99
MEMBER-02955,Brian Gonzalez,brian.gonzalez@yahoo.com,629.916.9426x1666,Basic,Active,2024-11-16,99.99
MEMBER-02956,Vickie Burns,vickie.burns@hotmail.com,552.375.6520,VIP,Cancelled,2026-03-11,-29.99
MEMBER-02957,Rachel Gill,rachel.gill@gmail.com,7014618321,Basic,Cancelled,2025-12-11,99.99
MEMBER-02958,Sarah Brown,sarah.brown@yahoo.com,516-364-3086x0428,Basic,Frozen,2025-07-31,-29.99
MEMBER-02959,Travis Lewis,travis.lewis@yahoo.com,(944)971-0606x0673,Premium,Active,2025-11-10,99.99
MEMBER-02960,Amanda Montgomery,amanda.montgomery@gmail.com,918-210-0729x084,,Frozen,2026-04-13,59.99
MEMBER-02961,Daniel Davis,daniel.davis@gmail.com,001-256-547-6585x7579,Basic,Active,2026-06-13,59.99
MEMBER-02962,Jessica Ross,jessica.ross@yahoo.com,001-959-647-9109x9993,Basic,Cancelled,2025-11-19,59.99
MEMBER-02963,Jennifer Morales,jennifer.morales@gmail.com,508.204.5334,VIP,Cancelled,2025-04-18,59.99
MEMBER-02964,Cheryl Stephens,cheryl.stephens@gmail.com,500.802.6755x475,,Cancelled,2026-06-13,99.99
MEMBER-02965,Kelly Dawson,kelly.dawson@yahoo.com,282.551.1723,VIP,Cancelled,2026-07-12,-29.99
MEMBER-02966,Lisa Hunter,lisa.hunter@gmail.com,826.333.0804x8088,Basic,Frozen,2024-12-18,99.99
MEMBER-02967,Gabriel Richardson,gabriel.richardson@gmail.com,343-806-5772x1127,BASIC,Cancelled,2025-11-01,-29.99
MEMBER-02968,Daniel Cunningham,daniel.cunningham@gmail.com,+1-376-363-5215x26737,BASIC,Active,2024-10-05,99.99
MEMBER-02969,Shannon Smith,shannon.smith@yahoo.com,+1-968-564-6414,BASIC,Cancelled,2025-06-24,59.99
MEMBER-02970,Nancy Larsen,nancy.larsen@yahoo.com,+1-795-937-4252,Basic,Frozen,2025-09-06,59.99
MEMBER-02971,Sara Ryan,sara.ryan@hotmail.com,+1-977-239-5166x0323,VIP,Cancelled,2024-12-12,-29.99
MEMBER-02972,Joseph Ramsey,joseph.ramsey@hotmail.com,(207)615-1996x323,Premium,Frozen,2025-10-09,-29.99
MEMBER-02973,Rhonda Hernandez,rhonda.hernandez@hotmail.com,001-661-315-9533,BASIC,Active,2025-07-28,59.99
MEMBER-02974,David Sherman,david.sherman@hotmail.com,001-806-228-8156,Basic,Frozen,2026-02-21,29.99
MEMBER-02975,Maria Kerr,maria.kerr@gmail.com,001-680-551-8343,,Active,2025-08-08,-29.99
MEMBER-02976,John Graham,john.graham@gmail.com,001-887-979-3472x441,Basic,Frozen,2025-07-24,29.99
MEMBER-02977,Drew Owen,drew.owen@yahoo.com,001-843-509-6474x2932,VIP,Frozen,2026-04-15,99.99
MEMBER-02978,Kevin Webb,kevin.webb@hotmail.com,001-629-451-6289x0845,Premium,Cancelled,2025-07-16,99.99
MEMBER-02979,Donald Woods,donald.woods@gmail.com,812.858.1287,Basic,Active,2025-03-18,-29.99
MEMBER-02980,Joseph Scott,joseph.scott@gmail.com,+1-874-747-6522x469,Premium,Active,2026-09-26,29.99
MEMBER-02981,Kathryn Gutierrez,kathryn.gutierrez@gmail.com,675-717-1352,Basic,Cancelled,2025-04-16,99.99
MEMBER-02982,Dawn Johnson,dawn.johnson@hotmail.com,900-657-4580x76648,,Active,2024-12-24,29.99
MEMBER-02983,Jeremiah Estrada,jeremiah.estrada@gmail.com,(676)407-8335,,Frozen,2026-02-02,99.99
MEMBER-02984,Samantha Harrington,samantha.harrington@yahoo.com,(324)988-1603x534,,Frozen,2025-08-21,29.99
MEMBER-02985,Isabel Gomez,isabel.gomez@yahoo.com,941-519-1014,Basic,Cancelled,2025-12-11,99.99
MEMBER-02986,Danielle Becker,danielle.becker@gmail.com,+1-929-983-5844x8012,BASIC,Cancelled,2024-11-22,99.99
MEMBER-02987,Derek Ramos,derek.ramos@yahoo.com,001-615-668-5390x917,,Active,2025-10-09,-29.99
MEMBER-02988,Ashley Acevedo,ashley.acevedo@gmail.com,803.708.9229x06419,,Cancelled,2025-12-01,99.99
MEMBER-02989,Kaitlyn Johnson,kaitlyn.johnson@hotmail.com,001-937-464-5265,Basic,Cancelled,2025-11-07,59.99
MEMBER-02990,Alexis Jackson,alexis.jackson@hotmail.com,(356)226-0080x5980,Premium,Active,2024-10-01,99.99
MEMBER-02991,Holly Smith,holly.smith@yahoo.com,478.228.6872,Basic,Frozen,2026-09-01,59.99
MEMBER-02992,Katelyn Lee,katelyn.lee@yahoo.com,908-816-9223,,Active,2026-02-10,-29.99
MEMBER-02993,Peter Rodriguez,peter.rodriguez@yahoo.com,951-498-0702,Premium,Active,2026-01-20,99.99
MEMBER-02994,Elizabeth Decker,elizabeth.decker@hotmail.com,+1-842-586-3583x492,BASIC,Frozen,2025-12-04,99.99
MEMBER-02995,Brandi Huang,brandi.huang@hotmail.com,749.755.9109x2335,BASIC,Cancelled,2025-09-14,99.99
MEMBER-02996,Megan Hernandez,megan.hernandez@hotmail.com,+1-734-963-8916x1905,Basic,Frozen,2025-07-07,-29.99
MEMBER-02997,Jared Wolfe,jared.wolfe@gmail.com,001-361-849-9094,VIP,Active,2025-09-24,29.99
MEMBER-02998,Ashley Burton,ashley.burton@gmail.com,+1-302-379-8914x5481,Basic,Cancelled,2025-09-28,29.99
MEMBER-02999,Connie Palmer,connie.palmer@yahoo.com,848.774.9400x92628,Premium,Active,2026-04-19,29.99
MEMBER-03000,Amber Johnson,amber.johnson@yahoo.com,+1-720-908-0570x19743,VIP,Active,2025-06-02,29.99
MEMBER-03001,Gina Sandoval,gina.sandoval@hotmail.com,(855)256-8084,BASIC,Cancelled,2024-09-27,-29.99
MEMBER-03002,Dalton Neal,dalton.neal@hotmail.com,623-962-4249,BASIC,Active,2026-03-06,-29.99
MEMBER-03003,Benjamin Taylor,benjamin.taylor@yahoo.com,290-767-2446,Basic,Cancelled,2026-06-16,29.99
MEMBER-03004,Suzanne Norris,suzanne.norris@gmail.com,487-274-7630x8357,BASIC,Frozen,2026-01-18,59.99
MEMBER-03005,Cody Mueller,cody.mueller@gmail.com,6634474180,,Active,2024-10-31,-29.99
MEMBER-03006,Erica Moore,erica.moore@gmail.com,997-757-3368x28765,Premium,Cancelled,2026-04-14,59.99
MEMBER-03007,Michael Taylor,michael.taylor@hotmail.com,(885)668-5066x48782,Basic,Frozen,2026-08-06,59.99
MEMBER-03008,Teresa Kennedy,teresa.kennedy@gmail.com,7005255464,,Frozen,2025-03-30,29.99
MEMBER-03009,Justin Howell,justin.howell@yahoo.com,(394)684-4704,BASIC,Active,2025-07-11,-29.99
MEMBER-03010,Austin Estrada,austin.estrada@yahoo.com,337.806.9511,Premium,Frozen,2026-02-11,29.99
MEMBER-03011,David Nichols,david.nichols@yahoo.com,(595)459-4229x813,VIP,Cancelled,2025-05-08,29.99
MEMBER-03012,Charles Contreras,charles.contreras@yahoo.com,211.680.1677x436,VIP,Frozen,2025-11-23,-29.99
MEMBER-03013,Cindy Smith,cindy.smith@hotmail.com,559.627.1436x94749,VIP,Frozen,2026-05-21,59.99
MEMBER-03014,Timothy Terry,timothy.terry@hotmail.com,+1-993-986-1618,Basic,Active,2025-07-20,59.99
MEMBER-03015,Kurt Acosta,kurt.acosta@hotmail.com,+1-208-743-1965x21790,VIP,Active,2025-02-23,-29.99
MEMBER-03016,Elizabeth Anderson,elizabeth.anderson@yahoo.com,7557740284,,Active,2025-11-17,29.99
MEMBER-03017,Kathryn Dunlap,kathryn.dunlap@yahoo.com,001-555-291-2681,VIP,Active,2025-10-16,-29.99
MEMBER-03018,April Hayes,april.hayes@gmail.com,683-759-4123,VIP,Frozen,2025-12-22,99.99
MEMBER-03019,Jennifer Harris,jennifer.harris@yahoo.com,001-980-624-5571x162,Basic,Active,2026-05-18,99.99
MEMBER-03020,Jared Garcia,jared.garcia@yahoo.com,+1-628-263-2702x317,Premium,Active,2025-01-04,99.99
MEMBER-03021,Alicia Jones,alicia.jones@yahoo.com,8762344334,Basic,Active,2025-02-13,-29.99
MEMBER-03022,Debra Levy,debra.levy@hotmail.com,(433)756-4162x9870,BASIC,Cancelled,2025-01-21,29.99
MEMBER-03023,Cody Griffith,cody.griffith@gmail.com,635-717-2368x504,,Cancelled,2025-02-04,-29.99
MEMBER-03024,Paul Schultz,paul.schultz@gmail.com,001-835-347-2240x5530,Basic,Active,2024-12-25,29.99
MEMBER-03025,Victoria Salazar,victoria.salazar@gmail.com,958-292-7523x408,Premium,Frozen,2026-05-03,59.99
MEMBER-03026,Nathaniel Hart,nathaniel.hart@hotmail.com,335.455.6385,BASIC,Active,2025-12-02,99.99
MEMBER-03027,Jorge Clark,jorge.clark@hotmail.com,001-274-986-9800x55733,VIP,Frozen,2026-01-23,-29.99
MEMBER-03028,Teresa Montes,teresa.montes@yahoo.com,+1-760-294-0447x5017,Premium,Frozen,2025-06-11,29.99
MEMBER-03029,Robert Roberson,robert.roberson@yahoo.com,489-690-6586x97223,BASIC,Active,2025-02-14,59.99
MEMBER-03030,Bobby Allen,bobby.allen@gmail.com,(731)391-0697x1363,Premium,Frozen,2026-05-10,-29.99
MEMBER-03031,Emily Pratt,emily.pratt@yahoo.com,001-820-328-6122x328,Basic,Frozen,2025-04-23,59.99
MEMBER-03032,Aaron Wise,aaron.wise@hotmail.com,554-422-4922x4302,Basic,Cancelled,2026-05-20,99.99
MEMBER-03033,Jacqueline Smith,jacqueline.smith@gmail.com,527.789.2824,Basic,Cancelled,2024-11-12,-29.99
MEMBER-03034,Danielle Huff,danielle.huff@hotmail.com,935-832-9561,BASIC,Frozen,2025-02-15,29.99
MEMBER-03035,Brianna Shannon,brianna.shannon@hotmail.com,846.376.4089x77953,Premium,Cancelled,2026-08-30,-29.99
MEMBER-03036,Joshua Arnold,joshua.arnold@gmail.com,+1-370-790-6336x0273,VIP,Active,2025-08-20,-29.99
MEMBER-03037,Terry Ramsey,terry.ramsey@yahoo.com,973-962-9245,BASIC,Active,2026-07-29,59.99
MEMBER-03038,Spencer Stephens,spencer.stephens@hotmail.com,(443)482-1462,VIP,Active,2025-02-17,-29.99
MEMBER-03039,Victoria Shah,victoria.shah@gmail.com,781.238.5223,Premium,Active,2025-07-21,29.99
MEMBER-03040,Duane Maldonado,duane.maldonado@hotmail.com,001-440-614-4124x522,Basic,Cancelled,2026-06-17,59.99
MEMBER-03041,Mike Ramos,mike.ramos@gmail.com,693.393.5046x29337,VIP,Active,2025-06-26,59.99
MEMBER-03042,Sandra Trevino,sandra.trevino@hotmail.com,001-533-287-8959x1905,Basic,Frozen,2025-12-19,-29.99
MEMBER-03043,Danielle Adams,danielle.adams@hotmail.com,259.250.8257x2323,,Active,2025-10-05,-29.99
MEMBER-03044,Adam Fisher,adam.fisher@gmail.com,+1-969-748-4674,BASIC,Frozen,2025-02-03,99.99
MEMBER-03045,Julia Garcia,julia.garcia@hotmail.com,456.950.8692,BASIC,Active,2026-07-13,-29.99
MEMBER-03046,Sheila Mcconnell,sheila.mcconnell@gmail.com,001-625-325-4110x5562,Premium,Cancelled,2025-01-14,59.99
MEMBER-03047,Roberto Russell,roberto.russell@yahoo.com,+1-580-894-0596x4703,Premium,Frozen,2026-06-26,29.99
MEMBER-03048,Joseph Skinner,joseph.skinner@yahoo.com,001-232-506-5432x61434,VIP,Cancelled,2025-10-02,-29.99
MEMBER-03049,Charles Hernandez,charles.hernandez@hotmail.com,731-509-1568x309,Premium,Active,2026-04-13,29.99
MEMBER-03050,Tammy Miller,tammy.miller@gmail.com,(952)264-9747,,Cancelled,2025-08-29,59.99
MEMBER-03051,Samuel Garrett,samuel.garrett@yahoo.com,342-286-3070x7810,,Cancelled,2024-12-19,59.99
MEMBER-03052,Derek Key,derek.key@yahoo.com,205.669.4211x87490,Basic,Cancelled,2025-04-12,-29.99
MEMBER-03053,Breanna Serrano,breanna.serrano@hotmail.com,001-207-823-1492x04993,Basic,Frozen,2025-05-08,59.99
MEMBER-03054,Brian Baker,brian.baker@gmail.com,707-204-3105,Premium,Active,2025-03-13,29.99
MEMBER-03055,Christopher Luna,christopher.luna@hotmail.com,385.606.6067x514,,Cancelled,2025-11-05,29.99
MEMBER-03056,Jeremy Pineda,jeremy.pineda@yahoo.com,(509)851-4277x0215,Basic,Active,2024-12-24,-29.99
MEMBER-03057,Daniel Rogers,daniel.rogers@gmail.com,562-671-4359,,Frozen,2024-12-21,59.99
MEMBER-03058,Austin Garcia,austin.garcia@yahoo.com,404-472-5531x07371,Premium,Frozen,2024-10-01,-29.99
MEMBER-03059,Samuel Morris,samuel.morris@gmail.com,+1-245-824-0886,BASIC,Active,2026-03-03,-29.99
MEMBER-03060,Brittany Stewart,brittany.stewart@gmail.com,360.310.9993,Basic,Frozen,2026-05-19,29.99
MEMBER-03061,Janet Adams,janet.adams@gmail.com,4994812971,VIP,Frozen,2025-11-01,99.99
MEMBER-03062,Abigail Mathews,abigail.mathews@yahoo.com,001-415-894-9254x3450,VIP,Active,2025-08-23,59.99
MEMBER-03063,Jorge Thompson,jorge.thompson@gmail.com,+1-269-766-4811,VIP,Active,2024-11-19,59.99
MEMBER-03064,Stephanie Jackson,stephanie.jackson@hotmail.com,001-527-824-3067x7798,Basic,Active,2025-09-14,29.99
MEMBER-03065,Stephen Jones,stephen.jones@yahoo.com,3825408935,VIP,Cancelled,2025-02-21,99.99
MEMBER-03066,Julia Davis,julia.davis@yahoo.com,292.308.2366x162,BASIC,Frozen,2025-09-07,29.99
MEMBER-03067,Margaret Stark,margaret.stark@hotmail.com,612-266-0869x61108,BASIC,Cancelled,2026-03-03,99.99
MEMBER-03068,John Johnson,john.johnson@hotmail.com,(576)573-6086,BASIC,Frozen,2025-03-14,99.99
MEMBER-03069,Lisa Larson,lisa.larson@yahoo.com,2662676055,VIP,Active,2026-02-11,29.99
MEMBER-03070,Benjamin Decker,benjamin.decker@gmail.com,+1-790-783-0692x50980,Basic,Cancelled,2026-08-19,99.99
MEMBER-03071,Ryan Phillips,ryan.phillips@gmail.com,001-894-212-4361,VIP,Frozen,2025-07-11,99.99
MEMBER-03072,Alexander White,alexander.white@hotmail.com,001-599-807-6191x81498,Premium,Frozen,2025-10-14,59.99
MEMBER-03073,Alejandra Bishop,alejandra.bishop@gmail.com,(817)974-9117,,Active,2025-06-11,29.99
MEMBER-03074,Nathan Costa,nathan.costa@hotmail.com,7434753157,Basic,Cancelled,2026-08-20,29.99
MEMBER-03075,Gregory Morris,gregory.morris@hotmail.com,+1-838-960-3903,Basic,Cancelled,2025-05-10,59.99
MEMBER-03076,Angela Ramos,angela.ramos@yahoo.com,(475)935-1534x7439,BASIC,Active,2024-09-26,29.99
MEMBER-03077,April Jackson,april.jackson@yahoo.com,+1-200-537-8101,,Frozen,2026-01-31,99.99
MEMBER-03078,Douglas Grimes,douglas.grimes@hotmail.com,(934)716-0990,BASIC,Cancelled,2025-10-10,59.99
MEMBER-03079,Janet Nichols,janet.nichols@yahoo.com,666-619-0764,Basic,Cancelled,2026-08-22,59.99
MEMBER-03080,Carol Campbell,carol.campbell@hotmail.com,761-662-2277x2610,BASIC,Frozen,2026-05-25,99.99
MEMBER-03081,Deborah Vincent,deborah.vincent@gmail.com,(460)328-4655,VIP,Active,2026-03-29,29.99
MEMBER-03082,Alyssa Stewart,alyssa.stewart@hotmail.com,264.499.3397x45391,BASIC,Active,2025-03-26,-29.99
MEMBER-03083,Amber Hawkins,amber.hawkins@yahoo.com,244-243-3736,BASIC,Active,2025-10-28,59.99
MEMBER-03084,Mark Morgan,mark.morgan@hotmail.com,294.276.3183x429,,Frozen,2025-01-27,59.99
MEMBER-03085,Justin Wheeler,justin.wheeler@hotmail.com,985.823.4615x1216,VIP,Active,2026-04-20,29.99
MEMBER-03086,Adam Mills,adam.mills@hotmail.com,(701)806-6589x78242,Premium,Active,2025-07-03,-29.99
MEMBER-03087,Andrea Campos,andrea.campos@gmail.com,+1-854-504-4503,,Active,2025-11-09,59.99
MEMBER-03088,Nicole Gonzalez,nicole.gonzalez@yahoo.com,(869)708-1449x8602,BASIC,Active,2025-03-19,-29.99
MEMBER-03089,Isaac Peters,isaac.peters@gmail.com,253-607-0791,BASIC,Frozen,2026-03-27,59.99
MEMBER-03090,Alison Crawford,alison.crawford@yahoo.com,3154083345,Premium,Active,2026-01-09,59.99
MEMBER-03091,Allison Morrison,allison.morrison@hotmail.com,001-945-641-8337x8814,,Cancelled,2025-01-16,29.99
MEMBER-03092,Nicole Johnson,nicole.johnson@yahoo.com,982.803.9500,,Active,2025-09-08,99.99
MEMBER-03093,Sean Cook,sean.cook@gmail.com,9535576036,VIP,Cancelled,2025-03-13,99.99
MEMBER-03094,Wendy Jones,wendy.jones@gmail.com,874-315-1632x956,VIP,Active,2026-02-06,59.99
MEMBER-03095,Joshua Ibarra,joshua.ibarra@hotmail.com,(443)964-8517,Premium,Active,2026-03-09,59.99
MEMBER-03096,Michael Simpson,michael.simpson@gmail.com,3618460174,VIP,Active,2025-05-22,59.99
MEMBER-03097,Anthony Swanson,anthony.swanson@gmail.com,001-592-956-8359x6278,VIP,Cancelled,2025-10-01,99.99
MEMBER-03098,Timothy Murphy,timothy.murphy@gmail.com,(934)671-4513,Basic,Cancelled,2026-02-19,59.99
MEMBER-03099,Natalie Chan,natalie.chan@hotmail.com,+1-426-956-5293x6756,,Active,2025-07-10,29.99
MEMBER-03100,Kathleen Peterson,kathleen.peterson@yahoo.com,7347989397,VIP,Frozen,2025-06-08,99.99
MEMBER-03101,Joel Douglas,joel.douglas@hotmail.com,(620)994-7054,Basic,Frozen,2026-07-30,59.99
MEMBER-03102,Raymond Gordon,raymond.gordon@hotmail.com,001-639-501-8769x270,BASIC,Frozen,2025-10-28,99.99
MEMBER-03103,Amber Conway,amber.conway@gmail.com,571.758.3443x02997,Basic,Active,2025-05-25,99.99
MEMBER-03104,Joseph Boone,joseph.boone@yahoo.com,8292480468,Premium,Frozen,2025-11-18,59.99
MEMBER-03105,Jennifer Morales,jennifer.morales@yahoo.com,+1-927-324-7711x57873,VIP,Active,2025-06-18,29.99
MEMBER-03106,Pamela Martinez,pamela.martinez@yahoo.com,(917)536-7138,BASIC,Frozen,2024-11-13,59.99
MEMBER-03107,Kelly Hale,kelly.hale@gmail.com,691-866-6162,BASIC,Cancelled,2026-01-18,99.99
MEMBER-03108,Jennifer Mills,jennifer.mills@hotmail.com,+1-467-662-1822x4792,VIP,Cancelled,2025-10-14,-29.99
MEMBER-03109,Richard Hester,richard.hester@hotmail.com,(470)771-6714x89579,Premium,Active,2025-09-15,59.99
MEMBER-03110,Amanda Holt,amanda.holt@gmail.com,729-680-0934x13734,BASIC,Frozen,2025-01-03,59.99
MEMBER-03111,Wendy Mendoza,wendy.mendoza@gmail.com,755-382-2181,BASIC,Active,2025-09-06,-29.99
MEMBER-03112,Christopher Munoz,christopher.munoz@gmail.com,606.777.6931x316,Premium,Active,2025-04-03,59.99
MEMBER-03113,Angela Lee,angela.lee@yahoo.com,(355)203-5332,Premium,Cancelled,2024-12-12,-29.99
MEMBER-03114,Ethan Gould,ethan.gould@hotmail.com,(275)591-4999x5977,Premium,Frozen,2024-12-09,29.99
MEMBER-03115,Jacqueline Castillo,jacqueline.castillo@yahoo.com,(882)558-3201x43545,VIP,Cancelled,2026-05-29,59.99
MEMBER-03116,Randy Ruiz,randy.ruiz@hotmail.com,836.586.3644x49810,BASIC,Cancelled,2026-05-02,29.99
MEMBER-03117,David Gutierrez,david.gutierrez@yahoo.com,001-439-320-6042x94299,Premium,Active,2024-12-04,-29.99
MEMBER-03118,Christina Thompson,christina.thompson@yahoo.com,535-906-9782x099,Premium,Active,2025-01-08,-29.99
MEMBER-03119,Nancy Davis,nancy.davis@gmail.com,282.399.8399,Basic,Cancelled,2025-07-09,29.99
MEMBER-03120,Pamela Norman,pamela.norman@hotmail.com,(295)547-6168x068,,Active,2024-10-25,-29.99
MEMBER-03121,Lance Rasmussen,lance.rasmussen@gmail.com,6545680131,BASIC,Active,2026-09-08,29.99
MEMBER-03122,John Smith,john.smith@yahoo.com,443.321.1154x9599,Basic,Active,2026-05-08,59.99
MEMBER-03123,Frances Larson,frances.larson@gmail.com,+1-769-409-1364x176,Premium,Active,2024-10-10,99.99
MEMBER-03124,Regina Serrano,regina.serrano@hotmail.com,783-560-9016x8011,Premium,Active,2026-04-25,29.99
MEMBER-03125,Robert Hanson,robert.hanson@yahoo.com,494.253.4973,Basic,Frozen,2024-09-28,29.99
MEMBER-03126,Melissa Gutierrez,melissa.gutierrez@gmail.com,(235)630-5325x624,Premium,Cancelled,2026-01-01,-29.99
MEMBER-03127,Tyler Baker,tyler.baker@yahoo.com,+1-655-251-6932,,Active,2026-07-13,59.99
MEMBER-03128,Mason Hubbard,mason.hubbard@yahoo.com,001-341-819-3539x10389,VIP,Frozen,2026-06-20,-29.99
MEMBER-03129,Kayla Jimenez,kayla.jimenez@hotmail.com,2956218586,Premium,Cancelled,2026-03-19,29.99
MEMBER-03130,Wendy Obrien,wendy.obrien@gmail.com,001-700-988-9258,,Frozen,2025-10-30,29.99
MEMBER-03131,Krystal Franklin,krystal.franklin@hotmail.com,4372037731,Basic,Active,2025-07-09,29.99
MEMBER-03132,Tammy Tyler,tammy.tyler@yahoo.com,001-948-353-0748,,Frozen,2026-06-12,29.99
MEMBER-03133,Jacob Proctor,jacob.proctor@hotmail.com,001-351-540-5018,,Active,2026-03-31,59.99
MEMBER-03134,Megan Hughes,megan.hughes@yahoo.com,5006485412,Basic,Cancelled,2025-10-24,29.99
MEMBER-03135,Sara Smith,sara.smith@hotmail.com,001-445-725-5396,Premium,Active,2026-07-11,-29.99
MEMBER-03136,Michael Miller,michael.miller@yahoo.com,529-487-0109,Premium,Frozen,2024-12-29,99.99
MEMBER-03137,Mathew Chapman,mathew.chapman@gmail.com,761.411.4832x4096,Premium,Active,2026-09-19,29.99
MEMBER-03138,Erica Li,erica.li@gmail.com,366-394-8100,BASIC,Cancelled,2025-01-31,29.99
MEMBER-03139,Jenna Robinson,jenna.robinson@hotmail.com,9165796556,Premium,Active,2025-02-18,99.99
MEMBER-03140,Jeffrey Acosta,jeffrey.acosta@gmail.com,(984)614-3446x2280,VIP,Active,2026-02-22,99.99
MEMBER-03141,Carrie Brown,carrie.brown@gmail.com,590.859.5094x28168,Basic,Frozen,2025-01-22,29.99
MEMBER-03142,Mark Griffin,mark.griffin@gmail.com,708-372-7410,Basic,Cancelled,2026-09-07,59.99
MEMBER-03143,Susan Bailey,susan.bailey@yahoo.com,001-781-755-5184,BASIC,Frozen,2025-02-03,59.99
MEMBER-03144,Cindy Scott,cindy.scott@hotmail.com,222-417-3284x24872,BASIC,Cancelled,2024-10-13,99.99
MEMBER-03145,Patricia Williamson,patricia.williamson@hotmail.com,326.551.3420x457,,Frozen,2024-12-17,99.99
MEMBER-03146,Kelly Benjamin,kelly.benjamin@yahoo.com,(553)203-0241,Basic,Frozen,2024-10-07,-29.99
MEMBER-03147,Darrell Clark,darrell.clark@yahoo.com,(444)421-4377x80559,VIP,Frozen,2026-08-19,29.99
MEMBER-03148,Timothy Wells,timothy.wells@hotmail.com,(960)449-7697,Basic,Cancelled,2025-06-26,59.99
MEMBER-03149,Richard Vargas,richard.vargas@hotmail.com,001-441-913-5076x49967,VIP,Cancelled,2026-03-28,-29.99
MEMBER-03150,Richard Robinson,richard.robinson@yahoo.com,200.371.1947x50522,BASIC,Active,2024-11-16,29.99
MEMBER-03151,Douglas Bridges,douglas.bridges@yahoo.com,5423259332,Basic,Active,2026-06-15,99.99
MEMBER-03152,Kevin Lewis,kevin.lewis@yahoo.com,966-297-4469,Premium,Active,2025-10-09,99.99
MEMBER-03153,Danny Munoz,danny.munoz@hotmail.com,001-295-511-1578x723,Premium,Cancelled,2025-10-15,-29.99
MEMBER-03154,David Holland,david.holland@hotmail.com,(602)864-2362x4588,VIP,Frozen,2026-04-24,-29.99
MEMBER-03155,Beverly Clark,beverly.clark@gmail.com,978-675-0805x711,BASIC,Active,2026-01-29,-29.99
MEMBER-03156,Kurt Williams,kurt.williams@gmail.com,001-874-889-4244x3793,,Frozen,2025-08-24,59.99
MEMBER-03157,Summer Mitchell,summer.mitchell@hotmail.com,001-567-611-8816x18277,Premium,Active,2026-06-27,-29.99
MEMBER-03158,Sean Roberts,sean.roberts@yahoo.com,784.852.7331x881,,Active,2025-10-15,-29.99
MEMBER-03159,Mark Mitchell,mark.mitchell@gmail.com,645-757-9707x90770,,Cancelled,2025-06-15,-29.99
MEMBER-03160,Tanya Johnson,tanya.johnson@gmail.com,773-414-1272,Basic,Active,2024-12-19,59.99
MEMBER-03161,Danielle Andrews,danielle.andrews@hotmail.com,(967)924-0555x251,Basic,Cancelled,2025-05-08,99.99
MEMBER-03162,Cynthia Kelly,cynthia.kelly@yahoo.com,(464)424-3742,Basic,Cancelled,2024-10-14,29.99
MEMBER-03163,Jack Williams,jack.williams@gmail.com,7644960726,VIP,Active,2026-04-03,59.99
MEMBER-03164,Bryan Poole,bryan.poole@hotmail.com,548-976-0967,Basic,Active,2025-02-05,99.99
MEMBER-03165,Nathaniel Brown,nathaniel.brown@gmail.com,(719)256-9320,VIP,Cancelled,2025-08-20,99.99
MEMBER-03166,Jessica Williams,jessica.williams@hotmail.com,(615)388-4452x3649,BASIC,Cancelled,2024-12-15,-29.99
MEMBER-03167,Rebecca Johnson,rebecca.johnson@gmail.com,+1-420-389-6760x40623,Premium,Cancelled,2026-07-07,59.99
MEMBER-03168,Michael Horton,michael.horton@yahoo.com,519-367-9296x05865,Basic,Cancelled,2025-04-24,29.99
MEMBER-03169,Erika Lewis,erika.lewis@gmail.com,(907)404-3107,Premium,Active,2025-02-01,29.99
MEMBER-03170,Douglas Owens,douglas.owens@hotmail.com,+1-358-993-6742x860,BASIC,Frozen,2026-05-19,29.99
MEMBER-03171,Philip Tanner,philip.tanner@hotmail.com,487.438.8011x1305,Basic,Active,2025-03-06,-29.99
MEMBER-03172,Alyssa Diaz,alyssa.diaz@gmail.com,(237)875-0448,,Cancelled,2026-02-15,29.99
MEMBER-03173,John Lopez,john.lopez@yahoo.com,+1-496-884-6041,Premium,Frozen,2024-12-16,59.99
MEMBER-03174,Randy Manning,randy.manning@yahoo.com,+1-642-879-3399x7021,Basic,Cancelled,2024-11-25,29.99
MEMBER-03175,Judith Salazar,judith.salazar@hotmail.com,001-204-676-1029x65441,Basic,Active,2025-02-27,59.99
MEMBER-03176,Tracy Camacho,tracy.camacho@gmail.com,+1-467-605-0356x237,Premium,Active,2025-07-31,59.99
MEMBER-03177,Elizabeth Ingram,elizabeth.ingram@yahoo.com,8487511990,,Frozen,2026-05-03,-29.99
MEMBER-03178,Philip Young,philip.young@gmail.com,+1-467-991-1178x51259,BASIC,Frozen,2025-02-11,-29.99
MEMBER-03179,Laura Perkins,laura.perkins@yahoo.com,+1-942-722-9253x841,Basic,Frozen,2026-06-02,29.99
MEMBER-03180,Michelle Levy,michelle.levy@yahoo.com,576-857-2245,Premium,Active,2025-08-28,29.99
MEMBER-03181,Alexis Richards,alexis.richards@gmail.com,840.383.3783,,Cancelled,2025-06-26,59.99
MEMBER-03182,Martha Johnston,martha.johnston@yahoo.com,(286)268-0807x95653,Basic,Active,2024-11-03,-29.99
MEMBER-03183,Jacob Thomas,jacob.thomas@yahoo.com,4932604709,BASIC,Frozen,2025-03-27,99.99
MEMBER-03184,Patricia Chavez,patricia.chavez@gmail.com,421-437-4727x939,Premium,Active,2026-03-12,59.99
MEMBER-03185,Rickey Cummings,rickey.cummings@hotmail.com,+1-849-554-2762x933,VIP,Active,2025-01-13,-29.99
MEMBER-03186,Karen Johnson,karen.johnson@yahoo.com,(381)295-9816,Premium,Cancelled,2025-12-27,-29.99
MEMBER-03187,Lauren Fuentes,lauren.fuentes@gmail.com,+1-488-604-0933x627,,Active,2026-05-23,59.99
MEMBER-03188,Kevin Calderon,kevin.calderon@gmail.com,359.742.6732x7222,BASIC,Cancelled,2025-06-23,29.99
MEMBER-03189,John Flores,john.flores@gmail.com,(399)832-9745x1165,BASIC,Active,2024-09-29,99.99
MEMBER-03190,Amy Thompson,amy.thompson@yahoo.com,001-751-933-9660,BASIC,Active,2025-06-04,59.99
MEMBER-03191,Megan May,megan.may@yahoo.com,(347)311-8132x0723,Basic,Frozen,2025-11-17,-29.99
MEMBER-03192,Jose Ross,jose.ross@yahoo.com,9638698516,Premium,Frozen,2026-02-11,29.99
MEMBER-03193,Morgan Kelly,morgan.kelly@hotmail.com,001-691-696-6976x02236,Basic,Active,2025-12-14,99.99
MEMBER-03194,Jenna Mcguire,jenna.mcguire@yahoo.com,+1-414-837-0434x24916,,Frozen,2025-02-26,29.99
MEMBER-03195,David Mcdonald,david.mcdonald@yahoo.com,001-542-322-1242x197,Premium,Frozen,2026-02-26,59.99
MEMBER-03196,Jessica Pham,jessica.pham@hotmail.com,2344731751,,Active,2025-12-28,29.99
MEMBER-03197,Sarah Fernandez,sarah.fernandez@hotmail.com,+1-250-683-3271,Premium,Active,2025-05-27,99.99
MEMBER-03198,Jared Blanchard,jared.blanchard@gmail.com,356.834.3171,Premium,Cancelled,2025-03-23,29.99
MEMBER-03199,Sarah Gonzalez,sarah.gonzalez@yahoo.com,971-854-3382x541,Premium,Frozen,2025-11-22,29.99
MEMBER-03200,Ashley Taylor,ashley.taylor@hotmail.com,(206)482-9945,,Active,2026-09-17,-29.99
MEMBER-03201,William Torres,william.torres@yahoo.com,486-791-9816,Basic,Active,2025-05-11,99.99
MEMBER-03202,Candice Gonzalez,candice.gonzalez@yahoo.com,836-351-3386x13674,Basic,Frozen,2025-08-26,29.99
MEMBER-03203,Craig Mckenzie,craig.mckenzie@yahoo.com,633-970-7367x127,VIP,Frozen,2024-09-29,-29.99
MEMBER-03204,Robert Mullins,robert.mullins@yahoo.com,812.917.8940,,Cancelled,2025-01-13,99.99
MEMBER-03205,Vanessa Simmons,vanessa.simmons@gmail.com,3418862931,BASIC,Frozen,2026-08-17,59.99
MEMBER-03206,Scott Frost,scott.frost@hotmail.com,758.564.7401x925,Basic,Frozen,2026-08-08,-29.99
MEMBER-03207,David Villegas,david.villegas@yahoo.com,6462161438,,Active,2025-03-21,59.99
MEMBER-03208,Carrie Owens,carrie.owens@yahoo.com,754.257.6909x4142,Basic,Active,2026-01-17,-29.99
MEMBER-03209,Michael Gonzalez,michael.gonzalez@hotmail.com,001-403-885-5288x2313,,Active,2025-10-08,99.99
MEMBER-03210,William Shannon,william.shannon@yahoo.com,958.859.9197,Premium,Cancelled,2025-04-06,-29.99
MEMBER-03211,William Hunt,william.hunt@yahoo.com,001-492-925-4376x366,Basic,Active,2024-12-10,59.99
MEMBER-03212,Chase Burnett,chase.burnett@yahoo.com,(735)495-5394x506,Premium,Cancelled,2026-01-10,59.99
MEMBER-03213,Joseph Gutierrez,joseph.gutierrez@gmail.com,+1-697-528-5541x793,,Frozen,2024-12-01,-29.99
MEMBER-03214,Larry Knight,larry.knight@gmail.com,621-454-4096x762,Premium,Frozen,2025-11-27,99.99
MEMBER-03215,Stephanie Ward,stephanie.ward@yahoo.com,7406527703,VIP,Active,2026-09-11,29.99
MEMBER-03216,Steven James,steven.james@gmail.com,2778997510,BASIC,Cancelled,2026-03-26,59.99
MEMBER-03217,Diana Miranda,diana.miranda@gmail.com,+1-340-372-3461x504,,Active,2025-10-18,59.99
MEMBER-03218,Brendan Hernandez,brendan.hernandez@gmail.com,(209)425-1390,,Active,2025-12-24,29.99
MEMBER-03219,Haley Williams,haley.williams@hotmail.com,747-747-2990,Basic,Cancelled,2025-06-03,99.99
MEMBER-03220,David Olson,david.olson@gmail.com,001-690-649-7574x568,,Active,2025-01-09,-29.99
MEMBER-03221,Makayla Hall,makayla.hall@gmail.com,588.646.5190,Basic,Active,2025-12-06,99.99
MEMBER-03222,James Brown,james.brown@gmail.com,713-501-6064x4903,Premium,Frozen,2026-08-06,59.99
MEMBER-03223,Wanda Ho,wanda.ho@gmail.com,473.334.3071x8218,Basic,Frozen,2026-06-10,99.99
MEMBER-03224,Patrick Smith,patrick.smith@yahoo.com,+1-239-423-1867x81108,VIP,Active,2026-09-14,29.99
MEMBER-03225,Molly Hull,molly.hull@hotmail.com,769.570.2579,Premium,Active,2026-05-26,99.99
MEMBER-03226,Michael Collins,michael.collins@hotmail.com,819-535-4728,BASIC,Frozen,2025-12-29,-29.99
MEMBER-03227,Tina Miles,tina.miles@gmail.com,302-638-4920x3175,Premium,Active,2025-06-02,-29.99
MEMBER-03228,Alejandro Williams,alejandro.williams@hotmail.com,5397572869,Basic,Frozen,2025-03-27,99.99
MEMBER-03229,Barbara Fowler,barbara.fowler@gmail.com,8677333827,BASIC,Active,2026-06-24,59.99
MEMBER-03230,Javier Juarez,javier.juarez@hotmail.com,+1-702-749-6689x92385,BASIC,Frozen,2026-04-23,99.99
MEMBER-03231,Ian Jones,ian.jones@hotmail.com,454-244-8479,VIP,Active,2025-09-07,-29.99
MEMBER-03232,Joseph Richardson,joseph.richardson@hotmail.com,001-287-403-2217x759,,Active,2025-06-20,99.99
MEMBER-03233,Kimberly Goodman,kimberly.goodman@hotmail.com,+1-583-991-0320x410,Basic,Active,2025-01-05,59.99
MEMBER-03234,William Jones,william.jones@gmail.com,001-297-229-5755x12637,,Active,2025-10-14,59.99
MEMBER-03235,Kathryn Simmons,kathryn.simmons@hotmail.com,001-433-302-2517x6668,Basic,Frozen,2026-08-30,-29.99
MEMBER-03236,Frank Mitchell,frank.mitchell@gmail.com,733-845-9582,Premium,Active,2026-09-23,29.99
MEMBER-03237,Michael Moore,michael.moore@hotmail.com,(395)690-9944,Premium,Active,2025-10-18,-29.99
MEMBER-03238,Michael Clark,michael.clark@yahoo.com,(837)882-5648x58647,Basic,Frozen,2025-12-23,-29.99
MEMBER-03239,Michael Beck,michael.beck@hotmail.com,870.651.8650x6799,BASIC,Active,2026-07-29,29.99
MEMBER-03240,Matthew Garcia,matthew.garcia@hotmail.com,+1-605-892-5687x0426,Basic,Cancelled,2026-01-13,29.99
MEMBER-03241,Victor Howard,victor.howard@hotmail.com,+1-404-766-0638,BASIC,Active,2024-10-20,59.99
MEMBER-03242,Jennifer Garcia,jennifer.garcia@gmail.com,001-275-402-0922x52123,BASIC,Frozen,2025-12-21,29.99
MEMBER-03243,Lisa Griffith,lisa.griffith@yahoo.com,001-962-376-3514x874,VIP,Frozen,2025-05-28,-29.99
MEMBER-03244,Ellen Anderson,ellen.anderson@hotmail.com,345-889-3853x35849,Premium,Active,2025-12-28,29.99
MEMBER-03245,Michael Raymond,michael.raymond@hotmail.com,+1-395-322-8751x2090,VIP,Active,2025-10-16,29.99
MEMBER-03246,Elizabeth Webster,elizabeth.webster@yahoo.com,811.214.9633,,Cancelled,2025-12-08,-29.99
MEMBER-03247,Amy Robbins,amy.robbins@gmail.com,904-759-6197x40059,Premium,Cancelled,2026-05-22,99.99
MEMBER-03248,April Green,april.green@hotmail.com,459-842-1042x0841,,Active,2025-06-01,-29.99
MEMBER-03249,Joseph Johnson,joseph.johnson@yahoo.com,+1-772-355-0541,Basic,Frozen,2026-01-09,-29.99
MEMBER-03250,Brandon Harris,brandon.harris@yahoo.com,370.579.6061x694,BASIC,Cancelled,2026-05-09,29.99
MEMBER-03251,Michael Garcia,michael.garcia@hotmail.com,983-269-5595x827,Premium,Active,2026-03-18,-29.99
MEMBER-03252,Robert Harvey,robert.harvey@gmail.com,(269)815-6949,VIP,Frozen,2026-08-15,59.99
MEMBER-03253,Andrew Mills,andrew.mills@gmail.com,761.800.2351x2094,Basic,Cancelled,2025-12-23,29.99
MEMBER-03254,Daniel Lynn,daniel.lynn@yahoo.com,549.943.8563,VIP,Active,2025-07-01,29.99
MEMBER-03255,Ashley Hunt,ashley.hunt@hotmail.com,391-338-7870x188,VIP,Active,2024-12-28,-29.99
MEMBER-03256,Jennifer Hall,jennifer.hall@yahoo.com,+1-252-933-1432x417,,Cancelled,2026-08-09,99.99
MEMBER-03257,Katherine Garcia,katherine.garcia@yahoo.com,479.263.3879x08132,Premium,Active,2026-07-03,29.99
MEMBER-03258,William Thomas,william.thomas@gmail.com,648-743-5197x8816,BASIC,Frozen,2025-09-30,99.99
MEMBER-03259,Daniel Blake,daniel.blake@yahoo.com,(459)490-0284,Premium,Cancelled,2025-04-27,99.99
MEMBER-03260,Kathy Jimenez,kathy.jimenez@hotmail.com,683-213-7743,BASIC,Active,2025-03-19,-29.99
MEMBER-03261,Valerie Solomon,valerie.solomon@yahoo.com,001-579-825-1733x3581,,Cancelled,2025-10-20,-29.99
MEMBER-03262,Frank Martin,frank.martin@gmail.com,+1-352-897-9685x4621,VIP,Active,2025-09-11,29.99
MEMBER-03263,Alan Brown,alan.brown@gmail.com,8826124076,,Cancelled,2026-04-07,29.99
MEMBER-03264,Dana Morgan,dana.morgan@gmail.com,(829)721-3501x1344,,Cancelled,2024-10-17,99.99
MEMBER-03265,Brittany Wilkins,brittany.wilkins@gmail.com,648.999.4549x49725,VIP,Active,2026-07-12,59.99
MEMBER-03266,Dwayne Lam,dwayne.lam@gmail.com,274-642-1756x3949,BASIC,Cancelled,2026-06-19,-29.99
MEMBER-03267,Patrick Garcia,patrick.garcia@yahoo.com,444-865-7481x4525,VIP,Active,2025-05-15,-29.99
MEMBER-03268,Nicholas Hancock,nicholas.hancock@hotmail.com,+1-330-543-1784x213,VIP,Active,2026-05-22,-29.99
MEMBER-03269,Samuel Lynch,samuel.lynch@yahoo.com,448-439-3777x27154,Premium,Active,2025-04-13,29.99
MEMBER-03270,Darrell Cowan,darrell.cowan@gmail.com,001-938-434-1247x223,Basic,Cancelled,2024-10-29,59.99
MEMBER-03271,Sean Sloan,sean.sloan@hotmail.com,953.970.0632x3998,BASIC,Cancelled,2025-03-07,-29.99
MEMBER-03272,Jeremy Watson,jeremy.watson@gmail.com,4858837558,Premium,Frozen,2025-03-20,59.99
MEMBER-03273,Erik Miller,erik.miller@hotmail.com,351-308-8589x981,Premium,Active,2026-06-08,99.99
MEMBER-03274,Stephanie Oliver,stephanie.oliver@gmail.com,+1-617-583-4206,VIP,Active,2025-02-28,99.99
MEMBER-03275,Diane Chapman,diane.chapman@hotmail.com,653-243-3497x19720,VIP,Active,2026-07-01,-29.99
MEMBER-03276,Sara Cunningham,sara.cunningham@gmail.com,(942)543-0091,BASIC,Active,2024-12-21,-29.99
MEMBER-03277,Nicholas Walker,nicholas.walker@yahoo.com,+1-930-387-2447x8390,VIP,Frozen,2026-08-22,-29.99
MEMBER-03278,Derek Bartlett,derek.bartlett@gmail.com,(479)989-6910x241,,Frozen,2026-05-13,29.99
MEMBER-03279,Francisco Campbell,francisco.campbell@hotmail.com,+1-552-307-6991x528,Premium,Active,2024-12-04,-29.99
MEMBER-03280,Sarah Cunningham,sarah.cunningham@yahoo.com,695.216.6501x80054,VIP,Cancelled,2026-05-02,59.99
MEMBER-03281,Douglas Kim,douglas.kim@gmail.com,323-216-2575,,Active,2024-10-22,-29.99
MEMBER-03282,Andrew Cruz,andrew.cruz@yahoo.com,001-685-774-3973x84718,VIP,Active,2025-10-21,99.99
MEMBER-03283,Charles Price,charles.price@gmail.com,(512)991-8236,,Active,2025-01-08,29.99
MEMBER-03284,Mark Wilson,mark.wilson@gmail.com,+1-780-231-0262x370,Basic,Active,2025-07-20,29.99
MEMBER-03285,Kimberly Nunez,kimberly.nunez@hotmail.com,001-825-522-9254x6547,,Active,2026-06-18,29.99
MEMBER-03286,Chase Guzman,chase.guzman@yahoo.com,(959)403-6535x423,BASIC,Active,2025-04-12,-29.99
MEMBER-03287,Samuel Hayes,samuel.hayes@yahoo.com,001-722-767-6174x7904,,Active,2026-09-25,99.99
MEMBER-03288,Gabriel Thomas,gabriel.thomas@hotmail.com,001-820-659-6425x49780,BASIC,Cancelled,2025-03-23,59.99
MEMBER-03289,Timothy Williamson,timothy.williamson@hotmail.com,(703)848-9731x1601,BASIC,Active,2026-07-15,29.99
MEMBER-03290,Matthew Barron,matthew.barron@hotmail.com,+1-252-611-5424x015,Premium,Active,2025-03-10,29.99
MEMBER-03291,Mary Marshall,mary.marshall@gmail.com,001-586-880-8835x855,VIP,Active,2025-04-16,-29.99
MEMBER-03292,Malik Schultz,malik.schultz@yahoo.com,(297)699-7425x429,BASIC,Active,2025-03-10,99.99
MEMBER-03293,Patrick Jackson,patrick.jackson@yahoo.com,768-549-7850x78672,Premium,Frozen,2024-11-09,99.99
MEMBER-03294,Katherine Rodriguez,katherine.rodriguez@hotmail.com,3865789451,VIP,Frozen,2026-03-07,-29.99
MEMBER-03295,Rebecca Moore,rebecca.moore@yahoo.com,(271)499-9275x23710,Premium,Active,2026-04-14,-29.99
MEMBER-03296,Laura Ali,laura.ali@yahoo.com,+1-463-251-8757x053,Basic,Active,2025-12-07,29.99
MEMBER-03297,Jennifer Bennett,jennifer.bennett@gmail.com,+1-201-544-6419x72941,Premium,Frozen,2025-08-23,99.99
MEMBER-03298,Trevor Schmidt,trevor.schmidt@gmail.com,(293)528-9401x1713,VIP,Cancelled,2026-03-29,-29.99
MEMBER-03299,Todd Harvey,todd.harvey@gmail.com,446.979.0877x37316,Premium,Active,2025-06-20,59.99
MEMBER-03300,Chelsea Henry,chelsea.henry@yahoo.com,2102069774,,Active,2025-12-31,29.99
MEMBER-03301,Hannah Brown,hannah.brown@hotmail.com,325.266.1806,,Active,2025-11-09,59.99
MEMBER-03302,Renee Hartman,renee.hartman@yahoo.com,4073001022,BASIC,Cancelled,2025-02-04,-29.99
MEMBER-03303,Jacqueline Castro,jacqueline.castro@gmail.com,+1-605-310-1181x693,VIP,Cancelled,2024-09-30,-29.99
MEMBER-03304,Krista Moon,krista.moon@yahoo.com,+1-587-410-1494x116,Premium,Active,2025-12-03,59.99
MEMBER-03305,Edward Hernandez,edward.hernandez@gmail.com,001-864-929-5861,,Active,2025-01-17,-29.99
MEMBER-03306,Daniel Villanueva,daniel.villanueva@yahoo.com,2254449655,VIP,Cancelled,2026-03-28,99.99
MEMBER-03307,Joshua Rodgers,joshua.rodgers@hotmail.com,782-754-8057,Premium,Active,2024-09-27,29.99
MEMBER-03308,Tonya Jackson,tonya.jackson@gmail.com,926-933-5231x754,Basic,Active,2025-01-01,29.99
MEMBER-03309,Megan Nixon,megan.nixon@gmail.com,5203613920,,Cancelled,2026-05-23,29.99
MEMBER-03310,Alexandria Cole,alexandria.cole@hotmail.com,244.282.2878x073,,Active,2026-09-11,-29.99
MEMBER-03311,Mary Evans,mary.evans@yahoo.com,809.266.6762,Basic,Cancelled,2026-01-30,-29.99
MEMBER-03312,Eric Conner,eric.conner@hotmail.com,(749)691-0471x64954,VIP,Cancelled,2026-04-18,59.99
MEMBER-03313,Kevin Russell,kevin.russell@yahoo.com,513.471.5342x789,Premium,Frozen,2025-11-04,59.99
MEMBER-03314,Regina Marshall,regina.marshall@gmail.com,(427)966-5484,,Cancelled,2026-07-26,-29.99
MEMBER-03315,Kevin Wheeler,kevin.wheeler@yahoo.com,(745)640-3002x14366,VIP,Active,2025-07-01,99.99
MEMBER-03316,Rachel Harris,rachel.harris@hotmail.com,(832)834-5335,Basic,Cancelled,2025-10-30,29.99
MEMBER-03317,Lisa Odom,lisa.odom@hotmail.com,+1-265-375-4920x398,,Active,2025-03-01,29.99
MEMBER-03318,Jesse Reid,jesse.reid@hotmail.com,(719)315-7701x4111,BASIC,Active,2026-02-02,29.99
MEMBER-03319,Oscar Hernandez,oscar.hernandez@gmail.com,(739)242-8115x876,Premium,Frozen,2025-12-18,99.99
MEMBER-03320,Kimberly Bennett,kimberly.bennett@hotmail.com,350.257.9215x109,Premium,Active,2024-10-19,29.99
MEMBER-03321,Deanna Wyatt,deanna.wyatt@yahoo.com,800.727.7320,BASIC,Frozen,2025-07-31,59.99
MEMBER-03322,Ariel Thomas,ariel.thomas@hotmail.com,(338)608-2632x67631,BASIC,Active,2025-04-05,-29.99
MEMBER-03323,Christian Brown,christian.brown@yahoo.com,898.671.4142,Basic,Active,2025-01-08,29.99
MEMBER-03324,Brittany Johnson,brittany.johnson@yahoo.com,+1-746-614-3838x16742,BASIC,Active,2026-08-04,59.99
MEMBER-03325,Brent Patel,brent.patel@hotmail.com,643.789.4752x8972,BASIC,Active,2026-06-22,99.99
MEMBER-03326,Catherine Gaines,catherine.gaines@hotmail.com,001-682-424-5540,BASIC,Cancelled,2024-12-29,59.99
MEMBER-03327,Andrew Rodriguez,andrew.rodriguez@hotmail.com,001-696-711-7785,VIP,Active,2025-03-07,59.99
MEMBER-03328,Ariel Huff,ariel.huff@gmail.com,001-757-598-6626x9233,,Active,2026-09-15,29.99
MEMBER-03329,Sarah Conley,sarah.conley@gmail.com,001-525-353-9525x6377,VIP,Frozen,2025-02-09,-29.99
MEMBER-03330,Lisa Moore,lisa.moore@yahoo.com,770.513.1117x51733,,Active,2025-08-11,59.99
MEMBER-03331,Douglas Carter,douglas.carter@hotmail.com,+1-921-351-5694x4387,,Frozen,2025-09-16,29.99
MEMBER-03332,Sarah Hall,sarah.hall@hotmail.com,+1-835-489-1054x825,Premium,Active,2026-04-09,29.99
MEMBER-03333,Regina Lewis,regina.lewis@yahoo.com,833-916-1209x928,,Cancelled,2025-12-03,59.99
MEMBER-03334,Kelly Estrada,kelly.estrada@yahoo.com,851.853.6720x9750,VIP,Active,2026-01-17,59.99
MEMBER-03335,Brittany Sutton,brittany.sutton@hotmail.com,(385)868-5944,Basic,Frozen,2025-05-05,59.99
MEMBER-03336,Lorraine Young,lorraine.young@gmail.com,001-211-856-8540x26218,Premium,Active,2026-04-05,59.99
MEMBER-03337,Heather Glover,heather.glover@hotmail.com,463.423.5185,VIP,Frozen,2025-12-31,-29.99
MEMBER-03338,Donna Patterson,donna.patterson@yahoo.com,(713)607-3987x1484,Premium,Active,2025-05-23,99.99
MEMBER-03339,Sandra Gonzalez,sandra.gonzalez@gmail.com,545.377.7414x651,,Frozen,2025-08-03,-29.99
MEMBER-03340,John Todd,john.todd@yahoo.com,836.830.5757,BASIC,Active,2026-08-06,-29.99
MEMBER-03341,Brian Key,brian.key@gmail.com,807-366-6069x50852,Premium,Frozen,2024-11-01,59.99
MEMBER-03342,Robert Jensen,robert.jensen@yahoo.com,(232)664-7414x124,Premium,Frozen,2025-02-24,-29.99
MEMBER-03343,Ashley Meyer,ashley.meyer@hotmail.com,459.260.0018,Basic,Frozen,2026-08-27,59.99
MEMBER-03344,William Garcia,william.garcia@hotmail.com,388.319.3927,Premium,Active,2025-10-23,-29.99
MEMBER-03345,Brittany Roman,brittany.roman@hotmail.com,298-379-2165,BASIC,Active,2026-07-16,99.99
MEMBER-03346,Alicia Jones,alicia.jones@hotmail.com,(476)801-8086x752,VIP,Active,2025-01-05,-29.99
MEMBER-03347,Kevin Patton,kevin.patton@yahoo.com,(789)332-8166,BASIC,Cancelled,2025-10-09,99.99
MEMBER-03348,Stacy Harris,stacy.harris@gmail.com,497-949-3135,VIP,Active,2026-03-05,-29.99
MEMBER-03349,Stephanie Mcbride,stephanie.mcbride@yahoo.com,393-876-5118x25665,Premium,Active,2025-03-11,99.99
MEMBER-03350,Caitlyn Bryant,caitlyn.bryant@yahoo.com,554-683-6281,,Active,2024-12-29,99.99
MEMBER-03351,Jim Cook,jim.cook@gmail.com,946.707.4968,,Frozen,2025-09-07,-29.99
MEMBER-03352,Kevin Mcgee,kevin.mcgee@yahoo.com,001-454-348-2187x398,Basic,Active,2026-05-07,59.99
MEMBER-03353,David Rivera,david.rivera@yahoo.com,887.774.0503x15134,VIP,Active,2024-11-06,59.99
MEMBER-03354,Amy Bates,amy.bates@yahoo.com,001-369-596-3874x477,VIP,Cancelled,2025-05-23,29.99
MEMBER-03355,Christopher Morgan,christopher.morgan@gmail.com,+1-883-841-0657x2997,Premium,Frozen,2025-07-07,99.99
MEMBER-03356,Robert Moore,robert.moore@hotmail.com,001-606-370-3933x67774,Premium,Frozen,2024-10-21,29.99
MEMBER-03357,Michelle Kemp,michelle.kemp@hotmail.com,+1-243-297-1182,Basic,Frozen,2025-03-14,29.99
MEMBER-03358,Emily Melendez,emily.melendez@gmail.com,+1-335-282-7173x203,VIP,Cancelled,2025-08-31,-29.99
MEMBER-03359,Ray Campbell,ray.campbell@yahoo.com,001-651-784-7887x978,,Frozen,2026-07-20,59.99
MEMBER-03360,Vincent Bush,vincent.bush@yahoo.com,+1-657-897-1149x179,,Active,2024-11-17,-29.99
MEMBER-03361,Deborah Salazar,deborah.salazar@yahoo.com,001-423-995-1083,VIP,Cancelled,2026-02-28,59.99
MEMBER-03362,Zachary Sanders,zachary.sanders@hotmail.com,(589)298-4200x32650,Basic,Frozen,2026-08-09,29.99
MEMBER-03363,Logan Taylor,logan.taylor@gmail.com,542-707-6513,,Active,2025-02-11,-29.99
MEMBER-03364,Mary Campbell,mary.campbell@yahoo.com,960.239.6108x4929,VIP,Frozen,2025-05-17,59.99
MEMBER-03365,Kendra Harris,kendra.harris@yahoo.com,+1-876-412-9767,Premium,Active,2024-12-23,-29.99
MEMBER-03366,Stephanie Bentley,stephanie.bentley@gmail.com,745-561-4315x38348,BASIC,Active,2026-09-18,99.99
MEMBER-03367,Carl Berg,carl.berg@gmail.com,6853904002,BASIC,Active,2026-03-06,29.99
MEMBER-03368,Shannon Lewis,shannon.lewis@hotmail.com,623-973-3134x241,BASIC,Cancelled,2024-12-31,99.99
MEMBER-03369,Laurie Armstrong,laurie.armstrong@yahoo.com,(921)477-9429x2101,,Active,2025-10-16,59.99
MEMBER-03370,Patricia Weaver,patricia.weaver@gmail.com,551-375-0796,,Active,2025-03-19,99.99
MEMBER-03371,Douglas Mcdaniel,douglas.mcdaniel@hotmail.com,001-949-361-9651x9662,Basic,Active,2025-04-28,-29.99
MEMBER-03372,Michael Williams,michael.williams@yahoo.com,386-486-2378x57717,VIP,Cancelled,2024-11-16,-29.99
MEMBER-03373,Barbara Duncan,barbara.duncan@gmail.com,001-991-876-7070x022,Basic,Active,2026-05-20,99.99
MEMBER-03374,Eugene Hill,eugene.hill@yahoo.com,(978)243-0039,Basic,Active,2025-08-18,-29.99
MEMBER-03375,Vanessa Rasmussen,vanessa.rasmussen@yahoo.com,594-491-8684x98749,Basic,Active,2024-10-01,99.99
MEMBER-03376,Jason Perkins,jason.perkins@gmail.com,(686)787-0375x5785,VIP,Frozen,2025-10-07,99.99
MEMBER-03377,Janet Prince,janet.prince@yahoo.com,309.524.6430,BASIC,Active,2025-01-04,99.99
MEMBER-03378,Edward Reed,edward.reed@yahoo.com,(604)712-2664x350,BASIC,Active,2025-07-10,-29.99
MEMBER-03379,Tammy Lucas,tammy.lucas@yahoo.com,614.992.6622,VIP,Active,2025-09-01,-29.99
MEMBER-03380,Ross Harris,ross.harris@hotmail.com,(780)871-0024,Basic,Frozen,2025-04-25,29.99
MEMBER-03381,Daniel Stevens,daniel.stevens@hotmail.com,599.569.7933,Basic,Cancelled,2025-10-23,29.99
MEMBER-03382,James Gonzalez,james.gonzalez@yahoo.com,(588)838-6898x25817,Basic,Cancelled,2025-11-18,29.99
MEMBER-03383,Curtis Cuevas,curtis.cuevas@yahoo.com,(923)950-7993,VIP,Active,2025-03-25,59.99
MEMBER-03384,Jessica Ward,jessica.ward@gmail.com,001-298-506-8496,Premium,Active,2026-09-18,59.99
MEMBER-03385,Jason Roberts,jason.roberts@hotmail.com,001-295-908-6722x66281,VIP,Active,2025-08-05,29.99
MEMBER-03386,Scott Figueroa,scott.figueroa@yahoo.com,001-986-673-9718x19059,VIP,Active,2026-08-31,29.99
MEMBER-03387,Russell Herring,russell.herring@hotmail.com,001-833-405-3740,Basic,Frozen,2025-04-13,29.99
MEMBER-03388,Donald Wilson,donald.wilson@hotmail.com,732.348.7736,VIP,Frozen,2025-11-10,-29.99
MEMBER-03389,Amanda Chan,amanda.chan@gmail.com,+1-786-961-3294x063,VIP,Cancelled,2025-02-14,59.99
MEMBER-03390,Joseph Powell,joseph.powell@gmail.com,+1-685-572-6850x072,,Active,2025-10-25,29.99
MEMBER-03391,Deborah Neal,deborah.neal@hotmail.com,001-700-399-9866x92450,Premium,Frozen,2026-08-03,59.99
MEMBER-03392,Joseph Johnson,joseph.johnson@hotmail.com,001-873-359-7543x45364,,Active,2026-04-04,-29.99
MEMBER-03393,Bryan Porter,bryan.porter@hotmail.com,+1-577-522-2264x615,Basic,Cancelled,2024-10-22,-29.99
MEMBER-03394,Alex Crawford,alex.crawford@gmail.com,750.376.9769x380,BASIC,Frozen,2025-04-09,99.99
MEMBER-03395,Michael Pitts,michael.pitts@yahoo.com,+1-290-816-8120x7500,BASIC,Cancelled,2026-01-14,29.99
MEMBER-03396,Michele Stein,michele.stein@hotmail.com,455-685-9392,VIP,Frozen,2025-04-12,29.99
MEMBER-03397,Luis Acevedo,luis.acevedo@yahoo.com,(632)321-4894,VIP,Cancelled,2025-02-20,59.99
MEMBER-03398,Christy Ayala,christy.ayala@hotmail.com,(717)869-9330x381,Basic,Active,2025-12-23,-29.99
MEMBER-03399,Mark Barr,mark.barr@yahoo.com,8563951063,Basic,Cancelled,2026-02-13,29.99
MEMBER-03400,Kristen Morton,kristen.morton@hotmail.com,440.381.1730x6993,Premium,Active,2025-04-27,-29.99
MEMBER-03401,Lee Gardner,lee.gardner@hotmail.com,001-299-496-2893,Premium,Active,2025-11-29,29.99
MEMBER-03402,Justin Ward,justin.ward@gmail.com,650.756.0831x91260,VIP,Cancelled,2026-04-27,99.99
MEMBER-03403,Yolanda Bradley,yolanda.bradley@yahoo.com,798-618-4409x386,VIP,Active,2025-09-17,59.99
MEMBER-03404,Chad Townsend,chad.townsend@yahoo.com,+1-405-548-7487x0566,,Active,2024-10-17,59.99
MEMBER-03405,Michaela House,michaela.house@gmail.com,(560)794-4615x012,Premium,Frozen,2024-11-05,-29.99
MEMBER-03406,Robert Fuller,robert.fuller@yahoo.com,(505)905-9085x57657,BASIC,Cancelled,2025-12-15,-29.99
MEMBER-03407,Holly Wright,holly.wright@gmail.com,+1-447-343-7299x035,Premium,Active,2026-03-18,99.99
MEMBER-03408,Krystal Parsons,krystal.parsons@hotmail.com,(609)510-2764x7142,BASIC,Cancelled,2025-02-03,99.99
MEMBER-03409,Christopher Jones,christopher.jones@hotmail.com,001-502-366-2377,,Active,2026-05-27,59.99
MEMBER-03410,Jeffrey Chase,jeffrey.chase@gmail.com,9982314523,BASIC,Active,2025-03-06,29.99
MEMBER-03411,Kyle Robinson,kyle.robinson@gmail.com,001-228-774-2565x6866,Premium,Active,2026-09-10,-29.99
MEMBER-03412,Angela Johnson,angela.johnson@hotmail.com,(789)653-8157x501,Premium,Frozen,2025-03-16,29.99
MEMBER-03413,Gabrielle Archer,gabrielle.archer@hotmail.com,378-718-0779x49148,BASIC,Active,2026-02-28,99.99
MEMBER-03414,Katherine Walters,katherine.walters@gmail.com,246-861-9954x1710,VIP,Active,2026-09-09,29.99
MEMBER-03415,Michael Bridges,michael.bridges@yahoo.com,(868)885-4553x6377,VIP,Active,2025-07-03,59.99
MEMBER-03416,Cassandra Preston,cassandra.preston@hotmail.com,+1-402-834-4238x162,Premium,Active,2025-08-25,-29.99
MEMBER-03417,Teresa Dixon,teresa.dixon@yahoo.com,+1-518-761-4628x836,,Frozen,2025-11-17,29.99
MEMBER-03418,Shelby Hopkins,shelby.hopkins@gmail.com,315.313.1356,BASIC,Frozen,2025-09-06,99.99
MEMBER-03419,Peggy Martin,peggy.martin@hotmail.com,373-944-7937x2239,Basic,Active,2026-05-12,-29.99
MEMBER-03420,Omar Bishop,omar.bishop@yahoo.com,+1-522-358-8584,BASIC,Cancelled,2025-03-12,99.99
MEMBER-03421,Cynthia Potter,cynthia.potter@hotmail.com,+1-474-808-7474x07397,Premium,Active,2024-12-16,59.99
MEMBER-03422,Julie Reed,julie.reed@yahoo.com,779.390.6183x442,,Frozen,2024-12-02,-29.99
MEMBER-03423,William Harper,william.harper@yahoo.com,651-292-4152x86348,,Active,2024-11-16,29.99
MEMBER-03424,Sydney Kirk,sydney.kirk@gmail.com,+1-470-264-9144x53375,Basic,Cancelled,2024-12-09,29.99
MEMBER-03425,Lori James,lori.james@gmail.com,661-264-1573x376,Premium,Active,2026-04-11,29.99
MEMBER-03426,Christine Harris,christine.harris@gmail.com,+1-678-710-9071x9571,Basic,Frozen,2024-12-13,59.99
MEMBER-03427,Larry Howard,larry.howard@yahoo.com,001-255-983-8736,Basic,Active,2025-02-08,99.99
MEMBER-03428,Brooke Simmons,brooke.simmons@gmail.com,408.543.8816x84827,Premium,Active,2026-02-14,-29.99
MEMBER-03429,Nicole Morrow,nicole.morrow@hotmail.com,5702464450,BASIC,Active,2026-02-22,59.99
MEMBER-03430,Adam Powers,adam.powers@yahoo.com,(219)490-8187x330,VIP,Active,2025-10-13,59.99
MEMBER-03431,Danielle Gray,danielle.gray@hotmail.com,(772)223-7369,Premium,Cancelled,2025-04-17,99.99
MEMBER-03432,Mariah Thomas,mariah.thomas@hotmail.com,(805)790-4735x3522,VIP,Frozen,2025-04-16,29.99
MEMBER-03433,Brittany Williams,brittany.williams@yahoo.com,897.634.5135,Basic,Cancelled,2025-01-16,-29.99
MEMBER-03434,Robert Schultz,robert.schultz@gmail.com,001-609-589-7274x051,VIP,Cancelled,2024-12-23,59.99
MEMBER-03435,Sabrina Hughes,sabrina.hughes@gmail.com,299-413-6564,VIP,Active,2026-03-22,59.99
MEMBER-03436,Michael Roberts,michael.roberts@gmail.com,(900)562-8922x38435,Premium,Frozen,2025-11-17,-29.99
MEMBER-03437,Debbie Flores,debbie.flores@hotmail.com,658-992-2517x4752,Premium,Active,2025-09-17,-29.99
MEMBER-03438,Michael Diaz,michael.diaz@gmail.com,(888)995-6383,BASIC,Frozen,2025-08-08,29.99
MEMBER-03439,Rodney Barton,rodney.barton@gmail.com,910.712.2133,Premium,Frozen,2026-05-29,29.99
MEMBER-03440,Jason Waters,jason.waters@yahoo.com,(914)648-3545,Premium,Active,2025-12-07,99.99
MEMBER-03441,William Joseph,william.joseph@gmail.com,+1-568-738-2525x430,BASIC,Active,2026-03-15,-29.99
MEMBER-03442,John Campos,john.campos@gmail.com,851-473-4660,Premium,Active,2026-04-30,29.99
MEMBER-03443,Jonathan Garcia,jonathan.garcia@yahoo.com,356.410.8010x3022,Basic,Active,2025-03-07,99.99
MEMBER-03444,Brandi Woodward,brandi.woodward@gmail.com,(716)698-3232,Premium,Cancelled,2024-12-11,59.99
MEMBER-03445,Jose Martinez,jose.martinez@gmail.com,(632)762-1445x37150,Basic,Active,2024-12-31,99.99
MEMBER-03446,Mary Long,mary.long@hotmail.com,878.680.1159x132,VIP,Active,2025-02-17,-29.99
MEMBER-03447,James Thompson,james.thompson@hotmail.com,(335)254-6903x3693,VIP,Frozen,2026-08-07,-29.99
MEMBER-03448,Natasha Peterson,natasha.peterson@gmail.com,001-773-723-8154,VIP,Frozen,2025-01-10,-29.99
MEMBER-03449,Shawn Travis,shawn.travis@hotmail.com,001-576-226-0235x6409,Basic,Frozen,2026-01-22,99.99
MEMBER-03450,Cheryl Gilbert,cheryl.gilbert@yahoo.com,591.395.0786x79699,VIP,Active,2025-12-12,29.99
MEMBER-03451,Whitney Martinez,whitney.martinez@hotmail.com,001-348-274-6123,VIP,Active,2024-10-24,59.99
MEMBER-03452,Douglas Davis,douglas.davis@yahoo.com,575-586-3735,BASIC,Cancelled,2025-02-01,59.99
MEMBER-03453,Nichole Johnson,nichole.johnson@hotmail.com,001-399-866-6868x58431,VIP,Active,2025-01-29,29.99
MEMBER-03454,Robin Brown,robin.brown@hotmail.com,001-665-514-9473x965,Premium,Active,2024-11-25,99.99
MEMBER-03455,Andrew Gomez,andrew.gomez@yahoo.com,203-702-7596,Premium,Active,2025-11-25,59.99
MEMBER-03456,Patrick Hayes,patrick.hayes@gmail.com,484-734-2314x94521,BASIC,Active,2026-03-29,99.99
MEMBER-03457,Molly Fitzpatrick,molly.fitzpatrick@yahoo.com,6622098180,,Active,2026-02-15,59.99
MEMBER-03458,Audrey Melton,audrey.melton@hotmail.com,001-799-215-1414x0508,VIP,Frozen,2026-02-24,99.99
MEMBER-03459,Christian Allen,christian.allen@yahoo.com,942.496.3641x2264,BASIC,Active,2025-06-01,99.99
MEMBER-03460,Heather Norris,heather.norris@hotmail.com,001-424-653-9604,VIP,Cancelled,2024-10-16,29.99
MEMBER-03461,Amanda Miller,amanda.miller@yahoo.com,001-442-253-9685x276,,Frozen,2025-12-11,29.99
MEMBER-03462,Corey Holland,corey.holland@gmail.com,(224)966-1428,BASIC,Active,2024-09-27,99.99
MEMBER-03463,Evan Franklin,evan.franklin@yahoo.com,001-309-363-5159,VIP,Active,2025-09-25,29.99
MEMBER-03464,Matthew Lewis,matthew.lewis@gmail.com,202.653.3797x086,BASIC,Cancelled,2026-08-24,-29.99
MEMBER-03465,Deborah Mcdonald,deborah.mcdonald@yahoo.com,(787)525-3717x201,Premium,Frozen,2025-03-31,59.99
MEMBER-03466,Jeremy Smith,jeremy.smith@gmail.com,869-564-7413x31151,VIP,Active,2026-01-12,99.99
MEMBER-03467,Kelly Ryan,kelly.ryan@hotmail.com,222-566-3154x3099,Basic,Frozen,2026-02-06,29.99
MEMBER-03468,Sylvia Acevedo,sylvia.acevedo@hotmail.com,001-813-915-6536,BASIC,Active,2024-12-03,59.99
MEMBER-03469,Jamie Torres,jamie.torres@hotmail.com,551.445.2282,VIP,Active,2026-08-11,29.99
MEMBER-03470,Mark Robinson,mark.robinson@yahoo.com,752.597.9934x96577,BASIC,Frozen,2026-02-06,29.99
MEMBER-03471,Jeffrey Thompson,jeffrey.thompson@hotmail.com,+1-770-664-0641x231,BASIC,Frozen,2024-10-27,29.99
MEMBER-03472,Eric Green,eric.green@yahoo.com,330.675.0163x27034,Basic,Frozen,2024-12-14,59.99
MEMBER-03473,Michelle Lowe,michelle.lowe@gmail.com,(796)636-4272x1264,VIP,Frozen,2025-03-02,59.99
MEMBER-03474,Paul Barnes,paul.barnes@hotmail.com,001-279-367-4672x69863,Basic,Frozen,2026-03-16,59.99
MEMBER-03475,Jesse Walker,jesse.walker@yahoo.com,+1-888-321-7026x719,Premium,Active,2025-05-14,29.99
MEMBER-03476,Melissa Campbell,melissa.campbell@gmail.com,+1-251-547-5616,VIP,Cancelled,2025-11-23,29.99
MEMBER-03477,Justin Fry,justin.fry@hotmail.com,(760)868-2287,BASIC,Frozen,2024-11-20,59.99
MEMBER-03478,Kurt Miller,kurt.miller@gmail.com,001-466-715-9293,BASIC,Active,2025-09-11,-29.99
MEMBER-03479,Allison Williams,allison.williams@hotmail.com,250.469.0303x47112,Basic,Frozen,2025-09-25,99.99
MEMBER-03480,Jason Guerra,jason.guerra@hotmail.com,(438)259-5129,,Frozen,2025-09-21,59.99
MEMBER-03481,Elijah Gonzalez,elijah.gonzalez@gmail.com,758.323.3989,,Active,2024-12-16,99.99
MEMBER-03482,Holly Bernard,holly.bernard@hotmail.com,001-999-477-3879x27876,,Cancelled,2025-04-04,59.99
MEMBER-03483,Peter Walters,peter.walters@hotmail.com,722-996-6514x4486,VIP,Cancelled,2025-04-24,-29.99
MEMBER-03484,James Villanueva,james.villanueva@gmail.com,3689148499,,Cancelled,2025-01-13,99.99
MEMBER-03485,Brent Cameron,brent.cameron@hotmail.com,313-600-8433,VIP,Active,2026-08-24,99.99
MEMBER-03486,Christopher Thornton,christopher.thornton@gmail.com,001-217-696-3305x07495,,Active,2025-05-03,59.99
MEMBER-03487,John Marks,john.marks@yahoo.com,692-398-0284,BASIC,Active,2026-06-06,29.99
MEMBER-03488,Kristen Miller,kristen.miller@yahoo.com,001-336-824-0885,Premium,Active,2025-03-25,99.99
MEMBER-03489,David Hunter,david.hunter@gmail.com,705.674.1037x6226,,Frozen,2024-12-29,-29.99
MEMBER-03490,Jennifer Anderson,jennifer.anderson@hotmail.com,385.316.3578,VIP,Active,2025-08-11,-29.99
MEMBER-03491,Justin Frank,justin.frank@hotmail.com,(368)747-1329x01029,BASIC,Active,2025-11-04,-29.99
MEMBER-03492,Kelsey Bradshaw,kelsey.bradshaw@hotmail.com,511-785-8110x14602,Basic,Active,2025-04-08,-29.99
MEMBER-03493,Pamela Schultz,pamela.schultz@hotmail.com,(782)889-0140x8123,Basic,Cancelled,2025-03-21,99.99
MEMBER-03494,Lisa Ross,lisa.ross@yahoo.com,(602)971-6892x7888,Premium,Frozen,2025-10-29,59.99
MEMBER-03495,Kelsey Tyler,kelsey.tyler@gmail.com,+1-219-738-3477,,Frozen,2024-12-03,29.99
MEMBER-03496,Alexander Meyers,alexander.meyers@hotmail.com,001-347-330-8028x213,BASIC,Cancelled,2026-03-21,-29.99
MEMBER-03497,Kenneth Dixon,kenneth.dixon@yahoo.com,+1-614-430-4446x9789,Basic,Active,2026-06-06,-29.99
MEMBER-03498,Mark Gutierrez,mark.gutierrez@yahoo.com,001-500-519-7689,Basic,Active,2025-04-28,29.99
MEMBER-03499,Michael Brown,michael.brown@gmail.com,+1-951-213-0307x661,VIP,Active,2025-07-23,99.99
MEMBER-03500,Jacqueline Rodriguez,jacqueline.rodriguez@hotmail.com,001-668-346-4820x9872,,Active,2025-10-28,99.99
MEMBER-03501,Daniel Price,daniel.price@yahoo.com,+1-923-944-4055x724,,Active,2025-02-05,99.99
MEMBER-03502,Christopher Walker,christopher.walker@hotmail.com,(436)520-9160x49417,Basic,Active,2024-11-18,29.99
MEMBER-03503,Patricia Johnson,patricia.johnson@yahoo.com,7665863721,Premium,Cancelled,2026-07-12,-29.99
MEMBER-03504,Michael Shepard,michael.shepard@hotmail.com,001-804-670-5712x6565,Premium,Cancelled,2024-12-13,59.99
MEMBER-03505,Erin Stewart,erin.stewart@yahoo.com,(271)757-1112x07018,VIP,Frozen,2026-01-25,29.99
MEMBER-03506,Alisha Knight,alisha.knight@yahoo.com,001-467-792-6255,BASIC,Cancelled,2025-09-18,29.99
MEMBER-03507,Robert Bailey,robert.bailey@hotmail.com,001-833-559-8480x861,Basic,Active,2026-05-02,59.99
MEMBER-03508,Alejandro King,alejandro.king@yahoo.com,(329)297-8532,,Active,2024-11-15,29.99
MEMBER-03509,Jennifer Robinson,jennifer.robinson@hotmail.com,+1-593-909-0400,Premium,Cancelled,2026-09-20,29.99
MEMBER-03510,Lisa Fisher,lisa.fisher@hotmail.com,990-214-0565x0257,BASIC,Active,2026-03-02,-29.99
MEMBER-03511,Jodi Owen,jodi.owen@gmail.com,+1-859-302-7990x463,BASIC,Active,2026-05-23,29.99
MEMBER-03512,Brooke Johnston,brooke.johnston@gmail.com,838.564.8836x26961,VIP,Active,2025-07-25,-29.99
MEMBER-03513,Stephanie Powers,stephanie.powers@yahoo.com,477-852-9694,Premium,Cancelled,2026-01-22,99.99
MEMBER-03514,Cory Bond,cory.bond@hotmail.com,+1-697-788-1412,,Active,2026-07-04,29.99
MEMBER-03515,Frank Wallace,frank.wallace@yahoo.com,8504875505,BASIC,Cancelled,2025-04-20,29.99
MEMBER-03516,Kenneth Morrow,kenneth.morrow@gmail.com,+1-388-567-8950,Premium,Cancelled,2026-08-16,59.99
MEMBER-03517,Audrey Mora,audrey.mora@gmail.com,670.574.1420x13498,Premium,Cancelled,2025-11-28,-29.99
MEMBER-03518,Traci Burgess,traci.burgess@hotmail.com,+1-414-504-6247x86357,BASIC,Frozen,2025-08-10,99.99
MEMBER-03519,Elizabeth Olson,elizabeth.olson@gmail.com,608.890.3454,Basic,Active,2026-02-16,99.99
MEMBER-03520,Vincent Lara,vincent.lara@gmail.com,001-521-209-5496x86177,VIP,Active,2026-05-26,-29.99
MEMBER-03521,Raven Knight,raven.knight@gmail.com,001-891-399-8467,Basic,Active,2025-09-22,-29.99
MEMBER-03522,Andrew Andrews,andrew.andrews@gmail.com,403-356-2576,BASIC,Cancelled,2024-11-09,29.99
MEMBER-03523,Tiffany Barber,tiffany.barber@hotmail.com,2282057955,VIP,Active,2026-06-12,29.99
MEMBER-03524,Brian Scott,brian.scott@yahoo.com,956-763-0572,,Active,2025-08-28,29.99
MEMBER-03525,Eric Wilkerson,eric.wilkerson@gmail.com,5212758928,,Frozen,2025-06-01,29.99
MEMBER-03526,James Johnson,james.johnson@hotmail.com,676.507.2032,,Active,2026-07-03,29.99
MEMBER-03527,Kimberly Perez,kimberly.perez@yahoo.com,656.377.9466x8532,VIP,Cancelled,2026-05-11,-29.99
MEMBER-03528,Kelly Campbell,kelly.campbell@yahoo.com,+1-789-988-0775x7465,BASIC,Frozen,2025-11-26,29.99
MEMBER-03529,Nathan Underwood,nathan.underwood@yahoo.com,892-442-7934,Premium,Frozen,2026-07-16,59.99
MEMBER-03530,Denise Barnett,denise.barnett@yahoo.com,365-322-8735,VIP,Active,2025-11-27,29.99
MEMBER-03531,Steven Moreno,steven.moreno@gmail.com,914-348-7774x763,Premium,Cancelled,2024-10-10,99.99
MEMBER-03532,James Warren,james.warren@yahoo.com,001-427-279-6068x88674,,Frozen,2025-06-09,-29.99
MEMBER-03533,Gina Johnson,gina.johnson@yahoo.com,884.762.2163x4651,Premium,Frozen,2026-05-18,99.99
MEMBER-03534,Daniel Hall,daniel.hall@gmail.com,241-838-2987,BASIC,Active,2026-02-21,-29.99
MEMBER-03535,William Edwards,william.edwards@gmail.com,+1-946-260-1705x9396,BASIC,Active,2024-12-18,59.99
MEMBER-03536,Wendy Briggs,wendy.briggs@yahoo.com,(722)964-1246x552,,Frozen,2025-12-05,59.99
MEMBER-03537,Shaun Bauer,shaun.bauer@gmail.com,216-283-2022x71131,VIP,Frozen,2025-01-15,-29.99
MEMBER-03538,Christopher Ramirez,christopher.ramirez@hotmail.com,9085475557,Basic,Active,2025-05-09,29.99
MEMBER-03539,Gloria Robinson,gloria.robinson@hotmail.com,(839)813-2183,Premium,Cancelled,2025-12-20,29.99
MEMBER-03540,Lisa Riddle,lisa.riddle@hotmail.com,935.798.0846x98732,Basic,Active,2025-10-27,-29.99
MEMBER-03541,Joshua Rogers,joshua.rogers@gmail.com,213.270.2446x9845,VIP,Cancelled,2025-07-17,59.99
MEMBER-03542,Reginald Li,reginald.li@hotmail.com,978-430-6264x6588,Basic,Cancelled,2025-04-21,-29.99
MEMBER-03543,Joseph Turner,joseph.turner@gmail.com,628-542-0927,BASIC,Active,2026-03-12,29.99
MEMBER-03544,Ashley Williams,ashley.williams@hotmail.com,412-720-2151,,Frozen,2024-11-25,29.99
MEMBER-03545,Jason Hicks,jason.hicks@gmail.com,741-365-2370x08777,Basic,Active,2026-01-16,-29.99
MEMBER-03546,Brian Williams,brian.williams@gmail.com,(560)473-4784,VIP,Active,2025-08-23,59.99
MEMBER-03547,Taylor Scott,taylor.scott@hotmail.com,564-931-0323x3854,VIP,Active,2026-04-04,-29.99
MEMBER-03548,Ryan Preston,ryan.preston@gmail.com,6587582196,BASIC,Cancelled,2026-01-06,59.99
MEMBER-03549,Susan Barnes,susan.barnes@gmail.com,(543)412-1255,Premium,Frozen,2026-03-15,-29.99
MEMBER-03550,Jamie Woods,jamie.woods@gmail.com,412-657-0670x779,BASIC,Frozen,2025-04-11,59.99
MEMBER-03551,Priscilla Meyers,priscilla.meyers@yahoo.com,001-575-397-1131x5687,Premium,Cancelled,2026-03-03,-29.99
MEMBER-03552,Bob Evans,bob.evans@yahoo.com,359-263-9468x4583,,Cancelled,2026-06-09,29.99
MEMBER-03553,Ashley Lee,ashley.lee@yahoo.com,+1-758-272-6327,,Active,2026-07-09,29.99
MEMBER-03554,Jacob Schultz,jacob.schultz@hotmail.com,(964)421-0238,Premium,Active,2026-09-17,59.99
MEMBER-03555,Melissa Best,melissa.best@hotmail.com,8737664970,Basic,Frozen,2025-12-19,-29.99
MEMBER-03556,Jennifer Smith,jennifer.smith@hotmail.com,+1-419-364-3356x23950,,Active,2026-08-18,99.99
MEMBER-03557,Chris Martinez,chris.martinez@hotmail.com,400.200.8222x0532,Premium,Active,2025-11-20,59.99
MEMBER-03558,Brenda Johnston,brenda.johnston@yahoo.com,(308)698-0466x1710,Premium,Active,2025-09-26,99.99
MEMBER-03559,Michelle White,michelle.white@yahoo.com,(299)811-7390x665,VIP,Cancelled,2025-10-30,29.99
MEMBER-03560,Alyssa Luna,alyssa.luna@yahoo.com,460.627.3160x350,BASIC,Active,2026-08-25,-29.99
MEMBER-03561,Monica Smith,monica.smith@gmail.com,(670)752-4169,Basic,Active,2025-08-26,59.99
MEMBER-03562,Phyllis James,phyllis.james@yahoo.com,(276)246-9142x8400,,Frozen,2026-07-08,29.99
MEMBER-03563,Heidi Lewis,heidi.lewis@yahoo.com,537-484-7107x382,Basic,Active,2025-01-18,59.99
MEMBER-03564,Mark Cummings,mark.cummings@hotmail.com,+1-783-637-6223x34501,Basic,Frozen,2024-12-27,29.99
MEMBER-03565,Thomas Sullivan,thomas.sullivan@yahoo.com,+1-366-310-0005,Premium,Frozen,2025-11-11,99.99
MEMBER-03566,Phyllis Martin,phyllis.martin@hotmail.com,279-439-3348x914,BASIC,Frozen,2025-07-29,29.99
MEMBER-03567,Tara May,tara.may@yahoo.com,915.755.8008,Premium,Frozen,2025-10-18,29.99
MEMBER-03568,Kelsey Murray,kelsey.murray@gmail.com,001-631-683-8237x084,,Cancelled,2025-07-24,99.99
MEMBER-03569,Amanda Little,amanda.little@gmail.com,638-413-8541,BASIC,Active,2026-01-17,29.99
MEMBER-03570,Jeremiah Tapia,jeremiah.tapia@hotmail.com,257-801-7733x701,,Active,2025-07-03,99.99
MEMBER-03571,James Williams,james.williams@yahoo.com,001-497-912-7931x0826,Basic,Active,2025-09-24,99.99
MEMBER-03572,Lawrence Sweeney,lawrence.sweeney@hotmail.com,+1-299-706-0418x696,BASIC,Frozen,2025-07-21,59.99
MEMBER-03573,Richard Randall,richard.randall@gmail.com,001-582-789-2107x5864,VIP,Active,2025-12-06,59.99
MEMBER-03574,Lisa Johnson,lisa.johnson@yahoo.com,833-363-1492x89691,Premium,Frozen,2026-02-20,29.99
MEMBER-03575,Thomas Lucas,thomas.lucas@hotmail.com,(434)754-9642x20699,Premium,Active,2026-05-19,29.99
MEMBER-03576,Matthew Ayala,matthew.ayala@gmail.com,5356808756,,Active,2026-04-27,99.99
MEMBER-03577,Keith Davis,keith.davis@gmail.com,985.534.8831x92727,Basic,Active,2025-05-08,29.99
MEMBER-03578,Brandon Aguilar,brandon.aguilar@hotmail.com,+1-332-281-8167x1771,,Active,2025-03-20,59.99
MEMBER-03579,Justin Thompson,justin.thompson@yahoo.com,961.374.5741,VIP,Active,2025-10-20,29.99
MEMBER-03580,Joseph Rice,joseph.rice@gmail.com,6002133021,Basic,Active,2025-04-12,59.99
MEMBER-03581,Ruth Miller,ruth.miller@hotmail.com,992.915.8192,VIP,Active,2026-09-25,-29.99
MEMBER-03582,Dylan Roberts,dylan.roberts@hotmail.com,764.556.1846x891,VIP,Cancelled,2025-03-05,29.99
MEMBER-03583,Rhonda Raymond,rhonda.raymond@hotmail.com,001-274-570-9148x71929,Basic,Active,2025-03-18,59.99
MEMBER-03584,Sherry Barron,sherry.barron@hotmail.com,(856)819-7896x8126,,Active,2026-03-10,29.99
MEMBER-03585,Christina Wilson,christina.wilson@hotmail.com,001-792-977-0866,,Active,2026-09-10,29.99
MEMBER-03586,Rebecca Phillips,rebecca.phillips@hotmail.com,001-265-297-7597x7673,BASIC,Active,2026-08-27,59.99
MEMBER-03587,Steven Johnson,steven.johnson@yahoo.com,823.937.3393x47412,BASIC,Active,2025-12-06,59.99
MEMBER-03588,Vincent Cabrera,vincent.cabrera@yahoo.com,4733854605,Basic,Active,2025-09-18,29.99
MEMBER-03589,Wanda Mcmillan,wanda.mcmillan@gmail.com,433-205-8789,,Frozen,2025-01-31,99.99
MEMBER-03590,Tonya Rowe,tonya.rowe@gmail.com,001-555-976-9308,Premium,Frozen,2026-06-20,-29.99
MEMBER-03591,Gabriela Gonzales,gabriela.gonzales@hotmail.com,001-619-506-2315,Basic,Cancelled,2026-05-19,59.99
MEMBER-03592,Kristopher Weber,kristopher.weber@hotmail.com,647.708.4867x1172,Basic,Active,2026-07-01,59.99
MEMBER-03593,Brenda Allen,brenda.allen@gmail.com,(850)494-1626x72408,BASIC,Active,2025-12-04,29.99
MEMBER-03594,Elizabeth Brown,elizabeth.brown@hotmail.com,321.956.6701,Premium,Active,2024-12-27,29.99
MEMBER-03595,Steven Smith,steven.smith@yahoo.com,001-499-492-0718x980,Basic,Cancelled,2024-11-26,-29.99
MEMBER-03596,John Riddle,john.riddle@hotmail.com,+1-360-950-3461x1734,Premium,Frozen,2026-08-25,29.99
MEMBER-03597,Jasmine Pruitt,jasmine.pruitt@yahoo.com,(655)345-1233x55916,VIP,Frozen,2025-06-24,59.99
MEMBER-03598,Diana Sullivan,diana.sullivan@gmail.com,001-236-933-8648x650,VIP,Cancelled,2026-09-23,-29.99
MEMBER-03599,Kelly Clark,kelly.clark@gmail.com,801-991-6536x47066,BASIC,Active,2025-10-08,29.99
MEMBER-03600,William Garcia,william.garcia@gmail.com,714-552-4486x491,Basic,Frozen,2025-06-21,59.99
MEMBER-03601,Samantha Duncan,samantha.duncan@hotmail.com,635-818-4063x929,BASIC,Frozen,2025-07-05,59.99
MEMBER-03602,Corey Strong,corey.strong@gmail.com,610.904.9912x643,BASIC,Frozen,2026-04-01,99.99
MEMBER-03603,Anthony Bishop,anthony.bishop@gmail.com,001-520-450-9163,,Frozen,2026-02-19,59.99
MEMBER-03604,John Clements,john.clements@yahoo.com,(359)332-8657,,Frozen,2026-03-19,99.99
MEMBER-03605,Michelle Lawson,michelle.lawson@hotmail.com,591-428-3006x2381,,Active,2025-04-22,29.99
MEMBER-03606,Michael Perry,michael.perry@hotmail.com,377-361-9607,VIP,Active,2025-09-27,-29.99
MEMBER-03607,Donald Rush,donald.rush@gmail.com,335.791.3353,VIP,Active,2025-04-06,59.99
MEMBER-03608,Michael Jackson,michael.jackson@hotmail.com,924.350.4094x147,Premium,Cancelled,2026-05-06,99.99
MEMBER-03609,Marissa Pierce,marissa.pierce@hotmail.com,+1-598-821-8244x68216,,Cancelled,2025-01-05,29.99
MEMBER-03610,Carla Smith,carla.smith@hotmail.com,(547)832-2322x42637,VIP,Cancelled,2025-10-29,29.99
MEMBER-03611,Julie Moore,julie.moore@yahoo.com,745-228-7847,Premium,Active,2025-04-29,-29.99
MEMBER-03612,Jonathan Campbell,jonathan.campbell@gmail.com,264.834.4105x794,Basic,Active,2026-03-17,-29.99
MEMBER-03613,Marc Campos,marc.campos@gmail.com,(693)724-4483,Basic,Frozen,2024-12-27,99.99
MEMBER-03614,Barbara Matthews,barbara.matthews@yahoo.com,3897775472,,Active,2026-02-27,99.99
MEMBER-03615,Shannon Buck,shannon.buck@yahoo.com,(550)916-2204,Basic,Active,2025-09-05,99.99
MEMBER-03616,Vanessa Green,vanessa.green@yahoo.com,+1-372-748-4926,,Active,2025-02-06,-29.99
MEMBER-03617,Sara Savage,sara.savage@hotmail.com,+1-230-456-8208x08207,Basic,Active,2025-02-05,-29.99
MEMBER-03618,Whitney Carpenter,whitney.carpenter@gmail.com,(321)509-4235x479,BASIC,Active,2024-11-03,59.99
MEMBER-03619,Jessica Burns,jessica.burns@hotmail.com,(499)402-5100,Premium,Active,2025-10-03,59.99
MEMBER-03620,Carla Middleton,carla.middleton@gmail.com,(879)298-8359x432,BASIC,Active,2025-03-25,99.99
MEMBER-03621,Gregory Jackson,gregory.jackson@gmail.com,+1-307-970-0378,Basic,Frozen,2024-12-17,29.99
MEMBER-03622,Kristin Williams,kristin.williams@yahoo.com,+1-752-446-0888,,Frozen,2026-03-04,99.99
MEMBER-03623,Brendan Nguyen,brendan.nguyen@yahoo.com,922-686-6009,,Cancelled,2025-12-18,29.99
MEMBER-03624,Juan Rodriguez,juan.rodriguez@yahoo.com,559-903-6487,VIP,Active,2025-01-01,-29.99
MEMBER-03625,Heidi Austin,heidi.austin@hotmail.com,001-401-925-9968x48343,Basic,Active,2025-11-20,-29.99
MEMBER-03626,Samantha Simmons,samantha.simmons@yahoo.com,954-329-5995,VIP,Active,2026-05-30,-29.99
MEMBER-03627,Bonnie Gonzales,bonnie.gonzales@hotmail.com,500.771.9103x5336,,Frozen,2026-01-23,59.99
MEMBER-03628,Edgar Garrett,edgar.garrett@yahoo.com,(834)805-1558,BASIC,Active,2025-04-06,59.99
MEMBER-03629,Lisa Rodriguez,lisa.rodriguez@hotmail.com,+1-343-787-0611x5421,Premium,Active,2026-01-14,99.99
MEMBER-03630,Jonathan Fletcher,jonathan.fletcher@gmail.com,+1-826-659-5173x366,VIP,Active,2025-11-26,59.99
MEMBER-03631,David Walker,david.walker@gmail.com,540.401.9801x106,,Frozen,2025-02-13,99.99
MEMBER-03632,Joshua Nelson,joshua.nelson@gmail.com,(754)795-1898x1978,,Active,2024-11-15,29.99
MEMBER-03633,Vicki George,vicki.george@yahoo.com,536-298-0345x9489,,Frozen,2025-05-04,99.99
MEMBER-03634,Christina Williams,christina.williams@gmail.com,+1-510-506-9569x819,VIP,Frozen,2026-09-21,29.99
MEMBER-03635,Teresa Jacobson,teresa.jacobson@gmail.com,(779)226-6403x0750,Basic,Frozen,2026-02-17,99.99
MEMBER-03636,Stacey Ramirez,stacey.ramirez@hotmail.com,806-771-0917,VIP,Cancelled,2024-12-11,-29.99
MEMBER-03637,Andres Brock,andres.brock@yahoo.com,+1-720-586-5374x945,BASIC,Active,2025-12-31,-29.99
MEMBER-03638,Jacob Fox,jacob.fox@hotmail.com,(365)249-3478x12688,Basic,Active,2025-09-25,29.99
MEMBER-03639,Courtney Salinas,courtney.salinas@hotmail.com,+1-563-220-1970,VIP,Active,2025-10-12,59.99
MEMBER-03640,Courtney Fox,courtney.fox@yahoo.com,001-462-932-5588x1191,BASIC,Active,2025-09-20,29.99
MEMBER-03641,Robert Andrade,robert.andrade@gmail.com,+1-907-884-4246,VIP,Frozen,2026-05-27,29.99
MEMBER-03642,Holly Maddox,holly.maddox@gmail.com,625-797-6571x254,BASIC,Cancelled,2025-11-23,99.99
MEMBER-03643,Kevin Rollins,kevin.rollins@hotmail.com,+1-251-796-1499x01409,VIP,Frozen,2025-05-19,-29.99
MEMBER-03644,Sarah Turner,sarah.turner@hotmail.com,(925)821-6538x97390,Premium,Cancelled,2025-07-26,59.99
MEMBER-03645,Julia Tucker,julia.tucker@hotmail.com,(944)220-3157,Premium,Active,2025-08-06,59.99
MEMBER-03646,Samantha Reed,samantha.reed@hotmail.com,512-845-0778,Basic,Active,2025-03-18,59.99
MEMBER-03647,Mark Lowe,mark.lowe@hotmail.com,(580)719-2271x66239,,Active,2025-02-12,99.99
MEMBER-03648,Rebecca Smith,rebecca.smith@yahoo.com,+1-772-665-5813x2613,Basic,Cancelled,2026-09-24,29.99
MEMBER-03649,Derrick Chavez,derrick.chavez@gmail.com,782-533-2002,VIP,Frozen,2024-10-29,29.99
MEMBER-03650,Joshua Bright,joshua.bright@hotmail.com,(874)607-1853x3115,VIP,Active,2026-03-21,59.99
MEMBER-03651,William Morris,william.morris@yahoo.com,(587)553-1848,VIP,Active,2025-07-17,29.99
MEMBER-03652,Keith Hernandez,keith.hernandez@yahoo.com,(896)545-8716,,Active,2026-02-12,29.99
MEMBER-03653,Cheryl Higgins,cheryl.higgins@gmail.com,(321)468-8070,,Active,2026-08-02,59.99
MEMBER-03654,Victoria Decker,victoria.decker@yahoo.com,274-312-5121x88334,Premium,Frozen,2025-09-25,99.99
MEMBER-03655,Bailey Jones,bailey.jones@yahoo.com,955-376-6962x536,BASIC,Active,2024-12-14,-29.99
MEMBER-03656,Todd Brady,todd.brady@gmail.com,745.474.1756,VIP,Cancelled,2025-03-06,29.99
MEMBER-03657,Virginia Williams,virginia.williams@gmail.com,(642)523-7166,VIP,Frozen,2025-03-13,99.99
MEMBER-03658,Ebony Lee,ebony.lee@hotmail.com,(419)999-7211x152,BASIC,Frozen,2026-05-03,-29.99
MEMBER-03659,Megan Roberson,megan.roberson@hotmail.com,+1-393-206-7642x01173,VIP,Active,2024-11-25,59.99
MEMBER-03660,Billy Oneill,billy.oneill@gmail.com,+1-846-700-5204x95668,VIP,Active,2024-12-04,99.99
MEMBER-03661,Andrew Kelley,andrew.kelley@hotmail.com,(437)722-7839x290,Premium,Active,2026-06-01,29.99
MEMBER-03662,Jason Parker,jason.parker@hotmail.com,+1-980-876-9657,,Cancelled,2025-05-28,99.99
MEMBER-03663,Larry Armstrong,larry.armstrong@hotmail.com,(689)714-6312,,Frozen,2026-03-11,59.99
MEMBER-03664,Joel Chavez,joel.chavez@hotmail.com,001-411-460-8478x182,BASIC,Active,2025-03-10,59.99
MEMBER-03665,Dawn Adams,dawn.adams@yahoo.com,+1-694-747-4848x5694,BASIC,Active,2024-11-27,29.99
MEMBER-03666,Holly Thompson,holly.thompson@hotmail.com,(572)599-1426x071,Premium,Active,2026-06-01,29.99
MEMBER-03667,Beth Nelson,beth.nelson@hotmail.com,(776)746-1239,,Active,2025-04-19,-29.99
MEMBER-03668,Michael Bradshaw,michael.bradshaw@hotmail.com,(959)913-7206,,Active,2026-02-03,99.99
MEMBER-03669,Michelle Robinson,michelle.robinson@hotmail.com,+1-978-703-9934x68620,VIP,Cancelled,2025-03-09,99.99
MEMBER-03670,Anna Montoya,anna.montoya@gmail.com,001-693-782-8918x35073,Premium,Frozen,2025-06-16,59.99
MEMBER-03671,Alex Johnson,alex.johnson@hotmail.com,751-814-6278,VIP,Cancelled,2026-05-16,-29.99
MEMBER-03672,Tina Russell,tina.russell@gmail.com,762.372.4381x4456,VIP,Active,2026-03-31,59.99
MEMBER-03673,Meghan Adams,meghan.adams@hotmail.com,753.701.4463x384,BASIC,Active,2025-05-04,99.99
MEMBER-03674,Matthew Smith,matthew.smith@gmail.com,+1-222-719-8848x1312,Basic,Frozen,2026-08-07,29.99
MEMBER-03675,Catherine Brown,catherine.brown@hotmail.com,893.909.2220x24176,VIP,Active,2024-10-31,59.99
MEMBER-03676,Lori Moon,lori.moon@hotmail.com,(283)982-8266x7400,BASIC,Active,2025-10-09,59.99
MEMBER-03677,Jeffrey Vazquez,jeffrey.vazquez@yahoo.com,001-462-359-5901,,Cancelled,2025-03-13,59.99
MEMBER-03678,Michael Rangel,michael.rangel@gmail.com,825-534-3646,BASIC,Cancelled,2025-09-22,99.99
MEMBER-03679,Bryan Alvarez,bryan.alvarez@yahoo.com,(744)903-1482x21194,VIP,Frozen,2025-02-13,99.99
MEMBER-03680,Andrew Callahan,andrew.callahan@yahoo.com,732-216-8555x02694,Basic,Active,2025-06-26,-29.99
MEMBER-03681,Tammy Velasquez,tammy.velasquez@hotmail.com,(807)822-8849x9392,BASIC,Cancelled,2025-10-23,-29.99
MEMBER-03682,Beth Smith,beth.smith@gmail.com,(352)685-4430x5236,Premium,Cancelled,2026-08-01,-29.99
MEMBER-03683,Stacey Davis,stacey.davis@gmail.com,+1-670-272-7420x0502,Basic,Cancelled,2026-08-15,29.99
MEMBER-03684,Shirley Hudson,shirley.hudson@gmail.com,+1-777-288-1048x591,BASIC,Frozen,2026-04-24,-29.99
MEMBER-03685,Michael Baker,michael.baker@yahoo.com,+1-378-640-4147,Basic,Cancelled,2024-09-30,29.99
MEMBER-03686,Erin Villarreal,erin.villarreal@hotmail.com,379.551.5699x229,BASIC,Active,2025-09-15,59.99
MEMBER-03687,Crystal Aguilar,crystal.aguilar@hotmail.com,568-584-0476,Basic,Cancelled,2024-10-04,-29.99
MEMBER-03688,Kimberly Holt,kimberly.holt@hotmail.com,879-914-1592x8427,BASIC,Frozen,2026-06-26,59.99
MEMBER-03689,Meagan Ramirez,meagan.ramirez@yahoo.com,637-546-6785x63716,BASIC,Cancelled,2025-07-31,99.99
MEMBER-03690,Carlos Lucero,carlos.lucero@gmail.com,968-359-5241,Basic,Frozen,2025-08-26,99.99
MEMBER-03691,Alexa Turner,alexa.turner@hotmail.com,(256)334-3251,,Active,2026-07-19,29.99
MEMBER-03692,Christopher Martin,christopher.martin@hotmail.com,931.649.1410x11201,Basic,Frozen,2025-09-24,-29.99
MEMBER-03693,Jonathan Castro,jonathan.castro@yahoo.com,+1-679-761-9423x80212,BASIC,Active,2026-06-12,-29.99
MEMBER-03694,Heather Moore,heather.moore@yahoo.com,001-508-807-0927x8574,VIP,Active,2026-03-18,59.99
MEMBER-03695,Keith Rivera,keith.rivera@gmail.com,+1-447-202-6915x46669,Premium,Active,2025-10-06,59.99
MEMBER-03696,Kimberly Thompson,kimberly.thompson@yahoo.com,(523)518-7086,Basic,Frozen,2026-06-30,-29.99
MEMBER-03697,Terri Fischer,terri.fischer@yahoo.com,(739)875-0829x038,BASIC,Frozen,2026-03-24,-29.99
MEMBER-03698,Melody Mason,melody.mason@gmail.com,+1-444-802-7836,Premium,Frozen,2025-11-28,29.99
MEMBER-03699,Tara Robbins,tara.robbins@yahoo.com,+1-741-547-9044x751,Premium,Frozen,2026-08-22,-29.99
MEMBER-03700,Tracy Jacobs,tracy.jacobs@yahoo.com,+1-906-208-2382x0002,VIP,Active,2025-08-19,-29.99
MEMBER-03701,Dana Cross,dana.cross@hotmail.com,(446)455-3092,VIP,Frozen,2025-02-05,-29.99
MEMBER-03702,David Palmer,david.palmer@gmail.com,(590)635-8322x3272,VIP,Cancelled,2025-04-15,59.99
MEMBER-03703,Devon Jones,devon.jones@yahoo.com,6834881489,Basic,Cancelled,2026-02-28,-29.99
MEMBER-03704,Frank Jennings,frank.jennings@gmail.com,(928)346-6199,,Frozen,2024-10-31,99.99
MEMBER-03705,William Davis,william.davis@hotmail.com,(632)613-3752x1455,Basic,Frozen,2025-09-07,99.99
MEMBER-03706,David Woods,david.woods@hotmail.com,4487997442,Premium,Active,2026-01-15,99.99
MEMBER-03707,Felicia Chavez,felicia.chavez@gmail.com,674.585.0837,VIP,Active,2025-01-16,-29.99
MEMBER-03708,Jessica Walton,jessica.walton@gmail.com,(708)930-7736x6758,Premium,Cancelled,2026-08-29,99.99
MEMBER-03709,Tommy Davis,tommy.davis@hotmail.com,001-457-533-3538x3790,VIP,Active,2025-11-14,59.99
MEMBER-03710,Jennifer Gay,jennifer.gay@hotmail.com,305-469-4761x9278,VIP,Cancelled,2026-04-26,29.99
MEMBER-03711,Erica Williams,erica.williams@hotmail.com,+1-962-748-0995x2242,Premium,Cancelled,2025-08-23,29.99
MEMBER-03712,Darrell Cole,darrell.cole@gmail.com,820.917.0117x555,,Active,2025-09-18,59.99
MEMBER-03713,Monique Castillo,monique.castillo@yahoo.com,206-974-4499,Basic,Active,2024-12-31,29.99
MEMBER-03714,Jacqueline Freeman,jacqueline.freeman@yahoo.com,580.630.2492x30083,VIP,Cancelled,2024-12-28,99.99
MEMBER-03715,Rachel Castillo,rachel.castillo@gmail.com,001-555-303-9303x80354,,Active,2026-06-30,-29.99
MEMBER-03716,Sandra Alexander,sandra.alexander@gmail.com,329-950-4888,,Cancelled,2026-03-25,-29.99
MEMBER-03717,Michael Abbott,michael.abbott@hotmail.com,532.829.2780x992,VIP,Active,2025-03-08,29.99
MEMBER-03718,Morgan Davis,morgan.davis@gmail.com,(320)646-7863x03816,BASIC,Active,2025-11-23,-29.99
MEMBER-03719,Philip Williams,philip.williams@hotmail.com,(298)364-4491x1851,VIP,Active,2025-06-19,59.99
MEMBER-03720,Jose Jackson,jose.jackson@gmail.com,457-530-1808x72584,VIP,Active,2024-10-08,99.99
MEMBER-03721,David Davidson,david.davidson@yahoo.com,(575)321-5272,Basic,Cancelled,2026-07-30,29.99
MEMBER-03722,David Adams,david.adams@yahoo.com,766-938-2677,VIP,Cancelled,2025-01-06,99.99
MEMBER-03723,Steven Owens,steven.owens@hotmail.com,001-784-960-5346,VIP,Active,2025-05-06,29.99
MEMBER-03724,Peggy Walton,peggy.walton@hotmail.com,(483)448-6987x1646,VIP,Active,2025-12-08,-29.99
MEMBER-03725,Clarence Jimenez,clarence.jimenez@gmail.com,(905)539-0811x0007,Basic,Frozen,2026-08-08,59.99
MEMBER-03726,Daryl Huff,daryl.huff@gmail.com,001-763-274-1987x0322,,Active,2026-04-18,29.99
MEMBER-03727,Zachary Weber,zachary.weber@gmail.com,+1-422-974-4545x447,Premium,Cancelled,2025-11-02,-29.99
MEMBER-03728,Robin Fletcher,robin.fletcher@gmail.com,647-471-7406x6867,Premium,Cancelled,2026-07-31,99.99
MEMBER-03729,Adam Ingram,adam.ingram@gmail.com,376.498.2376,BASIC,Cancelled,2025-05-30,-29.99
MEMBER-03730,Tiffany Jacobs,tiffany.jacobs@gmail.com,4873879091,Premium,Active,2025-02-09,99.99
MEMBER-03731,Stacey Bender,stacey.bender@yahoo.com,458.815.6710,Premium,Cancelled,2025-02-06,29.99
MEMBER-03732,George Nguyen,george.nguyen@hotmail.com,693-535-6284,,Cancelled,2025-10-09,29.99
MEMBER-03733,Emily Salinas,emily.salinas@gmail.com,340.412.5200x43209,BASIC,Active,2025-10-19,-29.99
MEMBER-03734,Kathleen Wilson,kathleen.wilson@yahoo.com,696.266.7830x3172,,Cancelled,2026-01-16,59.99
MEMBER-03735,Chelsea Hutchinson,chelsea.hutchinson@yahoo.com,(813)976-8481x419,Basic,Active,2025-12-07,99.99
MEMBER-03736,Christina Kidd,christina.kidd@gmail.com,+1-845-719-2084,,Active,2025-04-07,59.99
MEMBER-03737,Kristina Rogers,kristina.rogers@hotmail.com,205-968-4593x401,VIP,Active,2025-07-05,59.99
MEMBER-03738,Michelle Dunn,michelle.dunn@hotmail.com,+1-597-322-5750x225,VIP,Cancelled,2026-02-22,99.99
MEMBER-03739,Eric Hubbard,eric.hubbard@yahoo.com,(254)949-5503,BASIC,Active,2025-12-17,-29.99
MEMBER-03740,Logan Anderson,logan.anderson@yahoo.com,(777)323-9677x83907,,Frozen,2025-08-08,-29.99
MEMBER-03741,James Smith,james.smith@yahoo.com,(967)594-0990,VIP,Active,2025-09-23,59.99
MEMBER-03742,Jennifer Jackson,jennifer.jackson@hotmail.com,676-748-0361,Basic,Frozen,2025-05-19,-29.99
MEMBER-03743,John Shelton,john.shelton@gmail.com,+1-319-656-5058x484,BASIC,Frozen,2025-12-13,59.99
MEMBER-03744,Hayden Martinez,hayden.martinez@gmail.com,560-822-9351x17486,BASIC,Active,2026-01-21,59.99
MEMBER-03745,John Fernandez,john.fernandez@gmail.com,(784)560-7043x517,BASIC,Frozen,2024-11-27,29.99
MEMBER-03746,Samuel Henderson,samuel.henderson@gmail.com,8843563147,VIP,Active,2026-05-14,59.99
MEMBER-03747,Hayden Rogers,hayden.rogers@hotmail.com,+1-999-975-5853,BASIC,Active,2025-11-18,-29.99
MEMBER-03748,Sarah Combs,sarah.combs@yahoo.com,001-968-609-6511x988,Premium,Active,2026-02-08,99.99
MEMBER-03749,Kevin Wells,kevin.wells@gmail.com,977-985-4574,VIP,Cancelled,2024-10-14,-29.99
MEMBER-03750,Randy Meyer,randy.meyer@hotmail.com,658-383-4856x43275,Basic,Frozen,2024-11-20,99.99
MEMBER-03751,Jessica Morris,jessica.morris@yahoo.com,(877)301-5626,VIP,Active,2025-11-19,-29.99
MEMBER-03752,Brian Richardson,brian.richardson@yahoo.com,001-320-808-5463,BASIC,Active,2026-04-07,-29.99
MEMBER-03753,Kathleen Ramirez,kathleen.ramirez@hotmail.com,(506)564-9323x75583,VIP,Active,2025-03-21,99.99
MEMBER-03754,Desiree Baker,desiree.baker@gmail.com,+1-825-748-5928x2066,BASIC,Cancelled,2025-03-06,99.99
MEMBER-03755,Jonathan Bishop,jonathan.bishop@hotmail.com,001-810-890-0281x00032,Basic,Frozen,2025-08-09,-29.99
MEMBER-03756,Melinda Owens,melinda.owens@gmail.com,286.444.9916x27765,BASIC,Cancelled,2026-07-28,59.99
MEMBER-03757,Jessica Hines,jessica.hines@gmail.com,(701)422-9153x537,,Cancelled,2025-10-04,29.99
MEMBER-03758,Charles Vargas,charles.vargas@yahoo.com,001-261-962-4293x3801,,Frozen,2026-08-12,59.99
MEMBER-03759,Evelyn Wilson,evelyn.wilson@yahoo.com,001-744-260-8348x64917,,Active,2025-09-15,29.99
MEMBER-03760,Amy Gates,amy.gates@gmail.com,923-831-5349,BASIC,Active,2025-02-07,99.99
MEMBER-03761,Dakota Burns,dakota.burns@gmail.com,+1-403-575-1416x4866,VIP,Active,2026-01-12,29.99
MEMBER-03762,Jennifer Craig,jennifer.craig@gmail.com,+1-727-786-0284x9635,,Cancelled,2026-02-17,99.99
MEMBER-03763,Elizabeth Smith,elizabeth.smith@gmail.com,799-514-9952,,Cancelled,2026-08-14,59.99
MEMBER-03764,Rachel Ray,rachel.ray@gmail.com,7196654970,,Active,2025-04-12,59.99
MEMBER-03765,Michael Bates,michael.bates@hotmail.com,945-221-0203,VIP,Cancelled,2026-01-29,99.99
MEMBER-03766,Shannon Wright,shannon.wright@hotmail.com,+1-960-942-1210x0468,VIP,Active,2025-06-27,59.99
MEMBER-03767,Drew Williams,drew.williams@gmail.com,448.265.4255x68622,,Cancelled,2026-04-28,29.99
MEMBER-03768,Dawn Roman,dawn.roman@yahoo.com,471-505-6739,Basic,Active,2026-03-22,29.99
MEMBER-03769,Mikayla Newman,mikayla.newman@hotmail.com,7705648723,,Active,2025-12-06,-29.99
MEMBER-03770,Cynthia Johnston,cynthia.johnston@hotmail.com,217-952-0477x00483,Basic,Cancelled,2025-07-26,99.99
MEMBER-03771,David Hutchinson,david.hutchinson@gmail.com,(453)482-7438x326,VIP,Active,2025-06-14,59.99
MEMBER-03772,Brian Wiggins,brian.wiggins@gmail.com,983-773-2301x4646,Premium,Active,2026-09-16,99.99
MEMBER-03773,Kimberly Johnson,kimberly.johnson@hotmail.com,5959418520,Basic,Active,2024-12-16,-29.99
MEMBER-03774,Megan Cervantes,megan.cervantes@gmail.com,001-504-643-3050x980,Premium,Frozen,2024-10-27,29.99
MEMBER-03775,Elizabeth Roberson,elizabeth.roberson@hotmail.com,7087768486,Basic,Active,2025-11-04,-29.99
MEMBER-03776,Emily Moore,emily.moore@yahoo.com,(877)668-5755,Basic,Active,2025-05-26,59.99
MEMBER-03777,Tanya Perkins,tanya.perkins@yahoo.com,650.419.3252x6749,Basic,Active,2026-07-24,59.99
MEMBER-03778,Jacob Abbott,jacob.abbott@gmail.com,(660)495-2381x49871,,Frozen,2026-04-28,99.99
MEMBER-03779,Andrew Sexton,andrew.sexton@gmail.com,+1-857-577-9312x40493,BASIC,Active,2025-07-14,99.99
MEMBER-03780,Dwayne Perez,dwayne.perez@gmail.com,855.733.7347x7630,VIP,Active,2025-11-16,59.99
MEMBER-03781,Michael Thomas,michael.thomas@yahoo.com,(546)999-1589x730,Basic,Frozen,2026-05-04,-29.99
MEMBER-03782,William Flores,william.flores@hotmail.com,944-829-8368,BASIC,Frozen,2024-12-23,-29.99
MEMBER-03783,Claire Stevens,claire.stevens@gmail.com,861-815-5510x74981,Basic,Cancelled,2026-08-14,-29.99
MEMBER-03784,Dan Watson,dan.watson@hotmail.com,+1-401-871-8729x701,,Frozen,2025-10-24,-29.99
MEMBER-03785,Jason Wilson,jason.wilson@yahoo.com,(842)906-0511,VIP,Cancelled,2025-08-16,-29.99
MEMBER-03786,Chelsea Cooper,chelsea.cooper@gmail.com,426-982-1947x19023,Basic,Active,2026-03-28,-29.99
MEMBER-03787,Daniel Shepard,daniel.shepard@hotmail.com,632.257.5921x2303,VIP,Active,2025-06-05,-29.99
MEMBER-03788,Robert King,robert.king@gmail.com,372-810-4631,Premium,Active,2026-05-10,-29.99
MEMBER-03789,Pamela Gibson,pamela.gibson@gmail.com,+1-519-387-8350x5445,Premium,Active,2025-11-25,99.99
MEMBER-03790,Daniel Compton,daniel.compton@gmail.com,(247)709-9734x135,BASIC,Active,2025-04-30,99.99
MEMBER-03791,Heather Cole,heather.cole@yahoo.com,571-386-2943x681,VIP,Cancelled,2025-05-13,29.99
MEMBER-03792,Natalie Conway,natalie.conway@gmail.com,001-794-680-7207x84584,Basic,Cancelled,2024-11-07,59.99
MEMBER-03793,Gregory Martin,gregory.martin@hotmail.com,960.521.8066x7252,BASIC,Cancelled,2026-05-02,29.99
MEMBER-03794,Jessica Roth,jessica.roth@yahoo.com,551-290-6774x210,Premium,Active,2025-08-15,-29.99
MEMBER-03795,Jason Hill,jason.hill@gmail.com,001-971-508-4257x5423,,Cancelled,2025-06-15,29.99
MEMBER-03796,Jason Scott,jason.scott@yahoo.com,(448)768-9832,BASIC,Frozen,2026-07-17,-29.99
MEMBER-03797,Melanie Harrington,melanie.harrington@yahoo.com,5225774690,VIP,Frozen,2025-11-02,59.99
MEMBER-03798,Jonathan Sawyer,jonathan.sawyer@gmail.com,205.687.7522x2120,Basic,Frozen,2024-10-05,-29.99
MEMBER-03799,Cynthia Lewis,cynthia.lewis@yahoo.com,(703)538-7384,Basic,Frozen,2025-07-01,59.99
MEMBER-03800,Mary Leon,mary.leon@gmail.com,656-538-3666,,Active,2025-08-08,-29.99
MEMBER-03801,Monica Romero,monica.romero@hotmail.com,+1-649-719-9785x134,VIP,Cancelled,2026-04-12,99.99
MEMBER-03802,Malik Horton,malik.horton@hotmail.com,(877)337-5942x8318,BASIC,Active,2025-07-31,29.99
MEMBER-03803,Stephanie Ross,stephanie.ross@gmail.com,628-909-1154x1682,Basic,Active,2025-09-15,29.99
MEMBER-03804,Adam Kelly,adam.kelly@yahoo.com,+1-891-914-0654x76512,BASIC,Cancelled,2026-03-11,29.99
MEMBER-03805,Danielle Wong,danielle.wong@yahoo.com,+1-807-453-5138x345,Premium,Active,2026-06-26,59.99
MEMBER-03806,Annette Walker,annette.walker@hotmail.com,+1-656-951-5822x309,Premium,Active,2025-08-03,29.99
MEMBER-03807,Benjamin Bradley,benjamin.bradley@yahoo.com,(856)912-4983x34414,Basic,Active,2026-06-08,-29.99
MEMBER-03808,Bethany Cruz,bethany.cruz@hotmail.com,001-538-792-5291x4937,Premium,Active,2026-02-04,59.99
MEMBER-03809,Denise Moore,denise.moore@gmail.com,931.516.8674x47868,,Active,2025-01-05,-29.99
MEMBER-03810,Aaron Brown,aaron.brown@gmail.com,969-344-1826,Basic,Frozen,2025-10-22,29.99
MEMBER-03811,Jennifer Owens,jennifer.owens@gmail.com,001-315-639-8740x541,BASIC,Frozen,2026-04-06,99.99
MEMBER-03812,Pam Guzman,pam.guzman@hotmail.com,611-774-2614x22740,,Frozen,2024-11-28,99.99
MEMBER-03813,Tricia Davenport,tricia.davenport@hotmail.com,+1-558-393-7081x03574,,Cancelled,2025-12-02,59.99
MEMBER-03814,Ashley Wilson,ashley.wilson@gmail.com,992-446-0128x5499,VIP,Cancelled,2025-08-02,99.99
MEMBER-03815,Kim Perez,kim.perez@hotmail.com,908-210-8667x04295,,Frozen,2025-03-10,-29.99
MEMBER-03816,Marco Lambert,marco.lambert@yahoo.com,828-323-5984x887,BASIC,Cancelled,2025-11-17,99.99
MEMBER-03817,Jennifer Barnes,jennifer.barnes@hotmail.com,001-541-921-2349x605,Premium,Cancelled,2024-10-28,-29.99
MEMBER-03818,Janice Thomas,janice.thomas@gmail.com,552.964.3611,Basic,Frozen,2024-11-09,-29.99
MEMBER-03819,Jasmine Harrison,jasmine.harrison@yahoo.com,(298)247-5487,Premium,Cancelled,2025-12-11,-29.99
MEMBER-03820,Ryan Jenkins,ryan.jenkins@yahoo.com,(799)848-3856x0166,Basic,Active,2025-09-14,99.99
MEMBER-03821,Tiffany Gonzales,tiffany.gonzales@hotmail.com,532-449-7539x30361,Premium,Cancelled,2025-07-16,29.99
MEMBER-03822,Jessica Wright,jessica.wright@hotmail.com,001-261-557-4236x837,,Active,2025-09-12,99.99
MEMBER-03823,Christopher Jones,christopher.jones@yahoo.com,788-807-4612x04654,Basic,Active,2025-05-30,-29.99
MEMBER-03824,Ryan Walker,ryan.walker@yahoo.com,001-636-438-1392x2230,,Cancelled,2024-12-10,29.99
MEMBER-03825,Brian Vasquez,brian.vasquez@hotmail.com,001-982-204-8793,VIP,Cancelled,2026-09-07,99.99
MEMBER-03826,Katherine Thompson,katherine.thompson@gmail.com,479-437-7590x12929,Basic,Cancelled,2026-08-16,99.99
MEMBER-03827,Andrew Young,andrew.young@yahoo.com,9456740850,VIP,Active,2026-01-06,99.99
MEMBER-03828,Danielle Schaefer,danielle.schaefer@gmail.com,692.582.3696,VIP,Active,2025-11-24,99.99
MEMBER-03829,Mary Mejia,mary.mejia@hotmail.com,513.580.0338,,Cancelled,2026-09-08,29.99
MEMBER-03830,Ryan Bryant,ryan.bryant@gmail.com,001-861-340-4761x945,,Cancelled,2026-08-30,29.99
MEMBER-03831,Elizabeth Flores,elizabeth.flores@gmail.com,911.706.9942x92231,Premium,Frozen,2026-04-03,59.99
MEMBER-03832,Erica Branch,erica.branch@gmail.com,+1-420-410-8981x0723,VIP,Active,2026-02-15,59.99
MEMBER-03833,Patricia Atkinson,patricia.atkinson@yahoo.com,578-630-1944x1088,,Active,2026-05-10,99.99
MEMBER-03834,Shelby Wright,shelby.wright@yahoo.com,774.624.9417,,Frozen,2025-09-30,-29.99
MEMBER-03835,Kaitlyn Williams,kaitlyn.williams@gmail.com,001-928-331-0915,Premium,Cancelled,2026-01-02,29.99
MEMBER-03836,Michelle Smith,michelle.smith@hotmail.com,497.692.3410,Premium,Cancelled,2025-01-16,29.99
MEMBER-03837,Michael Morris,michael.morris@hotmail.com,(931)806-2684x4187,,Cancelled,2026-07-05,59.99
MEMBER-03838,Emily Fernandez,emily.fernandez@yahoo.com,276-687-2962,Premium,Active,2025-02-05,29.99
MEMBER-03839,Kayla Vasquez,kayla.vasquez@hotmail.com,+1-410-714-1008,VIP,Active,2026-09-11,29.99
MEMBER-03840,Brittany White,brittany.white@gmail.com,(251)217-6825x1528,Premium,Active,2025-05-24,-29.99
MEMBER-03841,Chelsea Butler,chelsea.butler@gmail.com,(946)290-5084x951,BASIC,Frozen,2026-09-06,99.99
MEMBER-03842,Jonathon Aguirre,jonathon.aguirre@yahoo.com,430.687.8875x2632,,Active,2025-05-13,59.99
MEMBER-03843,Darrell Hall,darrell.hall@gmail.com,780-421-0377x00233,,Active,2025-02-27,-29.99
MEMBER-03844,Mark Trevino,mark.trevino@gmail.com,(227)641-5708x83286,BASIC,Active,2024-12-09,99.99
MEMBER-03845,Oscar Collins,oscar.collins@yahoo.com,634-891-8924x557,VIP,Frozen,2026-01-25,29.99
MEMBER-03846,Kenneth Hall,kenneth.hall@gmail.com,3407305818,,Cancelled,2026-02-22,59.99
MEMBER-03847,William Bailey,william.bailey@yahoo.com,6623925809,VIP,Cancelled,2025-12-12,-29.99
MEMBER-03848,Diana Miranda,diana.miranda@gmail.com,833.731.2938x655,,Active,2026-07-31,-29.99
MEMBER-03849,Diane Foley,diane.foley@gmail.com,4809538479,VIP,Active,2025-12-31,-29.99
MEMBER-03850,Mike Lewis,mike.lewis@gmail.com,001-246-351-8359x14612,VIP,Cancelled,2026-04-16,29.99
MEMBER-03851,Joseph Daniel,joseph.daniel@hotmail.com,334.900.7716x01083,VIP,Active,2026-06-13,99.99
MEMBER-03852,John Collier,john.collier@hotmail.com,001-963-721-5533,BASIC,Cancelled,2025-03-01,59.99
MEMBER-03853,Cristian Hendrix,cristian.hendrix@gmail.com,+1-461-722-4000,BASIC,Frozen,2025-12-15,59.99
MEMBER-03854,James Combs,james.combs@yahoo.com,+1-918-635-0022,Basic,Cancelled,2024-10-05,-29.99
MEMBER-03855,Theresa Moreno,theresa.moreno@yahoo.com,(678)442-3518x026,VIP,Cancelled,2024-12-20,29.99
MEMBER-03856,Cynthia Richards,cynthia.richards@hotmail.com,001-984-816-3447x792,,Frozen,2026-01-14,99.99
MEMBER-03857,Kristin Li,kristin.li@gmail.com,+1-520-255-1570x453,Basic,Frozen,2025-05-08,99.99
MEMBER-03858,Jeffery Hanson,jeffery.hanson@hotmail.com,659-688-2687,,Active,2025-03-16,99.99
MEMBER-03859,John Vasquez,john.vasquez@gmail.com,340-229-0300,Basic,Frozen,2025-03-17,-29.99
MEMBER-03860,Catherine Jones,catherine.jones@hotmail.com,607-655-9786x2163,BASIC,Active,2026-04-23,99.99
MEMBER-03861,Jill Roberts,jill.roberts@gmail.com,334-847-5508x23828,VIP,Active,2024-11-27,29.99
MEMBER-03862,Jesse Bryant,jesse.bryant@gmail.com,001-358-680-7327,BASIC,Active,2025-07-18,-29.99
MEMBER-03863,Jeffrey Cooper,jeffrey.cooper@gmail.com,+1-246-586-3872,Premium,Active,2026-07-30,29.99
MEMBER-03864,Garrett Fox,garrett.fox@gmail.com,001-727-704-9432x74026,Basic,Frozen,2025-11-26,29.99
MEMBER-03865,Mario White,mario.white@yahoo.com,+1-702-633-1081,,Cancelled,2026-04-08,59.99
MEMBER-03866,Amanda Johnson,amanda.johnson@yahoo.com,001-614-638-8273x7490,Premium,Active,2025-10-17,-29.99
MEMBER-03867,Victoria Ferguson,victoria.ferguson@hotmail.com,001-713-624-0621x46133,Basic,Active,2025-09-01,-29.99
MEMBER-03868,Jaime Cummings,jaime.cummings@yahoo.com,3256556348,Basic,Frozen,2024-12-23,29.99
MEMBER-03869,Melissa Lucas,melissa.lucas@yahoo.com,818.707.4922x396,,Frozen,2025-01-10,59.99
MEMBER-03870,Amanda Diaz,amanda.diaz@gmail.com,+1-841-790-8274x5745,,Active,2026-07-23,99.99
MEMBER-03871,Pamela Santos,pamela.santos@hotmail.com,(850)676-3373,VIP,Cancelled,2026-07-15,99.99
MEMBER-03872,Kim Brooks,kim.brooks@gmail.com,512.214.6307x0095,,Active,2025-04-13,-29.99
MEMBER-03873,George Potter,george.potter@hotmail.com,(632)631-0265x5747,BASIC,Active,2026-01-07,29.99
MEMBER-03874,James Long,james.long@gmail.com,221-560-8340x28974,Premium,Cancelled,2026-05-12,99.99
MEMBER-03875,Mary Richards,mary.richards@yahoo.com,+1-364-779-3539x562,Basic,Cancelled,2025-05-10,-29.99
MEMBER-03876,Edward Lang,edward.lang@gmail.com,(371)888-9267x01361,Basic,Frozen,2025-07-23,59.99
MEMBER-03877,Scott Lopez,scott.lopez@gmail.com,977-959-4144,,Active,2026-04-21,59.99
MEMBER-03878,Gregory Tate,gregory.tate@yahoo.com,437.969.7916,Basic,Frozen,2025-08-01,99.99
MEMBER-03879,Edward Li,edward.li@gmail.com,001-460-563-0079,,Frozen,2026-03-30,29.99
MEMBER-03880,Javier Wise,javier.wise@hotmail.com,+1-591-478-7356,VIP,Active,2024-11-22,29.99
MEMBER-03881,Daniel Herring,daniel.herring@hotmail.com,001-916-526-9877x35105,,Active,2025-05-16,29.99
MEMBER-03882,Kevin Yoder,kevin.yoder@hotmail.com,300-894-7947x92936,Basic,Active,2026-07-22,59.99
MEMBER-03883,Robert Moore,robert.moore@hotmail.com,001-890-987-9296x863,Basic,Cancelled,2025-09-12,99.99
MEMBER-03884,Maria Hall,maria.hall@yahoo.com,(635)227-3600x7550,,Active,2026-02-13,59.99
MEMBER-03885,Angelica Wilson,angelica.wilson@gmail.com,238.990.1175x28207,Basic,Cancelled,2025-10-06,99.99
MEMBER-03886,Melissa Mora,melissa.mora@hotmail.com,286.418.2561x66402,BASIC,Active,2026-08-18,59.99
MEMBER-03887,Sandra Johnson,sandra.johnson@gmail.com,(944)766-1651,VIP,Cancelled,2025-12-06,59.99
MEMBER-03888,Ryan Ortiz,ryan.ortiz@gmail.com,(657)204-3883x3923,VIP,Active,2026-01-22,-29.99
MEMBER-03889,Becky Wilson,becky.wilson@yahoo.com,+1-917-564-9857x742,VIP,Cancelled,2026-07-09,99.99
MEMBER-03890,Leslie Tran,leslie.tran@yahoo.com,4708547209,Premium,Frozen,2025-04-22,-29.99
MEMBER-03891,Melanie Price,melanie.price@yahoo.com,(396)879-4718,Premium,Cancelled,2025-08-10,99.99
MEMBER-03892,Amber Henry,amber.henry@hotmail.com,800-217-9776,Premium,Cancelled,2024-11-05,99.99
MEMBER-03893,Harold Smith,harold.smith@hotmail.com,764.723.8223,VIP,Active,2025-02-13,99.99
MEMBER-03894,Donald Morrison,donald.morrison@gmail.com,(745)662-1202,Basic,Active,2026-06-19,99.99
MEMBER-03895,Deborah Johnson,deborah.johnson@yahoo.com,713-796-5452,,Frozen,2024-12-10,99.99
MEMBER-03896,Sean Price,sean.price@yahoo.com,001-498-936-4950x926,,Active,2025-07-10,59.99
MEMBER-03897,Erica Henry,erica.henry@gmail.com,001-731-643-0614x3288,Basic,Active,2025-09-12,59.99
MEMBER-03898,Benjamin Hopkins,benjamin.hopkins@gmail.com,(299)981-8923x71044,,Cancelled,2024-12-09,-29.99
MEMBER-03899,Diane Walker,diane.walker@yahoo.com,268-590-6887x858,VIP,Frozen,2026-01-04,59.99
MEMBER-03900,Craig Newman,craig.newman@yahoo.com,690.453.8751x8953,VIP,Frozen,2026-07-08,29.99
MEMBER-03901,Barbara Davidson,barbara.davidson@gmail.com,697.373.3800,,Cancelled,2025-04-12,99.99
MEMBER-03902,Elizabeth Hess,elizabeth.hess@gmail.com,+1-869-744-1042x3200,Premium,Active,2025-11-24,99.99
MEMBER-03903,Nicholas Horton,nicholas.horton@hotmail.com,634.487.8193,Basic,Active,2026-08-23,59.99
MEMBER-03904,Christopher Nolan,christopher.nolan@yahoo.com,+1-846-375-7325x1415,BASIC,Cancelled,2025-09-15,-29.99
MEMBER-03905,Sarah Lin,sarah.lin@gmail.com,932-619-7924x761,,Frozen,2024-11-02,99.99
MEMBER-03906,Jeremy Fields,jeremy.fields@gmail.com,001-600-256-8417x273,,Active,2025-07-26,29.99
MEMBER-03907,Annette Stein,annette.stein@yahoo.com,413-426-3015x089,VIP,Active,2026-01-15,99.99
MEMBER-03908,William Williams,william.williams@gmail.com,(513)837-0450,Basic,Cancelled,2024-10-08,-29.99
MEMBER-03909,Tyler Harvey,tyler.harvey@gmail.com,4627873451,BASIC,Frozen,2026-06-29,99.99
MEMBER-03910,Darryl Alexander,darryl.alexander@hotmail.com,(385)858-6793,Basic,Cancelled,2026-08-29,99.99
MEMBER-03911,Nancy Brewer,nancy.brewer@gmail.com,286.834.8765x6128,VIP,Cancelled,2026-01-09,-29.99
MEMBER-03912,Mary Bailey,mary.bailey@yahoo.com,001-921-710-9531x61566,,Cancelled,2026-01-15,29.99
MEMBER-03913,Scott Garcia,scott.garcia@yahoo.com,612-492-8810,BASIC,Active,2026-07-19,-29.99
MEMBER-03914,Jason Soto,jason.soto@yahoo.com,+1-724-679-6554x5085,BASIC,Active,2025-11-20,59.99
MEMBER-03915,Zachary Rogers,zachary.rogers@hotmail.com,+1-606-690-4398x7888,VIP,Frozen,2026-05-15,99.99
MEMBER-03916,Joshua Smith,joshua.smith@gmail.com,(769)409-5940,BASIC,Active,2024-12-16,99.99
MEMBER-03917,Theresa Fox,theresa.fox@hotmail.com,3207777308,Basic,Cancelled,2025-03-23,29.99
MEMBER-03918,Andrew Booker,andrew.booker@gmail.com,936.477.0529,BASIC,Active,2025-06-27,99.99
MEMBER-03919,Jim Parker,jim.parker@hotmail.com,001-627-291-3253x32588,,Active,2025-05-19,29.99
MEMBER-03920,Katherine Henderson,katherine.henderson@yahoo.com,722-212-1154x448,Premium,Cancelled,2025-01-17,99.99
MEMBER-03921,Erica Avila,erica.avila@hotmail.com,501-968-1071,,Cancelled,2025-10-07,59.99
MEMBER-03922,Erika Singleton,erika.singleton@yahoo.com,509.951.4607,Premium,Frozen,2025-02-06,29.99
MEMBER-03923,Brian Williams,brian.williams@hotmail.com,(940)744-0121,Basic,Frozen,2025-08-21,59.99
MEMBER-03924,Sydney Kaiser,sydney.kaiser@gmail.com,+1-643-561-4550x1290,VIP,Active,2024-11-29,-29.99
MEMBER-03925,Rhonda Rice,rhonda.rice@yahoo.com,+1-566-877-5646,Premium,Active,2025-04-02,29.99
MEMBER-03926,Jamie Lutz,jamie.lutz@gmail.com,001-248-916-8531,Premium,Cancelled,2026-06-19,59.99
MEMBER-03927,Arthur Avila,arthur.avila@yahoo.com,687-802-7392,VIP,Frozen,2025-09-19,29.99
MEMBER-03928,Amanda Hall,amanda.hall@yahoo.com,001-564-825-0882x324,Premium,Cancelled,2026-07-05,59.99
MEMBER-03929,Ashley York,ashley.york@hotmail.com,377-532-3724x9292,BASIC,Active,2025-03-24,59.99
MEMBER-03930,Devon Vaughan,devon.vaughan@yahoo.com,486-994-6056,Premium,Frozen,2025-04-09,29.99
MEMBER-03931,Sandra Johnson,sandra.johnson@yahoo.com,001-569-358-2616x9134,BASIC,Cancelled,2025-01-25,99.99
MEMBER-03932,Kathy Castro,kathy.castro@gmail.com,(856)221-9747,Basic,Active,2025-05-16,-29.99
MEMBER-03933,Jessica Brown,jessica.brown@gmail.com,614-826-5626x160,Premium,Active,2025-05-14,-29.99
MEMBER-03934,John Johns,john.johns@gmail.com,924.576.6053x139,BASIC,Cancelled,2025-09-20,29.99
MEMBER-03935,Justin Bennett,justin.bennett@hotmail.com,+1-637-377-2424x278,BASIC,Cancelled,2025-02-09,99.99
MEMBER-03936,Meghan Estrada,meghan.estrada@hotmail.com,(612)382-6124x99877,Premium,Active,2025-12-22,99.99
MEMBER-03937,Larry Dickerson,larry.dickerson@yahoo.com,001-881-927-5610x408,VIP,Active,2026-07-05,-29.99
MEMBER-03938,Tracey Thomas,tracey.thomas@hotmail.com,(884)581-0624x7165,,Active,2026-01-27,99.99
MEMBER-03939,Melissa Hale,melissa.hale@hotmail.com,001-965-812-0541x5280,BASIC,Active,2026-08-10,59.99
MEMBER-03940,Karen Marshall,karen.marshall@yahoo.com,5168962023,,Cancelled,2025-01-01,59.99
MEMBER-03941,Travis Johnson,travis.johnson@yahoo.com,001-538-713-7895x62354,VIP,Frozen,2026-02-12,99.99
MEMBER-03942,Sarah Martin,sarah.martin@gmail.com,758-296-3859x5240,,Active,2024-11-09,-29.99
MEMBER-03943,Joshua Stewart,joshua.stewart@gmail.com,001-406-666-0588x0959,Basic,Cancelled,2025-03-08,59.99
MEMBER-03944,Beth Benjamin,beth.benjamin@hotmail.com,258-483-2257,BASIC,Cancelled,2024-12-21,29.99
MEMBER-03945,Daniel Daniels,daniel.daniels@yahoo.com,(702)889-2814x9896,Premium,Frozen,2026-07-26,-29.99
MEMBER-03946,Diane Stanley,diane.stanley@gmail.com,001-578-515-4836x115,Basic,Frozen,2025-03-17,-29.99
MEMBER-03947,Stacy Price,stacy.price@hotmail.com,001-944-693-4743x03426,Premium,Active,2026-06-18,59.99
MEMBER-03948,Matthew Foster,matthew.foster@hotmail.com,815-656-8160,VIP,Frozen,2026-03-01,-29.99
MEMBER-03949,Brian Gonzales,brian.gonzales@yahoo.com,(960)617-8296x14730,BASIC,Active,2026-09-11,99.99
MEMBER-03950,Amber Johnson,amber.johnson@yahoo.com,+1-672-873-0199x699,BASIC,Cancelled,2026-07-10,59.99
MEMBER-03951,Nathan Casey,nathan.casey@gmail.com,674-556-5898,BASIC,Active,2026-06-11,-29.99
MEMBER-03952,Angela Hart,angela.hart@yahoo.com,980.768.4145,Basic,Frozen,2025-06-22,29.99
MEMBER-03953,Stacey Burnett,stacey.burnett@hotmail.com,338.715.6799x728,BASIC,Active,2026-09-18,59.99
MEMBER-03954,Roger Lopez,roger.lopez@gmail.com,(632)976-3916,VIP,Cancelled,2025-03-05,-29.99
MEMBER-03955,Teresa Short,teresa.short@yahoo.com,(787)565-9647x1817,BASIC,Active,2025-04-20,-29.99
MEMBER-03956,Benjamin Reynolds,benjamin.reynolds@hotmail.com,001-597-651-1756,BASIC,Active,2026-06-25,29.99
MEMBER-03957,Joshua Gutierrez,joshua.gutierrez@gmail.com,809-916-2696,VIP,Active,2025-01-30,99.99
MEMBER-03958,Kelsey Gibson,kelsey.gibson@hotmail.com,001-433-622-6373x196,Basic,Active,2025-02-23,99.99
MEMBER-03959,Robert Porter,robert.porter@gmail.com,001-820-306-7897x26715,BASIC,Frozen,2026-02-03,99.99
MEMBER-03960,Kevin Reeves,kevin.reeves@gmail.com,329-883-9454,Basic,Cancelled,2025-04-28,-29.99
MEMBER-03961,Paul Freeman,paul.freeman@gmail.com,(600)766-5285x300,,Active,2025-07-13,29.99
MEMBER-03962,Terrance Valdez,terrance.valdez@yahoo.com,+1-859-722-2200,Premium,Active,2026-04-09,99.99
MEMBER-03963,Erika Barrera,erika.barrera@hotmail.com,441.244.2018x034,,Frozen,2026-04-06,59.99
MEMBER-03964,Nicholas Quinn,nicholas.quinn@hotmail.com,321.970.4668x708,,Active,2026-01-13,-29.99
MEMBER-03965,Paul Martinez,paul.martinez@yahoo.com,212.330.4658x3659,Basic,Active,2025-08-07,99.99
MEMBER-03966,Elizabeth Howard,elizabeth.howard@hotmail.com,836-362-2208,Basic,Active,2026-03-11,-29.99
MEMBER-03967,Anthony Garcia,anthony.garcia@gmail.com,001-650-396-3994x783,BASIC,Frozen,2026-03-19,29.99
MEMBER-03968,Joseph Smith,joseph.smith@hotmail.com,001-382-947-4079x43444,,Frozen,2026-06-27,99.99
MEMBER-03969,Miguel Patterson,miguel.patterson@yahoo.com,496-721-3239,BASIC,Frozen,2024-10-03,99.99
MEMBER-03970,Danny Lowe,danny.lowe@hotmail.com,461.803.2165x8087,Basic,Frozen,2026-02-27,59.99
MEMBER-03971,Thomas Johnson,thomas.johnson@hotmail.com,311-893-8830x90458,VIP,Frozen,2026-02-24,-29.99
MEMBER-03972,Patricia Monroe,patricia.monroe@hotmail.com,793-204-2018,Basic,Active,2026-05-18,99.99
MEMBER-03973,Michael Mendoza,michael.mendoza@gmail.com,687-365-6722,VIP,Active,2025-01-25,29.99
MEMBER-03974,William Bradshaw,william.bradshaw@hotmail.com,4384410195,VIP,Active,2025-02-13,-29.99
MEMBER-03975,Joseph Thompson,joseph.thompson@yahoo.com,940-866-1592x220,Premium,Cancelled,2026-03-24,29.99
MEMBER-03976,Emma Fuentes,emma.fuentes@yahoo.com,683-582-5591,,Active,2025-02-10,59.99
MEMBER-03977,Linda Pope,linda.pope@hotmail.com,824.356.0518x2080,Premium,Active,2026-06-15,-29.99
MEMBER-03978,Stephanie Case,stephanie.case@gmail.com,771.935.3847x32420,VIP,Frozen,2024-11-10,-29.99
MEMBER-03979,Julie Jordan,julie.jordan@hotmail.com,001-659-825-7072x79290,,Cancelled,2026-04-28,-29.99
MEMBER-03980,Barbara Mcgee,barbara.mcgee@hotmail.com,001-311-872-1370x26167,Basic,Active,2026-09-03,99.99
MEMBER-03981,Hannah White,hannah.white@yahoo.com,3222410262,VIP,Active,2025-11-15,59.99
MEMBER-03982,Jamie Dunn,jamie.dunn@gmail.com,6913431938,,Active,2026-05-26,-29.99
MEMBER-03983,Mark Kirby,mark.kirby@gmail.com,+1-918-492-3073x13972,,Active,2025-11-10,99.99
MEMBER-03984,Shannon Murray,shannon.murray@gmail.com,001-904-923-8768x0900,VIP,Active,2026-01-17,-29.99
MEMBER-03985,Ronald Moore,ronald.moore@yahoo.com,509.778.5253x991,Basic,Cancelled,2026-07-19,99.99
MEMBER-03986,Kyle Jones,kyle.jones@gmail.com,001-574-548-5195x442,Basic,Active,2025-04-16,29.99
MEMBER-03987,Jonathan Thompson,jonathan.thompson@hotmail.com,+1-485-351-0889,Premium,Frozen,2025-09-05,99.99
MEMBER-03988,Cody Smith,cody.smith@hotmail.com,+1-974-485-3159x96460,,Cancelled,2026-06-28,29.99
MEMBER-03989,Lori King,lori.king@yahoo.com,653.988.1768x3532,VIP,Active,2025-11-07,59.99
MEMBER-03990,Christopher Anthony,christopher.anthony@gmail.com,6166219897,BASIC,Frozen,2025-08-19,59.99
MEMBER-03991,Beverly Andersen,beverly.andersen@gmail.com,(681)751-6491x90704,VIP,Active,2024-12-25,-29.99
MEMBER-03992,Carol Bennett,carol.bennett@hotmail.com,(930)666-1901,Premium,Frozen,2026-05-26,99.99
MEMBER-03993,Zachary Booker,zachary.booker@yahoo.com,(252)846-7193,Basic,Active,2026-04-04,59.99
MEMBER-03994,Robin Curtis,robin.curtis@yahoo.com,439.608.7535x8983,Basic,Active,2025-03-06,59.99
MEMBER-03995,Mark Morrison,mark.morrison@hotmail.com,(513)433-1695x432,VIP,Frozen,2025-04-28,-29.99
MEMBER-03996,Robert Robinson,robert.robinson@yahoo.com,969-478-8377,,Frozen,2026-05-09,29.99
MEMBER-03997,Brian Hall,brian.hall@hotmail.com,818.688.4271x6965,Premium,Cancelled,2026-09-17,29.99
MEMBER-03998,Michael Gross,michael.gross@hotmail.com,(884)603-4769,VIP,Cancelled,2026-04-24,29.99
MEMBER-03999,Nathan Adams,nathan.adams@yahoo.com,5664899425,,Frozen,2025-10-31,-29.99
MEMBER-04000,Jacob Perkins,jacob.perkins@gmail.com,+1-280-411-8721x3983,,Active,2024-10-23,99.99
MEMBER-04001,Heather Patrick,heather.patrick@yahoo.com,+1-357-323-8616x0186,,Active,2026-08-13,-29.99
MEMBER-04002,Melissa Dunlap,melissa.dunlap@hotmail.com,001-664-906-9580x51840,,Active,2026-09-01,99.99
MEMBER-04003,Tony Gomez,tony.gomez@gmail.com,588-449-7416,VIP,Frozen,2025-02-01,99.99
MEMBER-04004,Tonya Edwards,tonya.edwards@yahoo.com,336.960.2352,BASIC,Cancelled,2026-01-28,-29.99
MEMBER-04005,Audrey Anderson,audrey.anderson@gmail.com,382-289-1305,BASIC,Cancelled,2025-01-24,59.99
MEMBER-04006,Shawn Bishop,shawn.bishop@yahoo.com,+1-281-647-9605x6233,BASIC,Frozen,2025-09-17,-29.99
MEMBER-04007,Barbara Durham,barbara.durham@yahoo.com,(788)654-3464x5829,Basic,Active,2025-08-04,-29.99
MEMBER-04008,Mary Burch,mary.burch@yahoo.com,333.800.3047,,Frozen,2026-02-26,29.99
MEMBER-04009,Richard Keith,richard.keith@gmail.com,325-330-1281x9400,Premium,Frozen,2025-01-09,99.99
MEMBER-04010,Briana Anderson,briana.anderson@yahoo.com,+1-281-987-4146x56637,VIP,Frozen,2024-10-24,-29.99
MEMBER-04011,Crystal Wang,crystal.wang@gmail.com,+1-873-475-1435x3554,BASIC,Active,2025-01-01,59.99
MEMBER-04012,Edwin Nichols,edwin.nichols@hotmail.com,476-860-0974x9091,,Cancelled,2024-12-18,99.99
MEMBER-04013,Catherine Brooks,catherine.brooks@gmail.com,(814)718-5940x048,,Active,2025-08-29,-29.99
MEMBER-04014,Alan Wright,alan.wright@hotmail.com,(344)495-6977x556,Basic,Frozen,2025-04-05,-29.99
MEMBER-04015,Kelly Williams,kelly.williams@gmail.com,001-652-429-0401x50762,Premium,Active,2024-10-14,59.99
MEMBER-04016,Corey Mcgee,corey.mcgee@yahoo.com,(220)494-3422,BASIC,Active,2025-05-14,29.99
MEMBER-04017,Tammie Shea,tammie.shea@hotmail.com,+1-485-577-8734x137,BASIC,Cancelled,2024-10-26,59.99
MEMBER-04018,Jennifer Bryant,jennifer.bryant@yahoo.com,713.561.8774x9789,Basic,Frozen,2026-04-26,59.99
MEMBER-04019,Michelle Vega,michelle.vega@gmail.com,585-835-5995x15414,Premium,Active,2026-09-18,-29.99
MEMBER-04020,Brian Allen,brian.allen@yahoo.com,(243)808-8486,VIP,Cancelled,2026-07-19,-29.99
MEMBER-04021,Jose Wilson,jose.wilson@yahoo.com,225-309-6933x7579,,Frozen,2025-06-06,99.99
MEMBER-04022,Stephanie Krueger,stephanie.krueger@hotmail.com,+1-606-739-5845,VIP,Active,2024-10-01,99.99
MEMBER-04023,Courtney Prince,courtney.prince@hotmail.com,+1-729-865-3704x7680,,Active,2025-11-25,59.99
MEMBER-04024,Joe Edwards,joe.edwards@yahoo.com,783-644-0275,BASIC,Active,2026-01-31,-29.99
MEMBER-04025,Tracy Brown,tracy.brown@yahoo.com,(895)503-3693,VIP,Active,2025-05-16,59.99
MEMBER-04026,Austin Walter,austin.walter@gmail.com,2458498046,Premium,Active,2025-07-02,99.99
MEMBER-04027,Jacob Torres,jacob.torres@hotmail.com,309.866.6349,Basic,Frozen,2025-07-15,-29.99
MEMBER-04028,Michelle Brooks,michelle.brooks@yahoo.com,573.390.4554x3623,Premium,Active,2026-01-05,-29.99
MEMBER-04029,Vanessa Zhang,vanessa.zhang@gmail.com,921-908-1103,,Active,2025-02-21,-29.99
MEMBER-04030,Sarah Rasmussen,sarah.rasmussen@hotmail.com,8079789819,BASIC,Cancelled,2026-09-08,29.99
MEMBER-04031,Alex Buckley,alex.buckley@yahoo.com,(388)443-3165x09833,,Cancelled,2025-10-11,59.99
MEMBER-04032,Donald Carter,donald.carter@hotmail.com,6148054393,,Active,2026-01-21,-29.99
MEMBER-04033,Zachary Boyd,zachary.boyd@yahoo.com,+1-738-543-9537x25801,Basic,Frozen,2026-02-25,59.99
MEMBER-04034,Sharon Boyd,sharon.boyd@hotmail.com,(820)203-2302x01926,Premium,Active,2026-07-14,29.99
MEMBER-04035,Daniel Perez,daniel.perez@yahoo.com,855-850-5181x76142,VIP,Active,2025-01-11,-29.99
MEMBER-04036,Kenneth Perez,kenneth.perez@yahoo.com,304.511.0800x2649,,Cancelled,2026-09-16,59.99
MEMBER-04037,Marc Chapman,marc.chapman@yahoo.com,395.264.2527x53177,BASIC,Frozen,2025-07-04,59.99
MEMBER-04038,Kimberly Ramos,kimberly.ramos@yahoo.com,(256)233-7343x48891,Premium,Active,2026-05-09,59.99
MEMBER-04039,Mariah Mullins,mariah.mullins@gmail.com,(242)801-2776,VIP,Cancelled,2025-08-01,99.99
MEMBER-04040,Vicki Anderson,vicki.anderson@hotmail.com,001-457-687-4411,Basic,Active,2025-10-20,59.99
MEMBER-04041,Justin Davis,justin.davis@hotmail.com,(974)321-9404,,Active,2025-03-02,-29.99
MEMBER-04042,Ryan Rodriguez,ryan.rodriguez@gmail.com,+1-468-949-8991x2638,Premium,Active,2026-08-10,59.99
MEMBER-04043,Brooke Miller,brooke.miller@yahoo.com,+1-550-497-3330x9870,Premium,Active,2026-03-27,29.99
MEMBER-04044,Joshua Jackson,joshua.jackson@hotmail.com,+1-652-670-4973,,Frozen,2026-09-02,59.99
MEMBER-04045,Kevin Mckenzie,kevin.mckenzie@gmail.com,+1-246-347-4965x91311,Premium,Active,2026-05-23,29.99
MEMBER-04046,Nathan Monroe,nathan.monroe@hotmail.com,481-559-5881,Basic,Active,2025-08-22,-29.99
MEMBER-04047,Lauren Chandler,lauren.chandler@hotmail.com,(760)488-2323x51139,,Active,2025-02-07,-29.99
MEMBER-04048,Marcus Baker,marcus.baker@hotmail.com,457-603-1768x1013,Basic,Active,2025-09-25,99.99
MEMBER-04049,Brian Castillo,brian.castillo@gmail.com,314.914.2375x74545,,Active,2026-05-09,29.99
MEMBER-04050,Stacey Todd,stacey.todd@gmail.com,9163548765,BASIC,Active,2026-07-06,29.99
MEMBER-04051,Nathan Elliott,nathan.elliott@yahoo.com,(255)317-2864x2136,VIP,Active,2025-10-03,29.99
MEMBER-04052,Miranda Torres,miranda.torres@yahoo.com,(822)794-5319,VIP,Active,2024-11-28,-29.99
MEMBER-04053,Patrick Sparks,patrick.sparks@gmail.com,+1-205-640-0853,BASIC,Active,2026-05-16,29.99
MEMBER-04054,Erik Harrington,erik.harrington@yahoo.com,001-396-519-9097x98965,Premium,Frozen,2024-12-13,29.99
MEMBER-04055,Daniel Wilkerson,daniel.wilkerson@gmail.com,+1-787-881-5749x16716,Premium,Frozen,2025-09-27,-29.99
MEMBER-04056,Brandon Johnston,brandon.johnston@yahoo.com,(778)985-1682x03852,VIP,Cancelled,2026-01-14,59.99
MEMBER-04057,Kent Brown,kent.brown@yahoo.com,315-306-8985x1188,BASIC,Cancelled,2025-07-18,99.99
MEMBER-04058,Erika Mack,erika.mack@yahoo.com,+1-673-848-0851,Basic,Frozen,2026-07-29,29.99
MEMBER-04059,Robert Brooks,robert.brooks@hotmail.com,569-654-0231,BASIC,Active,2025-02-16,59.99
MEMBER-04060,Gina Castro,gina.castro@hotmail.com,+1-369-895-7139x5700,VIP,Frozen,2025-11-24,99.99
MEMBER-04061,Tiffany Bailey,tiffany.bailey@hotmail.com,(524)202-3878,BASIC,Frozen,2025-03-02,-29.99
MEMBER-04062,Amanda Barrera,amanda.barrera@hotmail.com,460.740.9626x292,VIP,Frozen,2026-05-25,29.99
MEMBER-04063,Stacy Bowers,stacy.bowers@hotmail.com,(937)462-1098x532,Premium,Cancelled,2025-09-02,99.99
MEMBER-04064,Laurie Salinas,laurie.salinas@gmail.com,(767)554-9059x73037,Basic,Cancelled,2025-09-28,99.99
MEMBER-04065,Kimberly Brooks,kimberly.brooks@hotmail.com,6883306829,,Frozen,2026-07-22,99.99
MEMBER-04066,Scott Eaton,scott.eaton@yahoo.com,001-367-329-4279,VIP,Cancelled,2025-08-25,99.99
MEMBER-04067,Rebecca Pitts,rebecca.pitts@gmail.com,498.500.4720x288,BASIC,Active,2025-12-19,99.99
MEMBER-04068,Scott Ellison,scott.ellison@yahoo.com,4876701524,Premium,Cancelled,2025-05-04,59.99
MEMBER-04069,John Williams,john.williams@gmail.com,+1-493-721-0367x400,,Frozen,2026-06-27,-29.99
MEMBER-04070,Kimberly Gross,kimberly.gross@gmail.com,209.983.1818x0343,VIP,Cancelled,2024-12-16,29.99
MEMBER-04071,Kevin Weaver,kevin.weaver@hotmail.com,+1-830-754-5082x7598,Premium,Frozen,2025-11-30,59.99
MEMBER-04072,Colin Choi,colin.choi@yahoo.com,484.767.4822x32864,,Active,2024-10-02,99.99
MEMBER-04073,Kevin Ramirez,kevin.ramirez@yahoo.com,274-826-5884,VIP,Active,2025-08-30,-29.99
MEMBER-04074,Laura Gaines,laura.gaines@yahoo.com,(301)816-0124x181,,Cancelled,2024-11-05,99.99
MEMBER-04075,Stephen White,stephen.white@gmail.com,6969926216,Premium,Frozen,2025-02-13,99.99
MEMBER-04076,Jessica Moore,jessica.moore@yahoo.com,514.410.9244,BASIC,Active,2025-12-24,59.99
MEMBER-04077,Michael Leach,michael.leach@yahoo.com,3569864296,,Active,2025-02-07,59.99
MEMBER-04078,Katie Moody,katie.moody@yahoo.com,(873)218-8970,BASIC,Active,2025-05-23,29.99
MEMBER-04079,Joseph Thomas,joseph.thomas@gmail.com,644.457.1991x673,Basic,Frozen,2026-07-20,59.99
MEMBER-04080,Courtney King,courtney.king@gmail.com,640-478-1366,VIP,Cancelled,2026-06-29,59.99
MEMBER-04081,Brittany Simpson,brittany.simpson@gmail.com,639.442.7134x24706,Premium,Frozen,2025-01-03,29.99
MEMBER-04082,Mariah Edwards,mariah.edwards@yahoo.com,001-516-640-0489x52414,Premium,Frozen,2026-05-30,-29.99
MEMBER-04083,Marissa Warner,marissa.warner@hotmail.com,(464)266-3971x801,BASIC,Active,2025-07-22,59.99
MEMBER-04084,Jared Gomez,jared.gomez@yahoo.com,(899)679-4975x675,Premium,Frozen,2025-07-17,29.99
MEMBER-04085,Donna Crawford,donna.crawford@yahoo.com,549.413.4816x940,BASIC,Active,2025-05-18,99.99
MEMBER-04086,Kimberly Martin,kimberly.martin@yahoo.com,001-245-232-4421x461,,Active,2025-05-04,99.99
MEMBER-04087,Ashley Lee,ashley.lee@hotmail.com,7053819836,,Active,2026-05-12,29.99
MEMBER-04088,Kelly Perkins,kelly.perkins@yahoo.com,+1-218-737-6539x790,BASIC,Cancelled,2025-09-17,59.99
MEMBER-04089,Veronica Robinson,veronica.robinson@yahoo.com,208-507-5095,VIP,Cancelled,2025-06-04,59.99
MEMBER-04090,Joseph Rivers,joseph.rivers@gmail.com,264.702.9422,Premium,Active,2025-12-24,59.99
MEMBER-04091,Manuel Hahn,manuel.hahn@gmail.com,(415)659-5995,Basic,Frozen,2024-11-19,99.99
MEMBER-04092,Cathy Gonzales,cathy.gonzales@yahoo.com,(455)236-0181x1703,Basic,Cancelled,2026-02-28,29.99
MEMBER-04093,John Benson,john.benson@gmail.com,+1-436-314-4917,Premium,Frozen,2026-02-16,29.99
MEMBER-04094,Robert Jones,robert.jones@hotmail.com,311-346-8726,Premium,Cancelled,2025-10-14,59.99
MEMBER-04095,Jimmy Smith,jimmy.smith@gmail.com,(938)545-0355x996,,Active,2024-12-03,-29.99
MEMBER-04096,James Rodriguez,james.rodriguez@gmail.com,412.343.4666,Basic,Active,2025-03-01,99.99
MEMBER-04097,Sandra Trujillo,sandra.trujillo@gmail.com,353-694-4060,Basic,Cancelled,2025-08-17,-29.99
MEMBER-04098,Jessica Dominguez,jessica.dominguez@gmail.com,284-998-4475x39360,Basic,Active,2025-05-14,29.99
MEMBER-04099,Zachary Morse,zachary.morse@hotmail.com,953.733.6941,BASIC,Cancelled,2024-12-21,29.99
MEMBER-04100,Walter Nunez,walter.nunez@yahoo.com,+1-856-358-2554x83868,,Cancelled,2025-01-13,-29.99
MEMBER-04101,James Murillo,james.murillo@yahoo.com,001-687-790-5073x09072,VIP,Active,2025-07-23,-29.99
MEMBER-04102,Tiffany Wright,tiffany.wright@yahoo.com,(973)713-9628x6338,Basic,Active,2025-05-23,59.99
MEMBER-04103,Tracy Wilson,tracy.wilson@gmail.com,(614)435-9393,,Active,2026-08-25,29.99
MEMBER-04104,Sean Jackson,sean.jackson@hotmail.com,001-928-681-5659x60402,VIP,Active,2025-05-20,99.99
MEMBER-04105,Steven Rocha,steven.rocha@yahoo.com,681-633-5782x992,BASIC,Cancelled,2026-09-18,99.99
MEMBER-04106,David Zamora,david.zamora@gmail.com,(488)843-9393x9606,,Active,2025-02-25,99.99
MEMBER-04107,Amy Hernandez,amy.hernandez@hotmail.com,792-694-7874,VIP,Frozen,2026-06-13,59.99
MEMBER-04108,Michael Moran,michael.moran@hotmail.com,4319868659,VIP,Frozen,2026-01-03,99.99
MEMBER-04109,Margaret Wiley,margaret.wiley@hotmail.com,929-964-5482,BASIC,Active,2025-01-01,59.99
MEMBER-04110,Ashlee Acosta,ashlee.acosta@hotmail.com,619-994-1364,BASIC,Active,2025-09-26,99.99
MEMBER-04111,Eugene Davis,eugene.davis@hotmail.com,344.901.4708x23196,,Active,2026-02-12,-29.99
MEMBER-04112,Douglas Hunt,douglas.hunt@hotmail.com,(684)742-7180,Premium,Cancelled,2025-06-06,29.99
MEMBER-04113,Cheryl Davis,cheryl.davis@gmail.com,+1-699-951-2174,BASIC,Frozen,2026-09-18,29.99
MEMBER-04114,Nicholas Henderson,nicholas.henderson@hotmail.com,001-536-951-8370x4702,BASIC,Frozen,2026-05-12,59.99
MEMBER-04115,David Watts,david.watts@yahoo.com,3685212035,Premium,Active,2026-05-17,59.99
MEMBER-04116,Sara Soto,sara.soto@yahoo.com,+1-751-996-2452x405,Premium,Frozen,2025-02-07,99.99
MEMBER-04117,Jesse Cannon,jesse.cannon@hotmail.com,499-988-5522,VIP,Active,2025-10-05,29.99
MEMBER-04118,Kristin White,kristin.white@hotmail.com,001-484-258-5542,VIP,Cancelled,2025-06-02,59.99
MEMBER-04119,Kelly Rowland,kelly.rowland@hotmail.com,729.512.9896x733,VIP,Cancelled,2025-09-15,59.99
MEMBER-04120,Anthony Welch,anthony.welch@hotmail.com,723.700.1719,BASIC,Cancelled,2026-08-06,59.99
MEMBER-04121,Maria Norton,maria.norton@gmail.com,(895)916-6215,,Cancelled,2025-04-23,99.99
MEMBER-04122,Laura Stevenson,laura.stevenson@gmail.com,447.803.0366x3860,,Active,2026-01-25,-29.99
MEMBER-04123,William Carey,william.carey@hotmail.com,758.440.5318x865,VIP,Cancelled,2025-02-17,99.99
MEMBER-04124,William Fowler,william.fowler@yahoo.com,001-717-427-4600x3410,BASIC,Frozen,2026-06-12,99.99
MEMBER-04125,Allison Johnson,allison.johnson@gmail.com,(217)919-9497x450,Premium,Frozen,2024-11-03,99.99
MEMBER-04126,Ronald Fry,ronald.fry@yahoo.com,3717253461,VIP,Frozen,2026-07-14,-29.99
MEMBER-04127,Meghan Garrett,meghan.garrett@gmail.com,502-278-2015x811,VIP,Active,2026-08-21,-29.99
MEMBER-04128,Willie Pearson,willie.pearson@gmail.com,+1-553-611-6951x522,BASIC,Active,2025-06-07,-29.99
MEMBER-04129,Laura Brown,laura.brown@hotmail.com,001-960-271-3766,Basic,Active,2026-02-18,99.99
MEMBER-04130,Morgan Golden,morgan.golden@yahoo.com,001-406-605-0640x51183,Premium,Active,2024-10-13,99.99
MEMBER-04131,Maria Mcgee,maria.mcgee@hotmail.com,340-979-0438x9353,Basic,Cancelled,2025-02-20,59.99
MEMBER-04132,Joanna Lin,joanna.lin@yahoo.com,655-322-4113,VIP,Frozen,2025-05-11,99.99
MEMBER-04133,Natalie Colon,natalie.colon@gmail.com,(768)492-6583,Basic,Frozen,2025-09-27,-29.99
MEMBER-04134,John Harris,john.harris@hotmail.com,+1-696-988-5606x9456,BASIC,Frozen,2024-11-05,59.99
MEMBER-04135,Susan Christian,susan.christian@gmail.com,+1-657-699-6591x239,Premium,Active,2026-06-23,99.99
MEMBER-04136,Linda Wong,linda.wong@hotmail.com,293-407-8457x844,Basic,Active,2026-06-16,59.99
MEMBER-04137,Karen Brown,karen.brown@yahoo.com,346-350-2860,Premium,Frozen,2025-10-25,-29.99
MEMBER-04138,John Ortiz,john.ortiz@hotmail.com,908-218-9813,,Active,2024-12-22,29.99
MEMBER-04139,Daniel Mitchell,daniel.mitchell@gmail.com,744.344.5325x67211,BASIC,Active,2026-08-11,59.99
MEMBER-04140,Christopher Carroll,christopher.carroll@yahoo.com,001-426-258-2165x5146,VIP,Active,2026-07-18,29.99
MEMBER-04141,Aaron Patel,aaron.patel@hotmail.com,+1-987-464-1437,Basic,Active,2025-01-28,99.99
MEMBER-04142,Guy Wood,guy.wood@yahoo.com,001-331-249-3548,VIP,Frozen,2026-04-09,-29.99
MEMBER-04143,Sarah Harris,sarah.harris@yahoo.com,(719)590-3777x31102,VIP,Active,2026-05-26,-29.99
MEMBER-04144,Shawn Hopkins,shawn.hopkins@hotmail.com,635.285.1514,Premium,Active,2026-02-23,99.99
MEMBER-04145,Andrew Baker,andrew.baker@yahoo.com,323.297.9881x1882,BASIC,Cancelled,2025-09-02,59.99
MEMBER-04146,Nicholas Barton,nicholas.barton@hotmail.com,4597558704,,Frozen,2025-03-18,59.99
MEMBER-04147,Heather Stout,heather.stout@yahoo.com,001-867-232-5496,,Active,2026-08-25,-29.99
MEMBER-04148,Lori Tucker,lori.tucker@gmail.com,(787)937-2380,Premium,Frozen,2024-12-25,99.99
MEMBER-04149,Theresa Wilson,theresa.wilson@hotmail.com,(629)466-8273x42890,,Frozen,2025-07-31,29.99
MEMBER-04150,Amber Rodgers,amber.rodgers@yahoo.com,360-368-8958x9932,Premium,Active,2026-03-01,99.99
MEMBER-04151,Maria Yang,maria.yang@gmail.com,001-804-642-1795x3485,VIP,Active,2026-08-02,59.99
MEMBER-04152,Michael Smith,michael.smith@yahoo.com,(924)204-4163x16641,Premium,Frozen,2024-11-06,-29.99
MEMBER-04153,Bryan Robinson,bryan.robinson@hotmail.com,8472421206,Premium,Active,2025-07-14,99.99
MEMBER-04154,Monica Sherman,monica.sherman@gmail.com,001-285-969-0289x170,VIP,Cancelled,2026-06-17,99.99
MEMBER-04155,Donald Hernandez,donald.hernandez@gmail.com,953.508.7722x6966,VIP,Active,2025-04-30,59.99
MEMBER-04156,Christine Wu,christine.wu@hotmail.com,001-360-615-0085x854,Basic,Active,2026-03-15,-29.99
MEMBER-04157,Paul Jones,paul.jones@yahoo.com,001-821-327-1952,BASIC,Active,2025-10-06,29.99
MEMBER-04158,David Barnes,david.barnes@gmail.com,+1-996-383-7201x64854,,Active,2025-04-05,99.99
MEMBER-04159,Jeffery Wade,jeffery.wade@hotmail.com,296-634-8130,Basic,Active,2026-03-08,29.99
MEMBER-04160,Tanya Allen,tanya.allen@yahoo.com,(256)791-5393,,Frozen,2025-12-02,-29.99
MEMBER-04161,Kristin Miller,kristin.miller@hotmail.com,362.740.4661x0106,VIP,Frozen,2026-04-26,29.99
MEMBER-04162,William Jones,william.jones@yahoo.com,589-832-9865,Basic,Active,2025-07-21,29.99
MEMBER-04163,Kim Evans,kim.evans@gmail.com,+1-318-418-7850x37436,,Cancelled,2025-06-16,29.99
MEMBER-04164,Cameron Martin,cameron.martin@hotmail.com,+1-561-589-1241x52121,,Active,2025-11-24,59.99
MEMBER-04165,Shawn Smith,shawn.smith@hotmail.com,(703)828-9795x7377,Basic,Active,2026-04-25,99.99
MEMBER-04166,Julia Frederick,julia.frederick@yahoo.com,+1-610-289-4520x7259,BASIC,Active,2025-02-22,59.99
MEMBER-04167,Tyler Baker,tyler.baker@yahoo.com,001-713-730-9845x522,VIP,Active,2025-05-09,59.99
MEMBER-04168,Susan Howell,susan.howell@yahoo.com,(528)451-4136,,Frozen,2025-06-25,-29.99
MEMBER-04169,Nicole Rice,nicole.rice@yahoo.com,533-333-0561,,Active,2024-11-25,29.99
MEMBER-04170,David Douglas,david.douglas@gmail.com,423.367.9082x1352,BASIC,Frozen,2026-06-19,29.99
MEMBER-04171,David Garcia,david.garcia@hotmail.com,5985308799,,Active,2025-03-05,29.99
MEMBER-04172,Brandon Delgado,brandon.delgado@gmail.com,289.419.8602,Basic,Cancelled,2025-12-06,99.99
MEMBER-04173,Anne Sandoval,anne.sandoval@hotmail.com,001-581-781-4335x8628,BASIC,Cancelled,2025-10-23,99.99
MEMBER-04174,Jennifer Smith,jennifer.smith@hotmail.com,677.696.8076x87902,Premium,Frozen,2025-08-17,-29.99
MEMBER-04175,Jose Moore,jose.moore@gmail.com,+1-459-286-4840x9270,Premium,Frozen,2026-06-15,59.99
MEMBER-04176,Todd Watson,todd.watson@gmail.com,(848)598-0147,Premium,Cancelled,2026-06-28,59.99
MEMBER-04177,Richard Holland,richard.holland@hotmail.com,001-615-696-5866x81403,VIP,Cancelled,2026-08-16,29.99
MEMBER-04178,Matthew Ramirez,matthew.ramirez@gmail.com,(379)932-6334x57081,Basic,Active,2025-07-02,59.99
MEMBER-04179,Tina Ware,tina.ware@yahoo.com,(914)346-6584x90895,,Frozen,2024-11-03,29.99
MEMBER-04180,Timothy Cruz,timothy.cruz@gmail.com,702-723-5960x658,VIP,Frozen,2025-02-07,59.99
MEMBER-04181,Gregory Hodges,gregory.hodges@yahoo.com,6948436048,Premium,Cancelled,2026-04-08,99.99
MEMBER-04182,Kathryn Patel,kathryn.patel@yahoo.com,257-957-6826x3690,Premium,Active,2026-09-26,99.99
MEMBER-04183,Stephanie Wong,stephanie.wong@gmail.com,965.690.7746,Premium,Cancelled,2025-03-12,99.99
MEMBER-04184,James Fitzpatrick,james.fitzpatrick@hotmail.com,001-570-355-5013x334,Basic,Cancelled,2026-05-14,-29.99
MEMBER-04185,Terry Anderson,terry.anderson@hotmail.com,849.363.1885x3402,Basic,Active,2026-06-29,29.99
MEMBER-04186,Erika Martinez,erika.martinez@hotmail.com,652.863.2310x78577,BASIC,Cancelled,2025-01-13,-29.99
MEMBER-04187,Tammy Watson,tammy.watson@yahoo.com,(901)418-6682,Basic,Active,2025-08-02,-29.99
MEMBER-04188,Jeremy Turner,jeremy.turner@gmail.com,001-988-314-9774x18182,BASIC,Cancelled,2026-02-10,59.99
MEMBER-04189,Michael Valenzuela,michael.valenzuela@hotmail.com,431-994-8288,BASIC,Active,2025-08-14,29.99
MEMBER-04190,Holly Nelson,holly.nelson@hotmail.com,663-957-1886x835,Premium,Active,2025-03-24,59.99
MEMBER-04191,Mary Mitchell,mary.mitchell@yahoo.com,347-227-4793,Premium,Active,2025-09-04,-29.99
MEMBER-04192,Charles Wright,charles.wright@yahoo.com,981.921.5542x373,,Frozen,2026-02-23,99.99
MEMBER-04193,Jacqueline Smith,jacqueline.smith@hotmail.com,645-588-6136,BASIC,Cancelled,2025-01-21,59.99
MEMBER-04194,John Elliott,john.elliott@gmail.com,(632)487-7554x8400,Basic,Frozen,2024-11-17,-29.99
MEMBER-04195,Linda Bray,linda.bray@hotmail.com,+1-897-898-8576x019,VIP,Active,2026-09-05,-29.99
MEMBER-04196,Donna Myers,donna.myers@yahoo.com,001-239-992-7836,Basic,Active,2025-12-21,-29.99
MEMBER-04197,April Williams,april.williams@hotmail.com,389.520.7983x3810,BASIC,Active,2025-08-05,29.99
MEMBER-04198,Natasha Ramirez,natasha.ramirez@hotmail.com,001-831-595-2646x7445,VIP,Frozen,2026-04-13,99.99
MEMBER-04199,Jennifer Thompson,jennifer.thompson@hotmail.com,001-750-754-6788x4880,Basic,Active,2025-04-17,99.99
MEMBER-04200,Timothy White,timothy.white@gmail.com,(689)423-4371,Premium,Active,2026-07-18,-29.99
MEMBER-04201,Jean Lee,jean.lee@hotmail.com,+1-880-813-7249x28840,BASIC,Active,2025-05-29,99.99
MEMBER-04202,Travis Rice,travis.rice@yahoo.com,375.712.2072,VIP,Active,2026-06-06,59.99
MEMBER-04203,Ashley Stephens,ashley.stephens@gmail.com,960-222-2470x32133,Premium,Cancelled,2024-11-11,29.99
MEMBER-04204,Paul Parker,paul.parker@hotmail.com,+1-464-229-3855x50793,Premium,Cancelled,2024-10-25,59.99
MEMBER-04205,Haley Cross,haley.cross@gmail.com,+1-924-249-1306x10855,BASIC,Active,2025-05-01,29.99
MEMBER-04206,David Lopez,david.lopez@yahoo.com,4644151182,,Cancelled,2025-05-07,99.99
MEMBER-04207,Daniel Lambert,daniel.lambert@gmail.com,001-495-701-0232x3213,VIP,Active,2026-09-15,59.99
MEMBER-04208,Paige Hunter,paige.hunter@gmail.com,327-235-0221x4916,BASIC,Cancelled,2026-03-16,59.99
MEMBER-04209,Kathleen Greene,kathleen.greene@hotmail.com,532-710-5978x42814,,Cancelled,2026-07-10,59.99
MEMBER-04210,David Delgado,david.delgado@hotmail.com,319-397-9817x6301,VIP,Active,2025-06-23,59.99
MEMBER-04211,Joshua Dorsey,joshua.dorsey@hotmail.com,467-201-4104,Basic,Active,2025-08-07,59.99
MEMBER-04212,Jose Bailey,jose.bailey@gmail.com,+1-500-998-3273x6529,VIP,Active,2025-01-05,99.99
MEMBER-04213,Nathaniel Little,nathaniel.little@hotmail.com,(805)965-6791,VIP,Frozen,2026-07-10,29.99
MEMBER-04214,Charles Hooper,charles.hooper@yahoo.com,+1-544-501-3059x725,Basic,Frozen,2026-02-11,29.99
MEMBER-04215,Julie Collins,julie.collins@hotmail.com,001-970-873-0686,BASIC,Active,2026-06-30,59.99
MEMBER-04216,Darrell White,darrell.white@gmail.com,001-822-885-4040x261,BASIC,Active,2026-05-29,-29.99
MEMBER-04217,Tina Douglas,tina.douglas@yahoo.com,+1-801-256-2258x48190,,Cancelled,2025-05-09,59.99
MEMBER-04218,Martin Newman,martin.newman@hotmail.com,+1-827-681-4705,Basic,Active,2026-01-14,99.99
MEMBER-04219,Kimberly Byrd,kimberly.byrd@yahoo.com,(591)526-9815,Premium,Active,2025-04-24,-29.99
MEMBER-04220,Stephanie Howard,stephanie.howard@gmail.com,+1-543-509-2697,Basic,Active,2024-12-26,-29.99
MEMBER-04221,Brent Joseph,brent.joseph@gmail.com,252.705.6459x80344,BASIC,Active,2025-11-17,-29.99
MEMBER-04222,Lindsey Kim,lindsey.kim@hotmail.com,+1-651-497-4395x044,Premium,Active,2026-05-05,99.99
MEMBER-04223,Gina Watkins,gina.watkins@yahoo.com,654-691-2831x17949,BASIC,Active,2026-09-02,99.99
MEMBER-04224,David Franco,david.franco@gmail.com,(899)558-7427,Premium,Frozen,2024-09-28,99.99
MEMBER-04225,Melissa Gilbert,melissa.gilbert@yahoo.com,+1-450-394-7864x1638,,Active,2024-10-06,-29.99
MEMBER-04226,Whitney Hays,whitney.hays@hotmail.com,001-625-812-1189,BASIC,Cancelled,2025-01-27,59.99
MEMBER-04227,John Garcia,john.garcia@gmail.com,(265)356-3630x04335,Premium,Cancelled,2025-06-23,59.99
MEMBER-04228,Randy Phillips,randy.phillips@yahoo.com,+1-555-869-4146x73592,Premium,Active,2026-06-18,29.99
MEMBER-04229,Edgar Fischer,edgar.fischer@yahoo.com,216-816-5665x764,BASIC,Frozen,2025-03-10,29.99
MEMBER-04230,John Howard,john.howard@hotmail.com,(517)411-0696x7969,Premium,Cancelled,2025-05-02,99.99
MEMBER-04231,Patricia Day,patricia.day@gmail.com,344.736.9285,Premium,Frozen,2025-08-14,99.99
MEMBER-04232,Jacob Rose,jacob.rose@yahoo.com,+1-347-274-1733x360,BASIC,Frozen,2025-09-25,59.99
MEMBER-04233,Stacy Hahn,stacy.hahn@yahoo.com,(605)234-5035x8165,VIP,Active,2026-01-26,99.99
MEMBER-04234,Erica Rodriguez,erica.rodriguez@yahoo.com,(548)876-0857x6460,Premium,Active,2026-08-07,-29.99
MEMBER-04235,Natasha Stanley,natasha.stanley@yahoo.com,(486)362-2719,Basic,Cancelled,2025-09-15,59.99
MEMBER-04236,Jeffrey Hughes,jeffrey.hughes@yahoo.com,(867)739-0607x27723,Basic,Cancelled,2026-04-02,29.99
MEMBER-04237,Sean Jones,sean.jones@yahoo.com,366.457.1640x226,Premium,Cancelled,2026-06-23,-29.99
MEMBER-04238,James Callahan,james.callahan@hotmail.com,001-445-872-4491x764,VIP,Active,2024-12-09,-29.99
MEMBER-04239,Kevin Fox,kevin.fox@gmail.com,5992578183,BASIC,Frozen,2025-10-12,59.99
MEMBER-04240,Wanda Walker,wanda.walker@gmail.com,001-315-566-7053x3085,,Active,2025-11-21,-29.99
MEMBER-04241,Erica Brown,erica.brown@hotmail.com,(224)998-9569x1103,Premium,Active,2026-08-06,99.99
MEMBER-04242,Michael Cruz,michael.cruz@hotmail.com,001-504-204-4161x661,,Active,2025-07-31,29.99
MEMBER-04243,James Mitchell,james.mitchell@yahoo.com,296.710.4808,VIP,Frozen,2026-07-14,99.99
MEMBER-04244,Denise Jacobson,denise.jacobson@hotmail.com,001-587-958-4024,Premium,Frozen,2024-11-16,99.99
MEMBER-04245,Margaret Ryan,margaret.ryan@hotmail.com,001-927-593-5444x58905,BASIC,Active,2026-02-14,29.99
MEMBER-04246,Bryan Martinez,bryan.martinez@hotmail.com,+1-852-861-4578x245,VIP,Frozen,2025-03-22,29.99
MEMBER-04247,Ryan Williams,ryan.williams@gmail.com,(581)363-7996,VIP,Active,2025-09-18,29.99
MEMBER-04248,John Webster,john.webster@gmail.com,+1-256-283-6957,,Cancelled,2026-06-04,29.99
MEMBER-04249,Danny Rhodes,danny.rhodes@hotmail.com,743.816.2923,Premium,Active,2025-02-16,29.99
MEMBER-04250,David Allen,david.allen@gmail.com,457.312.0574,Basic,Frozen,2025-03-15,59.99
MEMBER-04251,Danielle Coleman,danielle.coleman@yahoo.com,728.597.2870x24564,VIP,Frozen,2026-08-18,-29.99
MEMBER-04252,David Cameron,david.cameron@yahoo.com,(690)670-0960x8967,BASIC,Active,2025-03-21,59.99
MEMBER-04253,Dawn Morris,dawn.morris@hotmail.com,001-834-357-1615x63360,BASIC,Cancelled,2024-10-09,59.99
MEMBER-04254,Karen Chambers,karen.chambers@gmail.com,+1-923-512-3036x72684,Premium,Active,2024-10-26,59.99
MEMBER-04255,Amy Jenkins,amy.jenkins@gmail.com,750.234.2062,VIP,Cancelled,2025-04-27,29.99
MEMBER-04256,Derrick Stafford,derrick.stafford@hotmail.com,911-768-8392x11436,,Frozen,2025-11-10,59.99
MEMBER-04257,Shannon Lee,shannon.lee@hotmail.com,+1-546-967-6682x93007,,Cancelled,2024-10-07,99.99
MEMBER-04258,John Wagner,john.wagner@yahoo.com,246.643.8508x8257,Premium,Active,2025-04-20,59.99
MEMBER-04259,Rachel Avila,rachel.avila@yahoo.com,628-535-8874x210,,Cancelled,2026-07-23,59.99
MEMBER-04260,Amy Bailey,amy.bailey@yahoo.com,+1-279-948-9830x18608,,Active,2025-07-08,59.99
MEMBER-04261,Krystal Ayers,krystal.ayers@hotmail.com,698.456.7600,VIP,Active,2025-10-03,-29.99
MEMBER-04262,Bill Robertson,bill.robertson@hotmail.com,(654)989-4338x05363,VIP,Active,2026-06-01,-29.99
MEMBER-04263,Robyn Miller,robyn.miller@hotmail.com,(478)704-7805x4452,BASIC,Active,2025-10-30,99.99
MEMBER-04264,Jacob Baker,jacob.baker@gmail.com,380-287-4592x1893,Premium,Frozen,2025-06-22,29.99
MEMBER-04265,Adriana Castillo,adriana.castillo@hotmail.com,(394)961-8416x5714,Basic,Frozen,2026-08-26,99.99
MEMBER-04266,Andrea Chavez,andrea.chavez@yahoo.com,001-410-756-6326x24630,Premium,Active,2026-08-31,29.99
MEMBER-04267,Karen Vega,karen.vega@yahoo.com,+1-865-935-7866,BASIC,Cancelled,2026-08-27,59.99
MEMBER-04268,Jason Roberson,jason.roberson@gmail.com,321.712.4586,BASIC,Cancelled,2026-08-10,59.99
MEMBER-04269,Joshua Carr,joshua.carr@hotmail.com,841-485-1996x8327,BASIC,Cancelled,2026-06-01,-29.99
MEMBER-04270,Maria Salas,maria.salas@hotmail.com,001-808-223-7105,BASIC,Cancelled,2025-01-31,59.99
MEMBER-04271,James Vaughn,james.vaughn@hotmail.com,5479327224,VIP,Active,2026-09-12,59.99
MEMBER-04272,Leslie Fernandez,leslie.fernandez@hotmail.com,001-711-362-5969x718,VIP,Cancelled,2024-12-27,-29.99
MEMBER-04273,Joseph Meadows,joseph.meadows@yahoo.com,871.463.1593x809,Basic,Cancelled,2026-02-13,59.99
MEMBER-04274,Jill Marshall,jill.marshall@yahoo.com,001-811-289-1928x34402,BASIC,Cancelled,2026-02-26,99.99
MEMBER-04275,William Leach,william.leach@yahoo.com,+1-488-297-4354x08584,VIP,Active,2025-05-16,29.99
MEMBER-04276,Cheryl Cox,cheryl.cox@yahoo.com,+1-828-876-7567x538,,Frozen,2025-12-05,29.99
MEMBER-04277,Zachary Collins,zachary.collins@yahoo.com,+1-639-224-1337x3326,,Active,2025-11-04,59.99
MEMBER-04278,Colin Reid,colin.reid@yahoo.com,389-402-0842x7359,BASIC,Frozen,2024-12-07,29.99
MEMBER-04279,Leslie Mayo,leslie.mayo@hotmail.com,(244)282-9612x05287,,Active,2024-12-28,59.99
MEMBER-04280,Bailey Bennett,bailey.bennett@yahoo.com,(452)412-2562x44376,Basic,Frozen,2026-04-10,99.99
MEMBER-04281,Vickie Johnson,vickie.johnson@yahoo.com,(345)266-7037x070,Basic,Active,2025-12-09,99.99
MEMBER-04282,Rebecca Hester,rebecca.hester@yahoo.com,001-557-953-8825x784,Basic,Active,2024-12-07,-29.99
MEMBER-04283,Theresa Alvarez,theresa.alvarez@gmail.com,+1-385-769-1178x18875,,Cancelled,2025-11-27,-29.99
MEMBER-04284,Brittany Wilson,brittany.wilson@hotmail.com,(923)393-7840x87195,VIP,Cancelled,2025-06-20,29.99
MEMBER-04285,Michele Hatfield,michele.hatfield@gmail.com,001-710-200-4719x40656,Basic,Frozen,2026-06-17,59.99
MEMBER-04286,Brian Santana,brian.santana@gmail.com,+1-461-946-3910,BASIC,Active,2026-01-30,-29.99
MEMBER-04287,Kelly Robinson,kelly.robinson@hotmail.com,376.423.1470,Basic,Active,2025-07-28,99.99
MEMBER-04288,Gina Adkins,gina.adkins@yahoo.com,001-329-526-6923x620,VIP,Frozen,2025-05-08,99.99
MEMBER-04289,Donald Garcia,donald.garcia@hotmail.com,276.530.2986x28118,BASIC,Frozen,2024-12-27,99.99
MEMBER-04290,Brianna Watts,brianna.watts@hotmail.com,435-691-3582x63747,Basic,Active,2025-06-10,29.99
MEMBER-04291,Gina English,gina.english@hotmail.com,478.513.3917x23288,BASIC,Cancelled,2026-01-19,-29.99
MEMBER-04292,Isaac Lyons,isaac.lyons@yahoo.com,941-738-7055x44054,Premium,Active,2025-06-26,99.99
MEMBER-04293,James Phillips,james.phillips@gmail.com,369.607.0249,Basic,Active,2026-03-03,-29.99
MEMBER-04294,Daniel Vaughn,daniel.vaughn@gmail.com,787.689.6753x6004,,Active,2025-06-18,29.99
MEMBER-04295,Tyler Campbell,tyler.campbell@yahoo.com,(437)637-3269x537,,Active,2025-05-26,29.99
MEMBER-04296,Joshua Avery,joshua.avery@hotmail.com,822-469-5143,,Active,2026-09-14,29.99
MEMBER-04297,Nancy Brown,nancy.brown@gmail.com,001-725-585-3402x97089,Premium,Frozen,2025-10-25,-29.99
MEMBER-04298,Wendy Mccarthy,wendy.mccarthy@yahoo.com,8649013748,BASIC,Active,2025-12-02,99.99
MEMBER-04299,Lisa Patterson,lisa.patterson@gmail.com,269.624.6105x9931,BASIC,Active,2026-02-26,29.99
MEMBER-04300,Kevin Washington,kevin.washington@yahoo.com,2508515949,BASIC,Active,2026-05-10,29.99
MEMBER-04301,Bruce Villa,bruce.villa@yahoo.com,+1-327-706-1050x0917,Premium,Cancelled,2025-04-04,29.99
MEMBER-04302,Scott Hawkins,scott.hawkins@gmail.com,774.508.9884x797,VIP,Active,2024-11-23,99.99
MEMBER-04303,Kristen Ball,kristen.ball@yahoo.com,001-545-816-4339x8288,BASIC,Active,2026-07-13,-29.99
MEMBER-04304,Kristy Murray,kristy.murray@gmail.com,4979418868,VIP,Frozen,2026-04-16,99.99
MEMBER-04305,Michael Pennington,michael.pennington@hotmail.com,+1-888-772-3075x57861,VIP,Cancelled,2026-07-25,99.99
MEMBER-04306,Angela Garcia,angela.garcia@gmail.com,8094322064,BASIC,Active,2024-10-12,99.99
MEMBER-04307,Robert Patterson,robert.patterson@gmail.com,+1-883-561-9410x282,BASIC,Frozen,2026-04-09,59.99
MEMBER-04308,Karen Mcdaniel,karen.mcdaniel@gmail.com,(349)928-0315x12265,Premium,Frozen,2025-09-20,-29.99
MEMBER-04309,Greg Krueger,greg.krueger@hotmail.com,(357)483-6368,VIP,Cancelled,2025-03-17,-29.99
MEMBER-04310,Andre Vaughn,andre.vaughn@gmail.com,226-300-1181x23073,Basic,Frozen,2026-01-28,99.99
MEMBER-04311,Donald Miller,donald.miller@yahoo.com,+1-236-752-1010x7452,,Cancelled,2026-03-26,99.99
MEMBER-04312,Brett Chapman,brett.chapman@hotmail.com,719-371-5808,VIP,Active,2024-11-29,29.99
MEMBER-04313,Teresa Brown,teresa.brown@yahoo.com,4419225011,BASIC,Frozen,2026-05-22,-29.99
MEMBER-04314,Kathy Rivera,kathy.rivera@hotmail.com,(567)203-9097,Premium,Active,2025-09-01,59.99
MEMBER-04315,Christina Davis,christina.davis@hotmail.com,671.391.0451,VIP,Active,2025-04-12,99.99
MEMBER-04316,Patrick Medina,patrick.medina@gmail.com,356.410.9583x4835,VIP,Active,2025-09-24,99.99
MEMBER-04317,Matthew Perez,matthew.perez@yahoo.com,001-724-279-9052x3347,Premium,Cancelled,2026-06-13,99.99
MEMBER-04318,Kim Cervantes,kim.cervantes@gmail.com,383.356.3640x5858,Basic,Active,2025-11-23,59.99
MEMBER-04319,Nathan Cole,nathan.cole@gmail.com,307.275.7662x7106,,Frozen,2025-05-05,99.99
MEMBER-04320,Gerald Juarez,gerald.juarez@gmail.com,3737538682,,Cancelled,2026-01-22,-29.99
MEMBER-04321,Maria Owens,maria.owens@gmail.com,7785616900,,Active,2025-04-16,59.99
MEMBER-04322,Jennifer Murphy,jennifer.murphy@gmail.com,001-474-881-4443x9446,Basic,Active,2025-08-01,-29.99
MEMBER-04323,Greg Wise,greg.wise@hotmail.com,(319)781-3833x494,VIP,Cancelled,2026-09-07,99.99
MEMBER-04324,Matthew White,matthew.white@hotmail.com,+1-827-377-7135x899,,Frozen,2026-09-08,-29.99
MEMBER-04325,Lisa Johnson,lisa.johnson@gmail.com,911.937.8718,Premium,Active,2026-02-25,29.99
MEMBER-04326,Jeanette Davidson,jeanette.davidson@hotmail.com,(793)609-0772,VIP,Active,2024-11-02,99.99
MEMBER-04327,Lisa Williams,lisa.williams@hotmail.com,8622509466,Premium,Active,2025-06-12,29.99
MEMBER-04328,Nicole Grimes,nicole.grimes@yahoo.com,690.225.5288x97378,Premium,Cancelled,2025-09-04,99.99
MEMBER-04329,Donna Baker,donna.baker@gmail.com,001-402-541-6177,Basic,Active,2025-10-18,59.99
MEMBER-04330,Ashley Alexander,ashley.alexander@gmail.com,4907533019,Premium,Cancelled,2024-12-31,59.99
MEMBER-04331,Melanie Rose,melanie.rose@yahoo.com,670-648-5502x3137,BASIC,Cancelled,2026-07-09,59.99
MEMBER-04332,Tracy Wyatt,tracy.wyatt@yahoo.com,(503)471-5007x488,Basic,Frozen,2025-08-30,59.99
MEMBER-04333,Amanda Serrano,amanda.serrano@gmail.com,(902)815-2620,Basic,Active,2026-03-12,-29.99
MEMBER-04334,Thomas Diaz,thomas.diaz@yahoo.com,571-886-9725x00697,BASIC,Cancelled,2025-06-19,-29.99
MEMBER-04335,Sharon Robertson,sharon.robertson@hotmail.com,+1-994-592-3151x1081,Premium,Active,2024-11-25,-29.99
MEMBER-04336,Wendy Rivera,wendy.rivera@yahoo.com,890-793-6617,VIP,Frozen,2025-10-24,99.99
MEMBER-04337,Tiffany Miller,tiffany.miller@hotmail.com,776.706.1712,BASIC,Frozen,2026-03-15,99.99
MEMBER-04338,Brian Hayes,brian.hayes@hotmail.com,593-691-7826x408,Premium,Frozen,2026-09-19,99.99
MEMBER-04339,Doris Parker,doris.parker@yahoo.com,2289855991,Basic,Cancelled,2025-09-12,99.99
MEMBER-04340,Daniel Edwards,daniel.edwards@yahoo.com,(435)279-0381x8683,Premium,Cancelled,2024-10-03,29.99
MEMBER-04341,Taylor Cross,taylor.cross@hotmail.com,001-465-943-7011x2699,,Active,2026-02-11,99.99
MEMBER-04342,Derek Baker,derek.baker@yahoo.com,(819)434-8776x01310,Basic,Cancelled,2025-04-16,99.99
MEMBER-04343,Michael Miller,michael.miller@gmail.com,671-882-6522x71068,,Cancelled,2025-08-20,-29.99
MEMBER-04344,Meagan Wilkerson,meagan.wilkerson@yahoo.com,(958)540-4291x03749,VIP,Active,2025-08-21,-29.99
MEMBER-04345,Kevin Perry,kevin.perry@gmail.com,(312)749-8764,,Active,2025-06-26,-29.99
MEMBER-04346,Thomas Camacho,thomas.camacho@hotmail.com,+1-421-431-9139x68390,,Active,2025-12-17,29.99
MEMBER-04347,Shannon Tucker,shannon.tucker@gmail.com,(507)811-3503,Premium,Active,2025-08-12,-29.99
MEMBER-04348,April Hodge,april.hodge@yahoo.com,+1-949-527-8367x744,,Active,2025-02-04,99.99
MEMBER-04349,Susan Rivera,susan.rivera@gmail.com,001-455-949-6847,BASIC,Cancelled,2026-03-13,29.99
MEMBER-04350,Richard Green,richard.green@hotmail.com,(681)677-1716,VIP,Active,2025-05-24,99.99
MEMBER-04351,Jacob Dougherty,jacob.dougherty@gmail.com,001-463-724-7004,,Frozen,2025-06-03,29.99
MEMBER-04352,Sheila Cummings,sheila.cummings@yahoo.com,812.400.7316x8080,,Active,2025-04-23,-29.99
MEMBER-04353,Donald Montgomery,donald.montgomery@hotmail.com,376.975.3299x9839,Premium,Active,2026-03-24,59.99
MEMBER-04354,Tina Lawson,tina.lawson@gmail.com,(388)341-9482x464,BASIC,Frozen,2026-07-31,99.99
MEMBER-04355,Allison Smith,allison.smith@gmail.com,001-946-570-0616x9384,VIP,Cancelled,2025-10-28,-29.99
MEMBER-04356,Charles Hodges,charles.hodges@yahoo.com,470.472.1850,Premium,Frozen,2025-07-28,29.99
MEMBER-04357,Calvin Wright,calvin.wright@gmail.com,246-249-8590x17524,,Active,2024-11-21,99.99
MEMBER-04358,Shawn Cox,shawn.cox@yahoo.com,001-935-978-1412,,Active,2024-10-14,29.99
MEMBER-04359,Charles Norton,charles.norton@yahoo.com,438.379.2839,,Active,2026-09-01,-29.99
MEMBER-04360,Eric Allen,eric.allen@hotmail.com,518-474-0074,Premium,Cancelled,2025-07-23,59.99
MEMBER-04361,Franklin Barrera,franklin.barrera@hotmail.com,632-637-6035x672,,Cancelled,2026-08-30,59.99
MEMBER-04362,Dustin Fuentes,dustin.fuentes@gmail.com,(526)647-2833,Basic,Active,2026-04-28,29.99
MEMBER-04363,Joel Chen,joel.chen@gmail.com,001-632-322-7561x75834,VIP,Active,2026-06-24,29.99
MEMBER-04364,Stephen Johnson,stephen.johnson@hotmail.com,001-818-519-2424x129,BASIC,Active,2025-06-29,-29.99
MEMBER-04365,Lisa Vasquez,lisa.vasquez@gmail.com,(988)632-0939,BASIC,Active,2026-01-18,59.99
MEMBER-04366,Amy Roth,amy.roth@hotmail.com,(693)767-7851,VIP,Cancelled,2025-06-19,29.99
MEMBER-04367,Joseph Moss,joseph.moss@yahoo.com,544-529-7372x6832,VIP,Frozen,2026-06-10,59.99
MEMBER-04368,Jon Lewis,jon.lewis@yahoo.com,+1-855-773-7851x39311,BASIC,Frozen,2025-03-12,-29.99
MEMBER-04369,Daniel Heath,daniel.heath@yahoo.com,956-396-7570x571,Basic,Cancelled,2025-07-03,99.99
MEMBER-04370,Christy Miller,christy.miller@hotmail.com,233.335.6255,BASIC,Cancelled,2025-03-04,59.99
MEMBER-04371,Matthew Arnold,matthew.arnold@gmail.com,001-303-941-1373x20220,VIP,Active,2025-03-22,99.99
MEMBER-04372,Tamara Fernandez,tamara.fernandez@gmail.com,(560)268-6866,BASIC,Active,2026-05-01,99.99
MEMBER-04373,Timothy Weber,timothy.weber@yahoo.com,488-763-9987x5681,Basic,Active,2025-12-15,29.99
MEMBER-04374,Kimberly Miller,kimberly.miller@gmail.com,(298)549-3835,VIP,Active,2025-01-17,59.99
MEMBER-04375,Sarah Wood,sarah.wood@gmail.com,+1-869-748-6320x130,Basic,Active,2026-05-25,29.99
MEMBER-04376,James Jackson,james.jackson@hotmail.com,001-369-811-8664x115,VIP,Active,2025-05-11,99.99
MEMBER-04377,Maria Rowe,maria.rowe@yahoo.com,(259)223-9659x78269,Basic,Frozen,2025-11-09,29.99
MEMBER-04378,Alexis Campbell,alexis.campbell@gmail.com,622.560.0888,Premium,Cancelled,2026-09-04,-29.99
MEMBER-04379,Anna Harris,anna.harris@yahoo.com,+1-373-410-5388x893,Premium,Cancelled,2026-01-23,99.99
MEMBER-04380,Jade Collins,jade.collins@hotmail.com,928-423-6160x109,Basic,Cancelled,2026-04-28,99.99
MEMBER-04381,Vanessa Hansen,vanessa.hansen@hotmail.com,382.212.1015,,Cancelled,2026-09-06,-29.99
MEMBER-04382,Robert Williams,robert.williams@hotmail.com,+1-978-849-7042x097,Premium,Cancelled,2026-07-13,-29.99
MEMBER-04383,Regina Lambert,regina.lambert@gmail.com,600-494-5319,Basic,Active,2025-01-08,29.99
MEMBER-04384,Robin Reyes,robin.reyes@hotmail.com,927.814.7250,VIP,Frozen,2026-06-18,29.99
MEMBER-04385,Elijah Perez,elijah.perez@gmail.com,001-575-809-4448x31749,VIP,Cancelled,2024-10-03,59.99
MEMBER-04386,Lauren Jones,lauren.jones@gmail.com,(687)563-0737x22575,Basic,Active,2025-08-04,59.99
MEMBER-04387,Jason Wilson,jason.wilson@gmail.com,738-998-8102,,Cancelled,2025-12-01,99.99
MEMBER-04388,April Thompson,april.thompson@hotmail.com,435.586.2342,BASIC,Active,2026-06-28,-29.99
MEMBER-04389,Kelly Juarez,kelly.juarez@gmail.com,(941)901-4423x05665,Basic,Active,2025-08-19,99.99
MEMBER-04390,Alexander Hubbard,alexander.hubbard@gmail.com,+1-525-517-4342x1084,Premium,Frozen,2026-03-22,59.99
MEMBER-04391,Susan Johnson,susan.johnson@hotmail.com,469-864-6680,Premium,Active,2026-02-24,59.99
MEMBER-04392,Michelle Peters,michelle.peters@yahoo.com,001-785-911-7661x2476,BASIC,Active,2025-07-16,99.99
MEMBER-04393,Ronald Glover,ronald.glover@hotmail.com,(965)690-2827,Basic,Active,2025-08-10,29.99
MEMBER-04394,Christina Goodwin,christina.goodwin@hotmail.com,+1-625-945-7634,,Active,2026-02-26,99.99
MEMBER-04395,Angela Jackson,angela.jackson@gmail.com,337-568-3528,,Active,2025-10-07,59.99
MEMBER-04396,David Baker,david.baker@gmail.com,965-935-2170x5726,VIP,Frozen,2025-12-14,59.99
MEMBER-04397,Andrea Clay,andrea.clay@gmail.com,(903)204-3307,BASIC,Cancelled,2026-04-10,99.99
MEMBER-04398,Anthony Davis,anthony.davis@gmail.com,(732)238-8409x955,BASIC,Active,2026-09-17,-29.99
MEMBER-04399,Laurie Bass,laurie.bass@yahoo.com,781-606-3198,BASIC,Active,2025-04-28,-29.99
MEMBER-04400,Julie Brown,julie.brown@yahoo.com,364.462.9065x165,Basic,Active,2025-08-03,29.99
MEMBER-04401,Luis Oneill,luis.oneill@yahoo.com,470.542.1415,VIP,Active,2025-12-01,-29.99
MEMBER-04402,Shannon Dunlap,shannon.dunlap@hotmail.com,700.909.8545x0693,VIP,Active,2025-08-01,99.99
MEMBER-04403,John Clark,john.clark@hotmail.com,823-454-3360,Basic,Active,2024-09-30,59.99
MEMBER-04404,Jamie Rowland,jamie.rowland@gmail.com,(807)207-3736,Basic,Frozen,2025-04-01,59.99
MEMBER-04405,Christopher Davenport,christopher.davenport@hotmail.com,760.579.0466x005,VIP,Active,2026-04-23,29.99
MEMBER-04406,Calvin Riley,calvin.riley@hotmail.com,244.499.1615,Basic,Frozen,2026-06-01,-29.99
MEMBER-04407,Anita Lynch,anita.lynch@hotmail.com,(362)625-5574,Premium,Frozen,2026-04-07,29.99
MEMBER-04408,Michael Schultz,michael.schultz@gmail.com,390.866.0363x40916,BASIC,Cancelled,2025-12-09,99.99
MEMBER-04409,Jeffery Sanchez,jeffery.sanchez@gmail.com,563.545.2804,Basic,Cancelled,2025-02-11,29.99
MEMBER-04410,Joy Hughes,joy.hughes@yahoo.com,858-316-4946x152,BASIC,Cancelled,2025-06-07,59.99
MEMBER-04411,Tiffany Salazar,tiffany.salazar@yahoo.com,(374)407-9491x79060,VIP,Active,2025-06-20,59.99
MEMBER-04412,Scott Brown,scott.brown@gmail.com,(398)622-4897,BASIC,Cancelled,2025-09-30,29.99
MEMBER-04413,Brett Ortiz,brett.ortiz@yahoo.com,+1-865-600-0219x797,Basic,Active,2026-06-06,59.99
MEMBER-04414,Deanna Smith,deanna.smith@yahoo.com,001-886-401-6561x246,Basic,Frozen,2025-06-11,29.99
MEMBER-04415,Robert Perkins,robert.perkins@gmail.com,(351)662-8026,Premium,Frozen,2025-02-12,59.99
MEMBER-04416,Samantha Hess,samantha.hess@hotmail.com,674-269-7851x3681,BASIC,Cancelled,2026-02-06,99.99
MEMBER-04417,Joshua Gross,joshua.gross@gmail.com,480-302-7291x71411,BASIC,Active,2025-02-13,59.99
MEMBER-04418,Chelsea Spence,chelsea.spence@yahoo.com,688.841.9362x63134,Premium,Cancelled,2024-10-17,99.99
MEMBER-04419,Steven Jones,steven.jones@hotmail.com,(495)421-9385,BASIC,Frozen,2025-02-02,59.99
MEMBER-04420,Sandra Robinson,sandra.robinson@gmail.com,523-311-5479x7049,VIP,Active,2026-06-02,29.99
MEMBER-04421,Michelle Cantu,michelle.cantu@gmail.com,(405)539-5432x8451,BASIC,Active,2025-11-16,-29.99
MEMBER-04422,Stephen Boyd,stephen.boyd@hotmail.com,631-407-4914x876,VIP,Cancelled,2025-09-04,-29.99
MEMBER-04423,Jay Wiley,jay.wiley@hotmail.com,(501)488-7069,VIP,Active,2026-05-02,-29.99
MEMBER-04424,Ashley Cervantes,ashley.cervantes@gmail.com,216-928-0168,Basic,Active,2025-04-01,59.99
MEMBER-04425,Sydney Sexton,sydney.sexton@gmail.com,001-275-807-7218,Premium,Active,2025-08-17,29.99
MEMBER-04426,Rebecca Bell,rebecca.bell@gmail.com,+1-356-955-3400x26716,Basic,Cancelled,2025-01-08,-29.99
MEMBER-04427,Lauren Wallace,lauren.wallace@gmail.com,+1-399-654-3161x18698,Basic,Cancelled,2026-05-22,99.99
MEMBER-04428,Jennifer Jackson,jennifer.jackson@gmail.com,659.829.3004x49229,Premium,Frozen,2026-06-07,-29.99
MEMBER-04429,Miranda Weber,miranda.weber@yahoo.com,+1-416-261-1857x0010,VIP,Frozen,2026-09-18,99.99
MEMBER-04430,Megan Alvarez,megan.alvarez@yahoo.com,+1-766-955-7195,,Frozen,2025-02-01,29.99
MEMBER-04431,Ashley Lee,ashley.lee@gmail.com,+1-438-765-1767x3727,Basic,Active,2026-07-07,59.99
MEMBER-04432,Bridget Klein,bridget.klein@yahoo.com,259.231.2151,Basic,Active,2026-01-09,59.99
MEMBER-04433,Carmen Munoz,carmen.munoz@gmail.com,+1-598-724-8613x110,Premium,Active,2026-09-01,-29.99
MEMBER-04434,April Gibson,april.gibson@hotmail.com,509-912-0459,BASIC,Active,2026-01-11,29.99
MEMBER-04435,Michael Barr,michael.barr@yahoo.com,384.853.5468,Premium,Active,2025-07-21,-29.99
MEMBER-04436,Gilbert Lee,gilbert.lee@hotmail.com,+1-700-337-3637x57081,Premium,Active,2026-03-19,29.99
MEMBER-04437,Amanda Cantrell,amanda.cantrell@gmail.com,001-877-683-3682x6144,Premium,Active,2026-08-27,99.99
MEMBER-04438,Kimberly Kelly,kimberly.kelly@yahoo.com,653.410.0266x897,BASIC,Cancelled,2025-09-29,-29.99
MEMBER-04439,Luis Donovan,luis.donovan@yahoo.com,691.625.5291x65397,,Active,2025-09-11,59.99
MEMBER-04440,John Jones,john.jones@hotmail.com,586-468-4927x25452,Premium,Frozen,2025-04-27,29.99
MEMBER-04441,Anthony Nash,anthony.nash@gmail.com,9893122943,,Active,2026-04-29,59.99
MEMBER-04442,Victoria Mcgrath,victoria.mcgrath@gmail.com,2232941429,VIP,Frozen,2026-08-08,59.99
MEMBER-04443,Ashley Williams,ashley.williams@yahoo.com,349.219.2832x4951,VIP,Active,2025-12-28,59.99
MEMBER-04444,Jennifer Tanner,jennifer.tanner@hotmail.com,902.949.1169x934,Basic,Active,2025-09-20,-29.99
MEMBER-04445,Robert Franklin,robert.franklin@yahoo.com,367-493-0721x782,Premium,Frozen,2025-10-06,29.99
MEMBER-04446,Cassandra Johnson,cassandra.johnson@gmail.com,(584)764-2873x4576,Premium,Cancelled,2025-10-29,59.99
MEMBER-04447,Melissa Stevens,melissa.stevens@gmail.com,813-954-9258,VIP,Active,2025-04-26,29.99
MEMBER-04448,Luis Leon,luis.leon@yahoo.com,431-532-8156x1368,BASIC,Active,2026-08-09,59.99
MEMBER-04449,Joe Stanley,joe.stanley@gmail.com,+1-404-660-8467x407,,Frozen,2026-06-19,59.99
MEMBER-04450,Kimberly Spears,kimberly.spears@gmail.com,001-318-779-9971x79084,Premium,Frozen,2026-09-20,29.99
MEMBER-04451,Holly Moore,holly.moore@yahoo.com,001-511-452-7507x361,Basic,Active,2024-10-23,-29.99
MEMBER-04452,Kevin Mcbride,kevin.mcbride@yahoo.com,922.336.2819,,Active,2026-06-09,59.99
MEMBER-04453,Dan Miller,dan.miller@gmail.com,936.361.9671x9796,VIP,Frozen,2025-07-18,29.99
MEMBER-04454,Glen James,glen.james@gmail.com,001-441-368-2659x70073,Premium,Active,2026-06-16,59.99
MEMBER-04455,Devin Jones,devin.jones@hotmail.com,(415)919-7096,Basic,Active,2025-03-15,29.99
MEMBER-04456,Daniel Patterson,daniel.patterson@gmail.com,999-628-4267x861,,Active,2024-10-03,-29.99
MEMBER-04457,Mario Weaver,mario.weaver@hotmail.com,520-961-2687,,Active,2024-10-05,59.99
MEMBER-04458,Daniel Adams,daniel.adams@hotmail.com,577.515.8927x81259,Basic,Active,2026-04-06,29.99
MEMBER-04459,Tonya Cohen,tonya.cohen@gmail.com,001-379-736-8642,BASIC,Active,2024-11-17,99.99
MEMBER-04460,Christopher Chandler,christopher.chandler@hotmail.com,(510)591-2827x7565,,Active,2025-10-12,-29.99
MEMBER-04461,Ronald Sims,ronald.sims@yahoo.com,526.242.6677,Premium,Active,2024-12-02,99.99
MEMBER-04462,Jose Anderson,jose.anderson@gmail.com,827-694-3407x16276,VIP,Active,2025-10-04,-29.99
MEMBER-04463,Allison Atkins,allison.atkins@yahoo.com,460.956.4131x06660,Premium,Active,2025-01-15,99.99
MEMBER-04464,Christina Cook,christina.cook@gmail.com,001-356-209-9014x8068,Premium,Cancelled,2026-08-13,99.99
MEMBER-04465,Roy Morgan,roy.morgan@hotmail.com,001-750-636-3262x3750,Premium,Active,2025-03-07,99.99
MEMBER-04466,Eric Lopez,eric.lopez@yahoo.com,8275846240,Premium,Frozen,2025-09-12,29.99
MEMBER-04467,Lisa Larson,lisa.larson@yahoo.com,001-858-670-2307x105,BASIC,Frozen,2024-10-28,59.99
MEMBER-04468,Joyce Gutierrez,joyce.gutierrez@yahoo.com,258-967-9524,Basic,Active,2026-03-25,-29.99
MEMBER-04469,Joshua Garcia,joshua.garcia@hotmail.com,+1-450-375-7644x9639,,Cancelled,2025-05-20,-29.99
MEMBER-04470,Angela Wilson,angela.wilson@yahoo.com,824-204-3654x5191,Premium,Frozen,2024-11-04,59.99
MEMBER-04471,Danielle Erickson,danielle.erickson@gmail.com,(956)379-9266x24341,BASIC,Active,2026-07-17,-29.99
MEMBER-04472,Kevin Byrd,kevin.byrd@gmail.com,+1-496-358-6146,BASIC,Active,2026-03-17,-29.99
MEMBER-04473,Chase Aguilar,chase.aguilar@hotmail.com,(287)657-4122x8767,BASIC,Active,2025-04-21,99.99
MEMBER-04474,Kyle Wells,kyle.wells@gmail.com,+1-269-241-3904,VIP,Frozen,2025-10-25,-29.99
MEMBER-04475,Ruth Taylor,ruth.taylor@hotmail.com,335.457.1427x09319,Premium,Cancelled,2026-09-18,59.99
MEMBER-04476,Janet Hernandez,janet.hernandez@hotmail.com,001-853-853-2412,Premium,Cancelled,2025-08-05,59.99
MEMBER-04477,Heidi Blanchard,heidi.blanchard@gmail.com,(385)366-0902x88541,,Frozen,2026-04-04,-29.99
MEMBER-04478,David Anderson,david.anderson@gmail.com,(602)361-5542x771,,Active,2026-08-20,99.99
MEMBER-04479,Brett Lowery,brett.lowery@gmail.com,487.864.6880x90495,VIP,Cancelled,2024-10-17,-29.99
MEMBER-04480,Matthew Mcdowell,matthew.mcdowell@hotmail.com,001-485-446-4137x2811,Premium,Active,2025-03-07,29.99
MEMBER-04481,Chris Baker,chris.baker@hotmail.com,(936)768-0295x5485,,Active,2026-06-26,99.99
MEMBER-04482,Lindsey Lopez,lindsey.lopez@yahoo.com,(270)305-6284x432,,Active,2026-03-28,29.99
MEMBER-04483,Christopher Williams,christopher.williams@hotmail.com,(229)539-5613x61510,Premium,Cancelled,2025-10-16,99.99
MEMBER-04484,Jonathan Walters,jonathan.walters@hotmail.com,+1-721-920-9698x60077,,Cancelled,2026-09-14,-29.99
MEMBER-04485,Christopher Cox,christopher.cox@yahoo.com,(923)794-7646x9145,,Active,2026-01-20,59.99
MEMBER-04486,Maria Berg,maria.berg@hotmail.com,001-709-851-9809x5990,BASIC,Active,2024-10-09,59.99
MEMBER-04487,Melissa Underwood,melissa.underwood@yahoo.com,(525)510-3153x0870,BASIC,Cancelled,2024-09-26,99.99
MEMBER-04488,Melanie Martin,melanie.martin@yahoo.com,276.396.8870x6410,,Cancelled,2024-10-01,-29.99
MEMBER-04489,Terry Moore,terry.moore@hotmail.com,+1-267-522-4855x157,,Cancelled,2025-04-14,59.99
MEMBER-04490,James Campbell,james.campbell@hotmail.com,771-500-3570,BASIC,Frozen,2026-02-14,-29.99
MEMBER-04491,Jeffrey Fitzpatrick,jeffrey.fitzpatrick@yahoo.com,001-543-874-7506,Premium,Cancelled,2026-08-25,-29.99
MEMBER-04492,Angelica Rogers,angelica.rogers@hotmail.com,+1-428-763-6934x115,VIP,Active,2025-08-17,29.99
MEMBER-04493,Joseph Garcia,joseph.garcia@yahoo.com,(806)743-3054x069,Basic,Active,2024-12-12,29.99
MEMBER-04494,Joshua Taylor,joshua.taylor@hotmail.com,(272)456-3930,Basic,Active,2026-08-19,99.99
MEMBER-04495,Evelyn Ramirez,evelyn.ramirez@gmail.com,577-315-5367,Basic,Frozen,2026-03-29,99.99
MEMBER-04496,Timothy Carter,timothy.carter@gmail.com,515-821-9269,Premium,Cancelled,2024-10-01,59.99
MEMBER-04497,Becky Simpson,becky.simpson@yahoo.com,599.855.1310,VIP,Active,2026-05-16,99.99
MEMBER-04498,Amber Mays,amber.mays@yahoo.com,759.841.2307,,Frozen,2026-05-08,-29.99
MEMBER-04499,Shannon Edwards,shannon.edwards@yahoo.com,001-370-896-4225x6385,BASIC,Frozen,2024-10-18,59.99
MEMBER-04500,Stephanie Rodriguez,stephanie.rodriguez@gmail.com,001-491-944-2381x45403,VIP,Frozen,2026-04-04,29.99
MEMBER-04501,Joseph Cooper,joseph.cooper@yahoo.com,222-955-9227x192,,Cancelled,2025-05-19,59.99
MEMBER-04502,Joshua Lambert,joshua.lambert@yahoo.com,+1-386-429-7832x84538,Premium,Active,2026-05-12,29.99
MEMBER-04503,Ashley Martinez,ashley.martinez@hotmail.com,(360)940-0989x36870,,Active,2025-01-16,59.99
MEMBER-04504,Charles Richardson,charles.richardson@gmail.com,+1-647-544-0005,,Active,2026-02-06,99.99
MEMBER-04505,Christopher Sosa,christopher.sosa@gmail.com,(426)649-2327,Premium,Active,2026-01-31,59.99
MEMBER-04506,Kyle Parks,kyle.parks@hotmail.com,(703)489-3476x499,BASIC,Active,2026-03-31,29.99
MEMBER-04507,Rachel Hernandez,rachel.hernandez@yahoo.com,877.642.2671,Premium,Active,2025-11-25,-29.99
MEMBER-04508,Jonathan Wolf,jonathan.wolf@gmail.com,754-762-6055x3855,BASIC,Active,2025-12-13,59.99
MEMBER-04509,Brittany Gross,brittany.gross@hotmail.com,590.334.7744x99585,Basic,Frozen,2024-12-31,-29.99
MEMBER-04510,Karen Robles,karen.robles@gmail.com,308.932.1216,,Cancelled,2025-08-17,-29.99
MEMBER-04511,Donald Dougherty,donald.dougherty@hotmail.com,731.402.9833x126,Basic,Active,2026-02-15,99.99
MEMBER-04512,Vincent Smith,vincent.smith@gmail.com,649.288.8710x548,VIP,Active,2025-04-26,99.99
MEMBER-04513,Krista Brennan,krista.brennan@hotmail.com,7085666581,Basic,Cancelled,2026-01-22,59.99
MEMBER-04514,John Bird,john.bird@gmail.com,(733)693-6469,,Frozen,2025-12-10,-29.99
MEMBER-04515,Erin Jordan,erin.jordan@yahoo.com,001-592-405-4888x507,Premium,Active,2025-07-09,59.99
MEMBER-04516,Steven Miller,steven.miller@gmail.com,+1-890-877-2692x52320,VIP,Frozen,2025-01-17,29.99
MEMBER-04517,Shannon Stafford,shannon.stafford@gmail.com,407-401-2008x40758,VIP,Active,2025-01-17,29.99
MEMBER-04518,Timothy Shelton,timothy.shelton@hotmail.com,299-731-7858x78734,,Active,2025-03-25,59.99
MEMBER-04519,Amber Lozano,amber.lozano@hotmail.com,(277)503-7379x6728,VIP,Frozen,2025-08-09,59.99
MEMBER-04520,Scott Martinez,scott.martinez@hotmail.com,001-794-965-0123,,Frozen,2025-11-08,29.99
MEMBER-04521,Dustin Thompson,dustin.thompson@hotmail.com,+1-449-770-8340x626,BASIC,Frozen,2026-03-05,59.99
MEMBER-04522,Jesse Edwards,jesse.edwards@gmail.com,587-877-4599x418,Basic,Cancelled,2025-10-31,99.99
MEMBER-04523,Katherine Smith,katherine.smith@hotmail.com,980.793.2079x64481,VIP,Active,2026-06-30,-29.99
MEMBER-04524,Michael Anderson,michael.anderson@yahoo.com,001-239-912-5525x003,VIP,Active,2026-09-12,99.99
MEMBER-04525,James Quinn,james.quinn@yahoo.com,3277870332,BASIC,Active,2026-08-06,99.99
MEMBER-04526,Samantha Mejia,samantha.mejia@hotmail.com,(830)239-2858x6743,,Active,2025-05-10,59.99
MEMBER-04527,William Harvey,william.harvey@hotmail.com,836.228.1750,,Active,2026-03-14,29.99
MEMBER-04528,Brittany Klein,brittany.klein@yahoo.com,588-380-6951,VIP,Active,2025-12-24,59.99
MEMBER-04529,David Hammond,david.hammond@gmail.com,001-867-530-7468,BASIC,Active,2025-11-18,-29.99
MEMBER-04530,Theresa Phillips,theresa.phillips@gmail.com,3789127794,Basic,Frozen,2025-08-21,-29.99
MEMBER-04531,Mark Dillon,mark.dillon@hotmail.com,+1-388-623-9162x704,VIP,Frozen,2026-02-05,-29.99
MEMBER-04532,David Michael,david.michael@yahoo.com,(523)933-8316x72900,BASIC,Frozen,2025-01-13,59.99
MEMBER-04533,Samantha Frazier,samantha.frazier@hotmail.com,709.441.9513x0745,VIP,Frozen,2026-09-24,59.99
MEMBER-04534,Carol Walters,carol.walters@gmail.com,(892)505-7083x922,BASIC,Frozen,2026-06-07,99.99
MEMBER-04535,Jessica Bentley,jessica.bentley@gmail.com,6788371642,Basic,Active,2024-12-13,29.99
MEMBER-04536,Dwayne Sloan,dwayne.sloan@hotmail.com,498.712.3316x0308,VIP,Active,2025-08-04,29.99
MEMBER-04537,John Lowe,john.lowe@gmail.com,802-315-3080x4027,Premium,Active,2025-09-23,59.99
MEMBER-04538,Patricia Gardner,patricia.gardner@gmail.com,(689)433-2345,Basic,Cancelled,2026-02-21,99.99
MEMBER-04539,Dustin Quinn,dustin.quinn@hotmail.com,+1-817-778-1621x42765,Basic,Cancelled,2025-09-01,59.99
MEMBER-04540,Marie Woods,marie.woods@gmail.com,641-463-5021,Basic,Active,2024-11-29,29.99
MEMBER-04541,Rebecca Bennett,rebecca.bennett@gmail.com,441-206-4558,Basic,Frozen,2024-10-15,29.99
MEMBER-04542,Felicia Scott,felicia.scott@gmail.com,001-524-945-1619x465,Premium,Active,2024-09-27,99.99
MEMBER-04543,Colleen Robinson,colleen.robinson@hotmail.com,+1-779-583-2323x67709,Basic,Active,2026-07-31,29.99
MEMBER-04544,Kenneth Thomas,kenneth.thomas@hotmail.com,001-717-401-3588x12155,Premium,Cancelled,2025-04-19,29.99
MEMBER-04545,Angie Montgomery,angie.montgomery@gmail.com,001-387-413-0161x88041,Premium,Active,2026-08-16,29.99
MEMBER-04546,Michelle Guerrero,michelle.guerrero@yahoo.com,809-906-1029,Basic,Active,2025-04-21,59.99
MEMBER-04547,Shelby Dalton,shelby.dalton@hotmail.com,678.503.4931x6393,Premium,Active,2025-07-07,29.99
MEMBER-04548,Michael Collins,michael.collins@gmail.com,+1-757-747-1771,BASIC,Frozen,2025-08-10,59.99
MEMBER-04549,Kelly Johnston,kelly.johnston@yahoo.com,732-824-6963x181,BASIC,Cancelled,2024-09-27,-29.99
MEMBER-04550,Brenda Gonzalez,brenda.gonzalez@hotmail.com,+1-426-634-3092x6204,,Cancelled,2024-10-11,-29.99
MEMBER-04551,Daniel Lozano,daniel.lozano@gmail.com,973-581-0189,VIP,Active,2026-04-25,-29.99
MEMBER-04552,Jamie Garrett,jamie.garrett@yahoo.com,215.525.8999x6739,Premium,Active,2024-12-15,29.99
MEMBER-04553,Kari Carroll,kari.carroll@gmail.com,218.785.8407x34319,Premium,Cancelled,2026-01-26,99.99
MEMBER-04554,Shane Lewis,shane.lewis@yahoo.com,+1-486-475-8970x154,Premium,Cancelled,2026-02-21,29.99
MEMBER-04555,Courtney Williams,courtney.williams@hotmail.com,(257)872-0053x688,Basic,Cancelled,2025-04-26,59.99
MEMBER-04556,Jeffrey Gentry,jeffrey.gentry@gmail.com,+1-320-418-7767,VIP,Cancelled,2026-08-06,59.99
MEMBER-04557,Kristen Adams,kristen.adams@hotmail.com,511-853-0912x707,BASIC,Frozen,2025-08-02,-29.99
MEMBER-04558,Gregory Kaufman,gregory.kaufman@yahoo.com,+1-727-224-4709x9674,,Frozen,2025-09-13,59.99
MEMBER-04559,Calvin Thomas,calvin.thomas@hotmail.com,(952)865-5575,BASIC,Frozen,2026-08-18,99.99
MEMBER-04560,Elizabeth Martinez,elizabeth.martinez@gmail.com,6052655530,Premium,Active,2025-10-05,99.99
MEMBER-04561,Lauren Ramirez,lauren.ramirez@hotmail.com,+1-738-472-7075x933,VIP,Cancelled,2025-05-06,29.99
MEMBER-04562,Gary Hansen,gary.hansen@yahoo.com,+1-323-228-9017,Basic,Active,2025-07-30,-29.99
MEMBER-04563,James Warren,james.warren@gmail.com,001-518-668-9383x954,VIP,Active,2026-01-26,-29.99
MEMBER-04564,Mathew Barton,mathew.barton@hotmail.com,001-912-284-0384x058,Basic,Active,2025-04-09,29.99
MEMBER-04565,Misty Moss,misty.moss@gmail.com,001-731-387-3233,Basic,Frozen,2025-12-10,99.99
MEMBER-04566,Sabrina Williams,sabrina.williams@yahoo.com,(533)544-0593,,Active,2025-02-25,99.99
MEMBER-04567,Jason Frazier,jason.frazier@yahoo.com,735.380.5829,VIP,Active,2025-05-03,99.99
MEMBER-04568,Stephanie Herrera,stephanie.herrera@yahoo.com,+1-951-555-6746x422,BASIC,Frozen,2024-11-05,-29.99
MEMBER-04569,Benjamin Allen,benjamin.allen@yahoo.com,304.487.0428x048,VIP,Active,2026-01-20,99.99
MEMBER-04570,Kelly Soto,kelly.soto@yahoo.com,(533)277-9938x04701,,Cancelled,2025-02-27,59.99
MEMBER-04571,Veronica Jordan,veronica.jordan@gmail.com,991-591-7997x057,,Cancelled,2024-12-12,29.99
MEMBER-04572,Andrew Williams,andrew.williams@gmail.com,213.562.2557x8419,VIP,Active,2025-01-19,-29.99
MEMBER-04573,David Jones,david.jones@gmail.com,001-688-369-1866x070,BASIC,Frozen,2026-03-16,-29.99
MEMBER-04574,Karen Morris,karen.morris@yahoo.com,(541)868-5845,BASIC,Active,2025-12-10,-29.99
MEMBER-04575,Tammy Levine,tammy.levine@gmail.com,+1-505-234-0534x7492,Premium,Cancelled,2026-03-13,-29.99
MEMBER-04576,Amber Mack,amber.mack@yahoo.com,001-499-834-5651x3907,BASIC,Active,2025-09-14,59.99
MEMBER-04577,Maria Castaneda,maria.castaneda@yahoo.com,339.962.5999,VIP,Active,2026-08-03,59.99
MEMBER-04578,Andrea Johnson,andrea.johnson@hotmail.com,(471)452-2737,BASIC,Frozen,2026-09-03,29.99
MEMBER-04579,Robert Valenzuela,robert.valenzuela@hotmail.com,(317)216-8138x35817,BASIC,Cancelled,2026-05-23,59.99
MEMBER-04580,Michael Evans,michael.evans@yahoo.com,3353783542,,Cancelled,2026-09-22,59.99
MEMBER-04581,Janet Gonzalez,janet.gonzalez@hotmail.com,001-957-696-1444x00579,Basic,Active,2025-03-16,-29.99
MEMBER-04582,Christopher Peterson,christopher.peterson@gmail.com,591.210.7465x5065,BASIC,Cancelled,2025-02-12,99.99
MEMBER-04583,Destiny Delacruz,destiny.delacruz@gmail.com,(686)952-3204x20422,VIP,Cancelled,2026-08-26,29.99
MEMBER-04584,Mallory Green,mallory.green@hotmail.com,585-401-3672x4508,BASIC,Active,2026-04-09,59.99
MEMBER-04585,Brian Johnson,brian.johnson@yahoo.com,001-887-652-1932x6944,VIP,Frozen,2025-03-15,59.99
MEMBER-04586,Corey Martinez,corey.martinez@gmail.com,001-820-497-6583x5717,Premium,Active,2024-10-05,-29.99
MEMBER-04587,Abigail Wheeler,abigail.wheeler@yahoo.com,001-697-293-4832,BASIC,Active,2025-10-13,59.99
MEMBER-04588,Joseph Morales,joseph.morales@hotmail.com,6179501775,BASIC,Active,2026-07-15,99.99
MEMBER-04589,Michael Robinson,michael.robinson@gmail.com,(381)457-3664x09680,Basic,Active,2024-10-16,99.99
MEMBER-04590,Andrew Knight,andrew.knight@hotmail.com,+1-219-770-4765x9544,BASIC,Frozen,2026-08-13,59.99
MEMBER-04591,Alex Lang,alex.lang@gmail.com,693-404-1808,Premium,Active,2025-12-25,59.99
MEMBER-04592,Kayla Smith,kayla.smith@hotmail.com,762-808-7384x3221,BASIC,Active,2025-03-24,29.99
MEMBER-04593,Kristina Phillips,kristina.phillips@gmail.com,+1-976-682-5238x154,VIP,Cancelled,2026-09-06,99.99
MEMBER-04594,Jason Jackson,jason.jackson@hotmail.com,+1-895-757-5538x350,VIP,Active,2026-03-19,29.99
MEMBER-04595,Sarah Jones,sarah.jones@hotmail.com,4742432979,,Cancelled,2025-02-17,99.99
MEMBER-04596,Patricia Maddox,patricia.maddox@gmail.com,923-270-3228,VIP,Frozen,2026-03-06,59.99
MEMBER-04597,Henry Leonard,henry.leonard@yahoo.com,6053206108,VIP,Active,2026-08-09,29.99
MEMBER-04598,Andrew Lara,andrew.lara@hotmail.com,+1-877-675-3238x63773,Basic,Active,2025-01-16,99.99
MEMBER-04599,Darren Payne,darren.payne@hotmail.com,+1-572-228-0436x91742,BASIC,Cancelled,2026-05-08,59.99
MEMBER-04600,Stephanie Nichols,stephanie.nichols@hotmail.com,691-780-9817,VIP,Cancelled,2025-06-08,99.99
MEMBER-04601,Jacqueline Reeves,jacqueline.reeves@yahoo.com,+1-837-600-4102x3362,BASIC,Frozen,2026-09-24,99.99
MEMBER-04602,Christian Myers,christian.myers@hotmail.com,(577)803-8931,,Frozen,2026-02-17,59.99
MEMBER-04603,Jonathan Smith,jonathan.smith@gmail.com,(257)316-8897x29319,Premium,Frozen,2024-10-26,59.99
MEMBER-04604,Robin Daniels,robin.daniels@yahoo.com,905-374-4870x381,,Cancelled,2025-10-06,59.99
MEMBER-04605,Lisa Webb,lisa.webb@hotmail.com,5799232853,BASIC,Active,2025-04-06,29.99
MEMBER-04606,Randy Gonzalez,randy.gonzalez@hotmail.com,776-420-7266x93185,VIP,Active,2026-03-26,-29.99
MEMBER-04607,Debra Bentley,debra.bentley@yahoo.com,(953)695-6394,Premium,Frozen,2025-02-17,29.99
MEMBER-04608,Dennis Harris,dennis.harris@yahoo.com,001-809-534-2692,,Active,2026-08-07,-29.99
MEMBER-04609,Rose Scott,rose.scott@hotmail.com,804.210.5458,,Frozen,2024-11-19,29.99
MEMBER-04610,Caitlin Walsh,caitlin.walsh@yahoo.com,(986)575-6680,BASIC,Active,2025-05-24,59.99
MEMBER-04611,Matthew Barker,matthew.barker@yahoo.com,707-217-8065,VIP,Cancelled,2025-02-06,99.99
MEMBER-04612,Ronald Alvarez,ronald.alvarez@gmail.com,914.864.2020,Basic,Active,2025-07-01,59.99
MEMBER-04613,Veronica Berry,veronica.berry@yahoo.com,001-575-881-3434x47762,Premium,Active,2026-03-28,99.99
MEMBER-04614,Heidi Cruz,heidi.cruz@hotmail.com,978.961.2045,VIP,Active,2026-05-19,59.99
MEMBER-04615,Robert Charles,robert.charles@hotmail.com,304-395-0692x519,VIP,Frozen,2025-06-22,-29.99
MEMBER-04616,Donna Patterson,donna.patterson@gmail.com,+1-827-981-3624x804,VIP,Cancelled,2025-09-25,59.99
MEMBER-04617,Samantha Robinson,samantha.robinson@gmail.com,+1-439-850-2786,,Active,2025-03-01,99.99
MEMBER-04618,Meghan Melton,meghan.melton@yahoo.com,335-603-9785,Basic,Cancelled,2026-06-23,99.99
MEMBER-04619,Chad Smith,chad.smith@gmail.com,790-467-7368,Premium,Active,2026-03-05,-29.99
MEMBER-04620,Joe Frederick,joe.frederick@hotmail.com,676-211-5584x9738,Basic,Frozen,2024-09-28,99.99
MEMBER-04621,April Jones,april.jones@gmail.com,(321)824-0766x786,Premium,Cancelled,2026-05-09,99.99
MEMBER-04622,Whitney Roberts,whitney.roberts@gmail.com,683.973.3107,Basic,Active,2025-08-02,-29.99
MEMBER-04623,Anthony Lee,anthony.lee@gmail.com,377.435.3396x4144,Basic,Frozen,2025-10-04,-29.99
MEMBER-04624,Krystal Wood,krystal.wood@hotmail.com,+1-580-727-2099,Premium,Active,2025-01-31,-29.99
MEMBER-04625,Rachel Jones,rachel.jones@gmail.com,+1-787-955-4670x047,,Cancelled,2024-10-29,-29.99
MEMBER-04626,Lori Garcia,lori.garcia@gmail.com,001-880-387-0341x1638,VIP,Active,2024-10-23,99.99
MEMBER-04627,Christopher Moreno,christopher.moreno@gmail.com,753-852-7800,BASIC,Frozen,2026-08-20,59.99
MEMBER-04628,Benjamin Patel,benjamin.patel@gmail.com,+1-641-696-2841,,Active,2025-09-01,99.99
MEMBER-04629,Juan Oliver,juan.oliver@hotmail.com,(879)723-2183x957,Premium,Cancelled,2025-02-25,99.99
MEMBER-04630,Allison Hall,allison.hall@yahoo.com,(424)919-5178x6318,Basic,Active,2025-11-02,29.99
MEMBER-04631,Norman Saunders,norman.saunders@hotmail.com,(868)279-6737x995,VIP,Active,2026-04-16,99.99
MEMBER-04632,Sherri Morris,sherri.morris@hotmail.com,+1-866-652-1634x878,Premium,Frozen,2026-07-31,-29.99
MEMBER-04633,Sandra Boyd,sandra.boyd@gmail.com,3512184264,,Active,2025-01-25,-29.99
MEMBER-04634,Dwayne Wilkerson,dwayne.wilkerson@yahoo.com,+1-535-795-7880,VIP,Active,2025-01-08,59.99
MEMBER-04635,Nicholas Thompson,nicholas.thompson@yahoo.com,882.476.0670,VIP,Active,2025-07-07,99.99
MEMBER-04636,Whitney Conrad,whitney.conrad@gmail.com,+1-879-526-1198x09560,VIP,Active,2026-04-11,29.99
MEMBER-04637,Henry Taylor,henry.taylor@gmail.com,(473)265-4019x73111,Premium,Active,2026-07-14,29.99
MEMBER-04638,Jessica Savage,jessica.savage@gmail.com,(516)431-7419,Basic,Cancelled,2026-02-20,59.99
MEMBER-04639,Shannon Walker,shannon.walker@yahoo.com,4955863546,Basic,Cancelled,2026-05-26,59.99
MEMBER-04640,Donald Norman,donald.norman@yahoo.com,(242)999-6639,Basic,Frozen,2025-04-29,99.99
MEMBER-04641,David Cruz,david.cruz@gmail.com,489.512.2800,VIP,Active,2026-02-07,-29.99
MEMBER-04642,Thomas Chen,thomas.chen@hotmail.com,001-460-593-1417x3361,VIP,Active,2025-12-27,-29.99
MEMBER-04643,Jeff Kelley,jeff.kelley@hotmail.com,001-445-549-7515,BASIC,Active,2026-05-19,-29.99
MEMBER-04644,Alyssa Peterson,alyssa.peterson@hotmail.com,225.206.7132x237,BASIC,Cancelled,2026-08-13,29.99
MEMBER-04645,John Allen,john.allen@yahoo.com,543-490-1533x9583,Premium,Active,2026-06-19,59.99
MEMBER-04646,Elizabeth Ward,elizabeth.ward@hotmail.com,5128818489,Basic,Frozen,2025-05-16,59.99
MEMBER-04647,Matthew Melton,matthew.melton@gmail.com,600.867.9913,Premium,Active,2025-12-04,29.99
MEMBER-04648,Joan James,joan.james@gmail.com,(556)612-1747x2672,Basic,Cancelled,2026-07-17,-29.99
MEMBER-04649,Benjamin Hamilton,benjamin.hamilton@hotmail.com,001-977-227-5386x689,Basic,Active,2025-09-06,59.99
MEMBER-04650,Jared Chandler,jared.chandler@hotmail.com,(418)508-9316,Premium,Cancelled,2026-04-08,59.99
MEMBER-04651,Tyrone Shah,tyrone.shah@hotmail.com,001-753-442-0566x8073,,Frozen,2025-07-30,99.99
MEMBER-04652,Shannon Ali,shannon.ali@yahoo.com,(398)205-3036,BASIC,Active,2026-06-19,29.99
MEMBER-04653,Allen Adams,allen.adams@yahoo.com,+1-905-410-0199x5009,,Frozen,2025-07-30,-29.99
MEMBER-04654,Joseph Barnes,joseph.barnes@yahoo.com,767-652-0593,Basic,Active,2024-11-25,29.99
MEMBER-04655,Mike Crawford,mike.crawford@gmail.com,797.342.4742,Basic,Cancelled,2026-01-23,29.99
MEMBER-04656,Mia Zimmerman,mia.zimmerman@hotmail.com,846.251.9846x5631,Premium,Cancelled,2026-06-04,-29.99
MEMBER-04657,James Day,james.day@hotmail.com,+1-689-348-9789,Basic,Frozen,2026-03-19,29.99
MEMBER-04658,Morgan Snyder,morgan.snyder@yahoo.com,001-535-228-8280x82314,,Frozen,2026-02-22,59.99
MEMBER-04659,Tammy Bailey,tammy.bailey@gmail.com,2299890426,BASIC,Cancelled,2025-11-22,59.99
MEMBER-04660,Glen Stewart,glen.stewart@yahoo.com,(570)399-7850x6161,,Active,2026-02-13,99.99
MEMBER-04661,Edward Martinez,edward.martinez@hotmail.com,+1-988-616-2666,VIP,Frozen,2026-05-06,-29.99
MEMBER-04662,Pam Martin,pam.martin@gmail.com,784.644.6117,Premium,Cancelled,2025-12-31,99.99
MEMBER-04663,Jessica Leblanc,jessica.leblanc@yahoo.com,717-504-9441,VIP,Cancelled,2025-07-22,99.99
MEMBER-04664,Whitney Scott,whitney.scott@gmail.com,+1-383-713-2181x67049,VIP,Active,2025-07-28,29.99
MEMBER-04665,Mary Smith,mary.smith@gmail.com,626.207.6851x6406,VIP,Active,2026-08-08,29.99
MEMBER-04666,Brett Arnold,brett.arnold@hotmail.com,001-444-351-2827x294,BASIC,Active,2024-12-20,59.99
MEMBER-04667,Megan Shepard,megan.shepard@yahoo.com,001-749-372-4832x59574,Premium,Active,2026-05-04,29.99
MEMBER-04668,Tami Robinson,tami.robinson@yahoo.com,(399)933-4582x388,BASIC,Active,2024-12-21,59.99
MEMBER-04669,Ray King,ray.king@hotmail.com,256.989.2924x768,Premium,Frozen,2025-01-09,59.99
MEMBER-04670,Mark Bates,mark.bates@yahoo.com,(313)515-4636x762,,Frozen,2026-03-12,99.99
MEMBER-04671,Ryan Smith,ryan.smith@gmail.com,+1-949-844-7272x455,BASIC,Active,2026-01-04,59.99
MEMBER-04672,Brenda Ferguson,brenda.ferguson@yahoo.com,811-294-8933x36399,,Frozen,2024-11-17,59.99
MEMBER-04673,Larry Nelson,larry.nelson@gmail.com,(899)377-1944x595,,Active,2025-04-18,99.99
MEMBER-04674,Benjamin Austin,benjamin.austin@yahoo.com,741.484.1264x053,Basic,Cancelled,2026-01-03,59.99
MEMBER-04675,Jeffrey Thompson,jeffrey.thompson@yahoo.com,(597)430-5721x8645,VIP,Cancelled,2026-02-18,-29.99
MEMBER-04676,Ryan Wilcox,ryan.wilcox@hotmail.com,474-499-3945,BASIC,Frozen,2025-09-08,-29.99
MEMBER-04677,Jenna Wheeler,jenna.wheeler@gmail.com,405.854.7006x88730,BASIC,Cancelled,2026-02-15,-29.99
MEMBER-04678,David Velasquez,david.velasquez@hotmail.com,(433)464-0976x28271,BASIC,Frozen,2026-09-14,59.99
MEMBER-04679,Katherine Strickland,katherine.strickland@gmail.com,209-968-7254,Basic,Active,2025-10-13,29.99
MEMBER-04680,Kayla King,kayla.king@hotmail.com,001-916-582-0432x8127,Basic,Active,2024-12-22,29.99
MEMBER-04681,Katelyn Campos,katelyn.campos@yahoo.com,+1-927-789-4378x87242,VIP,Active,2025-10-20,99.99
MEMBER-04682,Kimberly Nelson,kimberly.nelson@hotmail.com,(250)758-0953x1647,BASIC,Active,2026-01-13,59.99
MEMBER-04683,Phyllis Baker,phyllis.baker@hotmail.com,553.440.7328x456,Basic,Active,2025-01-11,99.99
MEMBER-04684,Megan Warren,megan.warren@hotmail.com,610.982.2819x4033,Premium,Cancelled,2025-09-16,-29.99
MEMBER-04685,Michael Little,michael.little@hotmail.com,636.778.3588,VIP,Active,2025-04-26,99.99
MEMBER-04686,Bianca Chambers,bianca.chambers@yahoo.com,681.938.2311x9676,BASIC,Active,2025-05-28,99.99
MEMBER-04687,Elizabeth Yang,elizabeth.yang@gmail.com,456.463.8828,Basic,Active,2025-09-07,99.99
MEMBER-04688,Alan Ross,alan.ross@hotmail.com,+1-797-277-7308x4298,Premium,Frozen,2025-09-10,-29.99
MEMBER-04689,Mariah Williams,mariah.williams@gmail.com,568.410.4636,Premium,Active,2026-04-26,29.99
MEMBER-04690,Andrew Mercado,andrew.mercado@yahoo.com,561-321-4912x2867,BASIC,Cancelled,2026-02-23,29.99
MEMBER-04691,Brittany Blair,brittany.blair@hotmail.com,+1-494-292-6511x8580,Basic,Active,2025-02-13,59.99
MEMBER-04692,Debra Davis,debra.davis@hotmail.com,001-621-580-9612x49201,BASIC,Frozen,2025-06-05,99.99
MEMBER-04693,Jessica Wheeler,jessica.wheeler@gmail.com,5982065727,Basic,Active,2024-12-15,29.99
MEMBER-04694,Robert Morgan,robert.morgan@yahoo.com,(863)724-5405x360,Premium,Cancelled,2025-08-19,29.99
MEMBER-04695,William Goodwin,william.goodwin@yahoo.com,+1-409-485-2177x2962,BASIC,Active,2025-03-21,29.99
MEMBER-04696,Jennifer Campbell,jennifer.campbell@yahoo.com,218.944.6173x2743,Basic,Active,2025-07-29,-29.99
MEMBER-04697,Jessica Mccoy,jessica.mccoy@hotmail.com,(774)500-1847x6699,BASIC,Active,2025-06-20,59.99
MEMBER-04698,Ashley Johnson,ashley.johnson@gmail.com,(240)784-7652,Basic,Active,2025-07-19,29.99
MEMBER-04699,Grant Parks,grant.parks@yahoo.com,980-338-8143,VIP,Frozen,2024-11-11,-29.99
MEMBER-04700,Rachel Love,rachel.love@yahoo.com,+1-982-760-9600x7507,Premium,Frozen,2026-05-22,29.99
MEMBER-04701,Molly Thomas,molly.thomas@gmail.com,580.266.7748x189,VIP,Cancelled,2026-03-29,59.99
MEMBER-04702,Connie Ross,connie.ross@hotmail.com,+1-768-742-6336x18913,BASIC,Active,2026-08-23,29.99
MEMBER-04703,Caitlin Fischer,caitlin.fischer@yahoo.com,(672)972-8781x841,,Active,2025-07-18,-29.99
MEMBER-04704,Jackson Buchanan,jackson.buchanan@gmail.com,302.867.0946x18677,Premium,Active,2026-08-11,99.99
MEMBER-04705,Kathy Jones,kathy.jones@gmail.com,460-449-9129x363,VIP,Active,2025-11-02,99.99
MEMBER-04706,Anthony Mclaughlin,anthony.mclaughlin@gmail.com,+1-879-980-1347x209,BASIC,Active,2026-09-01,59.99
MEMBER-04707,John Barber,john.barber@yahoo.com,(475)919-6537x6703,VIP,Frozen,2025-05-18,59.99
MEMBER-04708,Christine Larson,christine.larson@yahoo.com,283.597.5053,VIP,Frozen,2025-03-10,-29.99
MEMBER-04709,Margaret Gill,margaret.gill@gmail.com,446-971-5118,Premium,Active,2024-11-05,99.99
MEMBER-04710,John Figueroa,john.figueroa@gmail.com,989-813-6043x7455,BASIC,Frozen,2025-08-30,99.99
MEMBER-04711,Kimberly Mccall,kimberly.mccall@gmail.com,001-640-481-9275,Premium,Active,2025-10-10,-29.99
MEMBER-04712,Scott Watkins,scott.watkins@yahoo.com,+1-722-970-1924x675,VIP,Active,2026-07-06,29.99
MEMBER-04713,Christina Reyes,christina.reyes@gmail.com,711.293.5170x8716,,Frozen,2025-11-10,59.99
MEMBER-04714,Lindsay Rodriguez,lindsay.rodriguez@gmail.com,376.813.5242,VIP,Frozen,2025-12-20,-29.99
MEMBER-04715,Nicole Rivera,nicole.rivera@hotmail.com,001-784-555-4272x447,BASIC,Cancelled,2026-06-03,29.99
MEMBER-04716,Christine Burton,christine.burton@yahoo.com,+1-492-701-4829x2379,VIP,Cancelled,2026-03-06,99.99
MEMBER-04717,Ashley Hutchinson,ashley.hutchinson@hotmail.com,(886)750-6601x1655,,Cancelled,2024-12-08,59.99
MEMBER-04718,Christopher Hester,christopher.hester@gmail.com,855.858.1800,Premium,Active,2026-02-16,29.99
MEMBER-04719,Anthony Henderson,anthony.henderson@hotmail.com,001-277-821-3600x84380,BASIC,Active,2025-04-04,29.99
MEMBER-04720,Jennifer Morrison,jennifer.morrison@gmail.com,482.336.9109x9787,,Active,2025-12-17,29.99
MEMBER-04721,Cory Reyes,cory.reyes@hotmail.com,2916651680,VIP,Cancelled,2026-06-29,59.99
MEMBER-04722,Timothy Garcia,timothy.garcia@gmail.com,270-709-3587x17020,VIP,Active,2026-09-25,29.99
MEMBER-04723,Mark Guerrero,mark.guerrero@gmail.com,+1-418-578-9005x2994,VIP,Frozen,2025-01-05,-29.99
MEMBER-04724,Michael Beck,michael.beck@gmail.com,+1-734-592-3212x4302,,Active,2025-04-05,59.99
MEMBER-04725,Heather Robinson,heather.robinson@hotmail.com,932-627-6904,,Frozen,2025-05-15,-29.99
MEMBER-04726,Tyler Pena,tyler.pena@gmail.com,9988110780,Basic,Cancelled,2026-06-28,-29.99
MEMBER-04727,Oscar Rose,oscar.rose@yahoo.com,534.933.5784,Premium,Cancelled,2024-10-26,29.99
MEMBER-04728,Kimberly Shelton,kimberly.shelton@hotmail.com,001-703-236-1363x75060,,Active,2025-03-16,-29.99
MEMBER-04729,John Griffith,john.griffith@yahoo.com,516-837-8457,Premium,Active,2026-06-18,99.99
MEMBER-04730,Molly Bell,molly.bell@gmail.com,4344260273,Premium,Active,2025-08-03,99.99
MEMBER-04731,Pamela Lynch,pamela.lynch@yahoo.com,(287)902-2940,Premium,Active,2025-06-09,59.99
MEMBER-04732,Christopher Woodard,christopher.woodard@gmail.com,001-729-839-4099x65678,Basic,Active,2025-04-27,29.99
MEMBER-04733,Priscilla Kelly,priscilla.kelly@hotmail.com,417.313.0329x28442,VIP,Active,2025-03-09,59.99
MEMBER-04734,Amy Doyle,amy.doyle@gmail.com,(713)830-0042,Premium,Active,2024-09-27,29.99
MEMBER-04735,James Goodwin,james.goodwin@hotmail.com,209.958.7202,VIP,Active,2025-06-29,29.99
MEMBER-04736,Eric Smith,eric.smith@hotmail.com,(255)869-3186,BASIC,Frozen,2026-03-28,-29.99
MEMBER-04737,Fernando Cabrera,fernando.cabrera@gmail.com,738-874-4373x053,Basic,Frozen,2025-01-06,99.99
MEMBER-04738,Sherry Gutierrez,sherry.gutierrez@gmail.com,5979632527,BASIC,Frozen,2026-08-29,59.99
MEMBER-04739,Paul Proctor,paul.proctor@yahoo.com,+1-581-939-1420,VIP,Active,2025-07-04,-29.99
MEMBER-04740,Kimberly Gilbert,kimberly.gilbert@yahoo.com,943-614-0139,,Active,2025-01-29,-29.99
MEMBER-04741,Tammy Richardson,tammy.richardson@hotmail.com,001-737-818-9428x40888,Basic,Active,2026-03-02,99.99
MEMBER-04742,Jeffrey Smith,jeffrey.smith@hotmail.com,+1-852-612-0041,VIP,Active,2026-09-20,99.99
MEMBER-04743,Angela Allison,angela.allison@yahoo.com,001-315-959-6487x032,BASIC,Active,2024-10-07,29.99
MEMBER-04744,John Richardson,john.richardson@gmail.com,001-388-888-4235x9402,BASIC,Frozen,2025-12-16,-29.99
MEMBER-04745,Amber Williams,amber.williams@yahoo.com,+1-613-656-3622,Basic,Active,2025-08-28,29.99
MEMBER-04746,Kelli Huber,kelli.huber@yahoo.com,(461)957-7235x517,BASIC,Active,2025-05-01,-29.99
MEMBER-04747,Stephanie Dunn,stephanie.dunn@yahoo.com,+1-527-705-9944x617,VIP,Active,2025-03-20,29.99
MEMBER-04748,Richard Barnes,richard.barnes@hotmail.com,447-906-7409x1260,Premium,Active,2026-09-08,-29.99
MEMBER-04749,Dana Johnson,dana.johnson@yahoo.com,001-211-206-4802x32586,BASIC,Frozen,2026-05-19,59.99
MEMBER-04750,Amy Donovan,amy.donovan@gmail.com,484-489-4654x1124,,Active,2026-01-03,29.99
MEMBER-04751,Robert Ashley,robert.ashley@yahoo.com,001-891-838-2172x95218,VIP,Frozen,2025-09-05,-29.99
MEMBER-04752,Zachary Thomas,zachary.thomas@hotmail.com,001-667-856-7659,Premium,Active,2025-03-19,29.99
MEMBER-04753,Shannon Kennedy,shannon.kennedy@hotmail.com,+1-385-959-7118x97248,Basic,Cancelled,2024-10-10,29.99
MEMBER-04754,Sarah Gonzalez,sarah.gonzalez@yahoo.com,+1-587-847-2673x2681,,Active,2024-11-15,29.99
MEMBER-04755,Matthew Sandoval,matthew.sandoval@hotmail.com,464.207.6202,,Cancelled,2025-10-05,-29.99
MEMBER-04756,Kyle Cooley,kyle.cooley@yahoo.com,001-496-524-1324x591,VIP,Active,2026-03-06,29.99
MEMBER-04757,Lori Mitchell,lori.mitchell@hotmail.com,742-315-8254,VIP,Active,2025-04-08,-29.99
MEMBER-04758,Jeffery Robinson,jeffery.robinson@gmail.com,(500)686-9920x510,Premium,Active,2026-03-18,99.99
MEMBER-04759,Kimberly Ward,kimberly.ward@yahoo.com,001-292-883-4942x83527,Premium,Active,2024-10-04,99.99
MEMBER-04760,Sean Holland,sean.holland@hotmail.com,349-976-4236,,Frozen,2026-08-13,-29.99
MEMBER-04761,Mary Williams,mary.williams@gmail.com,222-234-1779x2117,Basic,Cancelled,2025-07-06,29.99
MEMBER-04762,Francisco Edwards,francisco.edwards@hotmail.com,(609)201-2717x2098,Premium,Active,2025-01-25,-29.99
MEMBER-04763,Sean Johnson,sean.johnson@hotmail.com,831-452-1199x717,Premium,Active,2025-06-20,-29.99
MEMBER-04764,Patricia Stanton,patricia.stanton@hotmail.com,856-736-8864,Premium,Active,2026-02-10,29.99
MEMBER-04765,Andrew Malone,andrew.malone@yahoo.com,001-960-662-8536,VIP,Cancelled,2026-01-08,59.99
MEMBER-04766,George Soto,george.soto@gmail.com,371.413.6354x31331,VIP,Active,2026-03-13,59.99
MEMBER-04767,Sarah Mcgee,sarah.mcgee@yahoo.com,001-345-247-8399x0497,BASIC,Active,2025-03-30,29.99
MEMBER-04768,Bill Clark,bill.clark@yahoo.com,001-991-861-8502,Premium,Cancelled,2025-09-02,59.99
MEMBER-04769,Brian Patterson,brian.patterson@yahoo.com,6932057761,,Active,2025-07-20,-29.99
MEMBER-04770,Brenda Hernandez,brenda.hernandez@gmail.com,6542286357,BASIC,Frozen,2026-06-22,-29.99
MEMBER-04771,Angela Callahan,angela.callahan@yahoo.com,474-744-4138,Basic,Frozen,2025-11-20,29.99
MEMBER-04772,Deborah Higgins,deborah.higgins@hotmail.com,(952)963-7338x061,BASIC,Active,2026-01-18,29.99
MEMBER-04773,Caroline Elliott,caroline.elliott@yahoo.com,001-938-810-0631x05950,VIP,Active,2024-12-31,-29.99
MEMBER-04774,Jonathan Lambert,jonathan.lambert@hotmail.com,(487)216-9073x38210,Basic,Active,2024-10-31,29.99
MEMBER-04775,Christine Wilson,christine.wilson@hotmail.com,001-989-521-6850x9894,VIP,Frozen,2026-01-15,-29.99
MEMBER-04776,Abigail Davidson,abigail.davidson@hotmail.com,(446)490-6109x6033,BASIC,Cancelled,2026-03-10,59.99
MEMBER-04777,Melanie Tran,melanie.tran@hotmail.com,(423)953-7557,Basic,Active,2026-03-17,59.99
MEMBER-04778,Benjamin Salazar,benjamin.salazar@hotmail.com,801-988-7206x96577,Basic,Cancelled,2026-04-14,59.99
MEMBER-04779,Kelli Marshall,kelli.marshall@hotmail.com,813.808.4839x7200,BASIC,Frozen,2025-03-10,99.99
MEMBER-04780,David Cook,david.cook@hotmail.com,001-886-957-4893,BASIC,Active,2026-07-22,59.99
MEMBER-04781,Lisa Smith,lisa.smith@hotmail.com,697-250-0381,,Active,2025-04-13,29.99
MEMBER-04782,Jamie Grant,jamie.grant@gmail.com,553-715-0058,,Active,2026-02-28,59.99
MEMBER-04783,James Watts,james.watts@yahoo.com,+1-584-925-5614x1784,Premium,Cancelled,2025-07-25,99.99
MEMBER-04784,Anthony Schroeder,anthony.schroeder@hotmail.com,725.579.8169,Premium,Active,2026-02-08,29.99
MEMBER-04785,Lisa Hernandez,lisa.hernandez@hotmail.com,001-269-336-0425x9904,VIP,Active,2026-01-16,29.99
MEMBER-04786,Sarah Morse,sarah.morse@yahoo.com,001-689-581-8432x4457,Basic,Frozen,2025-05-26,29.99
MEMBER-04787,Debra Edwards,debra.edwards@yahoo.com,+1-312-228-6952x9382,VIP,Cancelled,2025-08-30,99.99
MEMBER-04788,Eric Reyes,eric.reyes@yahoo.com,(310)507-3590,Premium,Active,2025-02-15,59.99
MEMBER-04789,Jessica Fowler,jessica.fowler@yahoo.com,5442148224,Premium,Active,2025-02-15,-29.99
MEMBER-04790,Nicole Mendez,nicole.mendez@hotmail.com,785.757.3939x74260,BASIC,Cancelled,2024-10-30,29.99
MEMBER-04791,Derek Beck,derek.beck@gmail.com,001-359-991-4353x95956,Premium,Active,2025-01-29,29.99
MEMBER-04792,Stacy Ruiz,stacy.ruiz@gmail.com,(479)988-9373x63015,Premium,Cancelled,2026-09-08,59.99
MEMBER-04793,Timothy Harris,timothy.harris@yahoo.com,001-781-418-4487x890,Basic,Active,2025-12-16,29.99
MEMBER-04794,Craig Atkinson,craig.atkinson@yahoo.com,4907025587,,Cancelled,2026-07-31,59.99
MEMBER-04795,Steven Cherry,steven.cherry@gmail.com,2227037354,BASIC,Frozen,2026-02-05,59.99
MEMBER-04796,Jesse Parks,jesse.parks@yahoo.com,001-901-364-7850x60933,VIP,Active,2026-01-20,29.99
MEMBER-04797,Amanda Gomez,amanda.gomez@yahoo.com,302-514-6548,BASIC,Active,2025-02-07,99.99
MEMBER-04798,Tammy Jackson,tammy.jackson@gmail.com,(915)725-0191x7798,BASIC,Active,2024-10-12,59.99
MEMBER-04799,Melanie Evans,melanie.evans@hotmail.com,001-300-962-2501x775,VIP,Active,2026-03-12,-29.99
MEMBER-04800,Julian Payne,julian.payne@hotmail.com,6929393604,,Cancelled,2024-10-09,59.99
MEMBER-04801,Steven Barber,steven.barber@hotmail.com,4669057965,BASIC,Active,2025-03-04,59.99
MEMBER-04802,Becky Mccormick,becky.mccormick@hotmail.com,311.925.9822,Premium,Frozen,2026-06-02,-29.99
MEMBER-04803,Alan Reynolds,alan.reynolds@gmail.com,+1-644-245-1696x13703,Basic,Active,2026-06-29,29.99
MEMBER-04804,Amber Campbell,amber.campbell@yahoo.com,353.815.0274x39391,BASIC,Active,2025-06-26,29.99
MEMBER-04805,Joshua Vargas,joshua.vargas@hotmail.com,7628095279,Premium,Active,2024-11-11,99.99
MEMBER-04806,Shane Gomez,shane.gomez@hotmail.com,433.202.0682,VIP,Active,2025-06-02,99.99
MEMBER-04807,Jason Patrick,jason.patrick@hotmail.com,452-581-3497x8575,BASIC,Frozen,2025-01-16,99.99
MEMBER-04808,Nicholas Miller,nicholas.miller@gmail.com,782.211.8620,,Frozen,2026-03-01,99.99
MEMBER-04809,David Mcguire,david.mcguire@yahoo.com,630-499-9629,BASIC,Active,2026-05-27,-29.99
MEMBER-04810,Kristina Mcknight,kristina.mcknight@yahoo.com,+1-797-770-7034x5621,,Cancelled,2025-06-09,-29.99
MEMBER-04811,Derrick Mosley,derrick.mosley@gmail.com,669-319-5759,VIP,Active,2026-02-22,-29.99
MEMBER-04812,Ashley Smith,ashley.smith@yahoo.com,290-865-4782x924,VIP,Active,2026-06-08,99.99
MEMBER-04813,Ronald Jones,ronald.jones@hotmail.com,287-200-7498,VIP,Frozen,2025-08-14,99.99
MEMBER-04814,Christopher Williams,christopher.williams@gmail.com,315.856.7752,,Cancelled,2025-02-24,99.99
MEMBER-04815,Michael Mcbride,michael.mcbride@gmail.com,+1-344-745-0765x4788,VIP,Cancelled,2026-06-03,59.99
MEMBER-04816,Nathan Allen,nathan.allen@hotmail.com,001-277-951-4258,VIP,Frozen,2026-04-26,59.99
MEMBER-04817,Kenneth Moore,kenneth.moore@gmail.com,7374360014,VIP,Active,2026-09-20,99.99
MEMBER-04818,John Sanchez,john.sanchez@hotmail.com,742-504-1793,VIP,Active,2025-10-27,59.99
MEMBER-04819,Kelly Smith,kelly.smith@yahoo.com,784-366-0903,,Cancelled,2026-02-12,99.99
MEMBER-04820,Joseph Williams,joseph.williams@gmail.com,931.439.3605,Premium,Frozen,2026-04-16,99.99
MEMBER-04821,Kathleen Frazier,kathleen.frazier@gmail.com,815-767-6238,Premium,Active,2025-11-13,59.99
MEMBER-04822,David Young,david.young@gmail.com,961-680-3038,Basic,Frozen,2025-01-26,59.99
MEMBER-04823,Raymond Leonard,raymond.leonard@yahoo.com,5544755156,Premium,Frozen,2025-02-18,59.99
MEMBER-04824,Chelsea Lane,chelsea.lane@hotmail.com,+1-912-980-9191,BASIC,Frozen,2026-03-21,59.99
MEMBER-04825,Anthony Johnston,anthony.johnston@hotmail.com,827.871.7956x78587,BASIC,Active,2024-12-30,99.99
MEMBER-04826,Eric Dawson,eric.dawson@yahoo.com,001-744-441-5657x437,,Active,2025-05-11,99.99
MEMBER-04827,Shelby Jones,shelby.jones@gmail.com,+1-618-601-2955,Premium,Frozen,2025-05-30,29.99
MEMBER-04828,Seth Lopez,seth.lopez@gmail.com,(740)471-4913x1046,VIP,Active,2025-10-18,-29.99
MEMBER-04829,Larry Stanton,larry.stanton@yahoo.com,(464)854-3129x038,,Active,2025-05-31,29.99
MEMBER-04830,Cory Sherman,cory.sherman@yahoo.com,729.392.6337x009,Basic,Cancelled,2024-11-18,99.99
MEMBER-04831,Jeffery Vega,jeffery.vega@gmail.com,+1-922-627-6158x42511,BASIC,Active,2026-09-18,99.99
MEMBER-04832,Howard Allen,howard.allen@hotmail.com,983-313-2975x70340,,Active,2026-04-15,59.99
MEMBER-04833,Stephanie Nichols,stephanie.nichols@yahoo.com,+1-354-936-2748,VIP,Active,2025-02-20,-29.99
MEMBER-04834,Darren Hardy,darren.hardy@yahoo.com,(797)364-2846,BASIC,Active,2025-12-28,-29.99
MEMBER-04835,Eric Jones,eric.jones@hotmail.com,+1-358-869-2742x90039,BASIC,Active,2024-12-29,99.99
MEMBER-04836,Bob Hunt,bob.hunt@gmail.com,917-504-0478,Basic,Cancelled,2025-09-30,59.99
MEMBER-04837,Kevin Williams,kevin.williams@gmail.com,270-320-7397,Basic,Frozen,2025-08-15,29.99
MEMBER-04838,Erika Church,erika.church@yahoo.com,(895)981-0771,Basic,Active,2025-08-29,99.99
MEMBER-04839,Tracy Burgess,tracy.burgess@yahoo.com,666-606-4858,Basic,Frozen,2025-04-20,59.99
MEMBER-04840,Elizabeth Mitchell,elizabeth.mitchell@gmail.com,798-386-4538x684,Basic,Active,2025-02-06,59.99
MEMBER-04841,Robert Wilkerson,robert.wilkerson@yahoo.com,(467)331-5525x41783,Basic,Active,2024-11-26,29.99
MEMBER-04842,Edward Farley,edward.farley@gmail.com,+1-768-850-6345,Basic,Frozen,2026-04-28,99.99
MEMBER-04843,Haley Vasquez,haley.vasquez@yahoo.com,504-656-8826,VIP,Active,2025-02-10,59.99
MEMBER-04844,Lisa White,lisa.white@yahoo.com,+1-828-487-0052x513,Premium,Cancelled,2025-09-30,99.99
MEMBER-04845,Samantha Castaneda,samantha.castaneda@yahoo.com,+1-661-982-1140,,Frozen,2025-04-14,59.99
MEMBER-04846,Eric Wilson,eric.wilson@hotmail.com,271-221-6275x7332,Premium,Active,2025-08-18,99.99
MEMBER-04847,Cody Grimes,cody.grimes@hotmail.com,+1-436-589-5297x480,Premium,Cancelled,2025-03-24,-29.99
MEMBER-04848,Cynthia Howard,cynthia.howard@gmail.com,684-359-6383x84607,Premium,Active,2025-07-28,59.99
MEMBER-04849,Julie Bishop,julie.bishop@gmail.com,655-461-3960x47510,Basic,Frozen,2025-04-22,-29.99
MEMBER-04850,Laura Flores,laura.flores@hotmail.com,965-889-9333x571,Basic,Active,2025-11-24,59.99
MEMBER-04851,Kirsten Ward,kirsten.ward@hotmail.com,999-440-8477x279,BASIC,Cancelled,2025-10-28,59.99
MEMBER-04852,Andrew Brennan,andrew.brennan@yahoo.com,314.900.4640x879,BASIC,Cancelled,2025-03-28,59.99
MEMBER-04853,Ryan Hicks,ryan.hicks@hotmail.com,275-424-5216x42011,Premium,Frozen,2026-05-19,29.99
MEMBER-04854,Gloria Pena,gloria.pena@yahoo.com,585-521-1215x946,Basic,Cancelled,2025-04-06,99.99
MEMBER-04855,Anna Christensen,anna.christensen@hotmail.com,898.242.7690x1770,BASIC,Active,2026-03-16,-29.99
MEMBER-04856,Lauren Pineda,lauren.pineda@gmail.com,301.693.6399x865,Premium,Cancelled,2026-02-05,29.99
MEMBER-04857,Rachel Huynh,rachel.huynh@yahoo.com,262-496-9054x521,Basic,Active,2025-07-30,-29.99
MEMBER-04858,Thomas Lopez,thomas.lopez@yahoo.com,+1-240-947-6083,BASIC,Cancelled,2025-04-05,-29.99
MEMBER-04859,Mark Ramirez,mark.ramirez@gmail.com,7798740768,,Active,2025-04-23,29.99
MEMBER-04860,Jonathan Avila,jonathan.avila@hotmail.com,(855)793-3488,,Frozen,2025-05-23,59.99
MEMBER-04861,Richard Brown,richard.brown@gmail.com,(309)976-4653,BASIC,Active,2026-08-25,99.99
MEMBER-04862,Elizabeth Watts,elizabeth.watts@hotmail.com,696-527-4233x41283,VIP,Active,2026-02-02,-29.99
MEMBER-04863,Misty Johnson,misty.johnson@yahoo.com,326-596-8575x39169,,Active,2026-01-21,-29.99
MEMBER-04864,Jose Pierce,jose.pierce@hotmail.com,632.376.6163,,Cancelled,2026-05-30,99.99
MEMBER-04865,David Hernandez,david.hernandez@gmail.com,812-557-4815x32460,Premium,Active,2026-01-09,-29.99
MEMBER-04866,Willie Garrett,willie.garrett@gmail.com,255.942.0609x93960,Premium,Active,2025-11-25,59.99
MEMBER-04867,Ashley Scott,ashley.scott@gmail.com,306-517-7238x20751,Premium,Frozen,2025-05-16,99.99
MEMBER-04868,Anita Jordan,anita.jordan@yahoo.com,001-468-610-3202,BASIC,Frozen,2024-09-28,59.99
MEMBER-04869,Cory Walker,cory.walker@gmail.com,+1-615-895-4312,VIP,Cancelled,2025-10-10,-29.99
MEMBER-04870,John Graves,john.graves@hotmail.com,904-537-8141x1958,,Active,2025-08-17,29.99
MEMBER-04871,Patricia Wiley,patricia.wiley@yahoo.com,001-534-705-1300x572,,Cancelled,2025-03-05,29.99
MEMBER-04872,Jacob Cherry,jacob.cherry@gmail.com,323.931.6716x29968,BASIC,Active,2026-05-20,-29.99
MEMBER-04873,Mathew Peters,mathew.peters@gmail.com,442-633-5215x6023,,Frozen,2026-08-12,99.99
MEMBER-04874,Lisa Allison,lisa.allison@yahoo.com,968-279-2718x5513,BASIC,Active,2025-03-07,-29.99
MEMBER-04875,Jacqueline Page,jacqueline.page@hotmail.com,001-679-378-0878,BASIC,Active,2025-09-16,-29.99
MEMBER-04876,William Butler,william.butler@yahoo.com,+1-939-436-9394x995,Basic,Active,2024-10-19,99.99
MEMBER-04877,David Harris,david.harris@yahoo.com,(310)548-1146,VIP,Cancelled,2026-08-13,99.99
MEMBER-04878,Amanda Peck,amanda.peck@hotmail.com,001-433-613-8634x9235,VIP,Frozen,2026-01-10,-29.99
MEMBER-04879,James Adkins,james.adkins@gmail.com,2415762851,Premium,Cancelled,2026-02-12,59.99
MEMBER-04880,Adam Floyd,adam.floyd@gmail.com,(240)840-3976x21188,,Cancelled,2026-01-15,29.99
MEMBER-04881,Benjamin Sanchez,benjamin.sanchez@hotmail.com,001-311-448-2199,BASIC,Frozen,2024-09-26,29.99
MEMBER-04882,Nicholas Hess,nicholas.hess@yahoo.com,718-950-1664x1509,Premium,Active,2026-04-25,59.99
MEMBER-04883,Lisa Rivera,lisa.rivera@hotmail.com,513-343-1532,Basic,Active,2025-04-15,99.99
MEMBER-04884,Brenda Munoz,brenda.munoz@hotmail.com,922.335.9634x72624,Basic,Frozen,2026-08-22,-29.99
MEMBER-04885,Brooke Mcgee,brooke.mcgee@hotmail.com,965-427-7308,Premium,Frozen,2026-03-04,59.99
MEMBER-04886,Johnathan Smith,johnathan.smith@yahoo.com,780-302-5406x4676,BASIC,Frozen,2025-10-13,59.99
MEMBER-04887,Dustin Paul,dustin.paul@hotmail.com,632-591-2365x56441,Premium,Active,2024-09-29,99.99
MEMBER-04888,Anthony Doyle,anthony.doyle@yahoo.com,+1-503-682-4030x922,Premium,Active,2025-03-01,59.99
MEMBER-04889,Paul Stuart,paul.stuart@yahoo.com,(663)209-0669x5804,Basic,Active,2026-09-13,59.99
MEMBER-04890,Peter Russell,peter.russell@yahoo.com,465-515-7179x2300,VIP,Active,2026-09-26,-29.99
MEMBER-04891,Krystal Lane,krystal.lane@hotmail.com,(484)445-5074,Premium,Cancelled,2026-08-04,29.99
MEMBER-04892,Amy Gonzalez,amy.gonzalez@yahoo.com,001-844-900-0105,Premium,Active,2025-09-29,29.99
MEMBER-04893,Carla Walker,carla.walker@hotmail.com,(449)864-4221x69689,Basic,Frozen,2025-12-07,59.99
MEMBER-04894,Tommy Pacheco,tommy.pacheco@hotmail.com,448.459.6357,,Active,2026-06-13,-29.99
MEMBER-04895,Patricia Gonzalez,patricia.gonzalez@gmail.com,326-205-7948x15758,,Frozen,2024-10-23,59.99
MEMBER-04896,Chris Wood,chris.wood@yahoo.com,251.224.5737x984,Premium,Cancelled,2025-01-17,59.99
MEMBER-04897,Leah Morton,leah.morton@gmail.com,(987)507-8961,Basic,Frozen,2026-06-07,59.99
MEMBER-04898,Edward Ware,edward.ware@gmail.com,(509)415-5732x222,VIP,Active,2025-08-04,29.99
MEMBER-04899,Nicole Davis,nicole.davis@yahoo.com,626-498-8320x9912,BASIC,Cancelled,2025-03-06,59.99
MEMBER-04900,Lance Lopez,lance.lopez@hotmail.com,+1-906-518-4567x2785,Basic,Active,2024-10-13,59.99
MEMBER-04901,Dennis Zuniga,dennis.zuniga@gmail.com,+1-294-484-7714x67339,Premium,Cancelled,2024-12-29,99.99
MEMBER-04902,John Ramos,john.ramos@gmail.com,632.374.0316x94743,,Frozen,2025-11-18,-29.99
MEMBER-04903,Alyssa Chung,alyssa.chung@yahoo.com,+1-476-351-5021x8645,Premium,Active,2025-12-16,59.99
MEMBER-04904,Kevin Diaz,kevin.diaz@yahoo.com,(538)461-8908x54030,Basic,Cancelled,2025-07-01,59.99
MEMBER-04905,Jeffrey Morris,jeffrey.morris@hotmail.com,+1-653-497-2056x006,,Active,2024-09-27,29.99
MEMBER-04906,Catherine Phelps,catherine.phelps@yahoo.com,001-273-896-7071,BASIC,Cancelled,2026-03-28,29.99
MEMBER-04907,Lindsay Zuniga,lindsay.zuniga@hotmail.com,001-913-603-2232x35433,VIP,Active,2025-05-31,-29.99
MEMBER-04908,Jared Jordan,jared.jordan@yahoo.com,(602)767-4121x6382,BASIC,Active,2025-12-23,-29.99
MEMBER-04909,Rebecca Gillespie,rebecca.gillespie@gmail.com,897.224.8439,,Frozen,2026-01-02,-29.99
MEMBER-04910,Rebecca James,rebecca.james@gmail.com,293.391.0515x071,VIP,Active,2025-08-12,59.99
MEMBER-04911,Katherine Colon,katherine.colon@gmail.com,001-559-785-1532x092,,Active,2025-03-29,59.99
MEMBER-04912,Joseph Santos,joseph.santos@hotmail.com,+1-850-315-2800x648,Basic,Cancelled,2026-01-25,29.99
MEMBER-04913,Lee Barrett,lee.barrett@hotmail.com,001-432-846-9649,,Frozen,2025-03-01,99.99
MEMBER-04914,Katrina Williamson,katrina.williamson@hotmail.com,001-568-201-2669,Basic,Active,2024-10-22,-29.99
MEMBER-04915,Luke Griffin,luke.griffin@yahoo.com,(349)544-2828,BASIC,Frozen,2025-01-24,99.99
MEMBER-04916,Matthew Miller,matthew.miller@gmail.com,(569)817-8272x9721,Basic,Frozen,2026-01-17,-29.99
MEMBER-04917,Hannah Hawkins,hannah.hawkins@yahoo.com,2223963165,Premium,Active,2026-04-01,59.99
MEMBER-04918,Henry Poole,henry.poole@yahoo.com,+1-903-541-7609x71377,BASIC,Cancelled,2025-11-03,-29.99
MEMBER-04919,Nicholas Johnson,nicholas.johnson@yahoo.com,8425086647,,Cancelled,2025-07-05,99.99
MEMBER-04920,Holly Parks,holly.parks@gmail.com,5127269415,BASIC,Cancelled,2025-04-09,59.99
MEMBER-04921,Lisa Martinez,lisa.martinez@yahoo.com,4507982216,Basic,Cancelled,2026-09-02,-29.99
MEMBER-04922,Christine Walker,christine.walker@gmail.com,308-840-7493x834,VIP,Active,2025-01-12,-29.99
MEMBER-04923,Nicole Abbott,nicole.abbott@gmail.com,928-874-4029x13322,BASIC,Active,2026-07-23,99.99
MEMBER-04924,Andrew Clark,andrew.clark@gmail.com,591-765-8064,Premium,Active,2026-06-01,59.99
MEMBER-04925,Martin Brown,martin.brown@hotmail.com,001-586-263-1805,BASIC,Active,2026-01-15,59.99
MEMBER-04926,Shannon Richards,shannon.richards@hotmail.com,563-950-7731x8859,Premium,Active,2025-09-17,99.99
MEMBER-04927,Michael Robinson,michael.robinson@hotmail.com,+1-640-695-3324x33506,VIP,Active,2025-04-02,99.99
MEMBER-04928,Jeffery Holmes,jeffery.holmes@gmail.com,(854)871-2780,BASIC,Active,2025-04-09,-29.99
MEMBER-04929,Karen Arnold,karen.arnold@hotmail.com,(278)368-9268x55127,Basic,Frozen,2024-12-15,99.99
MEMBER-04930,Allison Harris,allison.harris@gmail.com,(337)605-5456x5154,,Active,2025-02-09,29.99
MEMBER-04931,Sandra Hale,sandra.hale@hotmail.com,(314)650-9413x82258,BASIC,Active,2026-04-01,99.99
MEMBER-04932,Arthur Fields,arthur.fields@gmail.com,+1-219-305-0442x81645,VIP,Cancelled,2024-10-22,99.99
MEMBER-04933,Cynthia Sanders,cynthia.sanders@gmail.com,451-697-2634x45565,,Cancelled,2025-10-14,29.99
MEMBER-04934,Robert Taylor,robert.taylor@hotmail.com,284-259-7220x50116,Basic,Cancelled,2025-01-12,99.99
MEMBER-04935,Ronnie Turner,ronnie.turner@hotmail.com,(977)976-1920x29763,Basic,Active,2025-06-18,59.99
MEMBER-04936,Michael Ward,michael.ward@yahoo.com,+1-443-719-3667x116,,Frozen,2025-03-02,29.99
MEMBER-04937,Matthew Taylor,matthew.taylor@hotmail.com,586.929.1879,BASIC,Active,2025-06-17,99.99
MEMBER-04938,Catherine Wright,catherine.wright@hotmail.com,927.351.3158x620,,Active,2025-03-04,99.99
MEMBER-04939,Melissa Armstrong,melissa.armstrong@yahoo.com,678.354.0794x5393,,Frozen,2024-12-15,99.99
MEMBER-04940,Jack Robinson,jack.robinson@yahoo.com,662-985-0696x7206,VIP,Active,2025-05-22,29.99
MEMBER-04941,Adam Peterson,adam.peterson@hotmail.com,7379501605,BASIC,Active,2026-04-28,-29.99
MEMBER-04942,Bradley York,bradley.york@hotmail.com,712.837.2873x576,,Active,2025-04-10,29.99
MEMBER-04943,Edward Gutierrez,edward.gutierrez@gmail.com,001-899-890-9547x17741,Premium,Active,2025-10-10,99.99
MEMBER-04944,Justin Ramirez,justin.ramirez@hotmail.com,+1-561-751-6008x044,BASIC,Frozen,2026-04-20,59.99
MEMBER-04945,Amanda Roy,amanda.roy@hotmail.com,001-210-206-7076x03453,Premium,Cancelled,2026-02-16,29.99
MEMBER-04946,Lisa Ellis,lisa.ellis@gmail.com,515-227-4212x813,,Active,2026-01-12,99.99
MEMBER-04947,Susan Allen,susan.allen@hotmail.com,6183087537,BASIC,Cancelled,2026-08-10,29.99
MEMBER-04948,Tara Hardy,tara.hardy@gmail.com,6264745861,Basic,Frozen,2026-05-06,29.99
MEMBER-04949,Anthony Hernandez,anthony.hernandez@yahoo.com,+1-787-582-0282,Premium,Cancelled,2026-05-23,-29.99
MEMBER-04950,Karen Bailey,karen.bailey@yahoo.com,(520)253-8480,,Cancelled,2025-02-08,-29.99
MEMBER-04951,Stephanie Garcia,stephanie.garcia@yahoo.com,001-616-319-5467x23904,Premium,Active,2025-11-24,99.99
MEMBER-04952,Michael Johnson,michael.johnson@gmail.com,001-713-683-5146x35476,Premium,Active,2025-11-16,29.99
MEMBER-04953,Heather Fitzgerald,heather.fitzgerald@yahoo.com,976-220-6934x8673,Premium,Active,2026-09-06,99.99
MEMBER-04954,Erin Rodriguez,erin.rodriguez@hotmail.com,761.774.3264x1722,BASIC,Active,2024-12-28,59.99
MEMBER-04955,Kelly Spencer,kelly.spencer@hotmail.com,401-882-9990x91010,BASIC,Cancelled,2025-04-04,-29.99
MEMBER-04956,Molly Aguilar,molly.aguilar@gmail.com,5196907394,Basic,Active,2024-09-26,-29.99
MEMBER-04957,Michelle Burke,michelle.burke@yahoo.com,+1-207-771-8729x70345,VIP,Frozen,2025-11-23,-29.99
MEMBER-04958,Sonya Hubbard,sonya.hubbard@hotmail.com,001-420-424-4694x3974,VIP,Frozen,2025-06-04,99.99
MEMBER-04959,Tracy Watkins,tracy.watkins@hotmail.com,330.542.1453x82332,,Cancelled,2026-04-07,99.99
MEMBER-04960,Nicole Jones,nicole.jones@hotmail.com,586.782.2672,,Cancelled,2025-08-18,59.99
MEMBER-04961,Craig Harper,craig.harper@yahoo.com,961.447.5629,Basic,Active,2025-04-05,-29.99
MEMBER-04962,Michael Duffy,michael.duffy@gmail.com,584-744-6904,VIP,Frozen,2025-07-27,99.99
MEMBER-04963,James Mitchell,james.mitchell@gmail.com,(688)201-7710x86965,BASIC,Active,2025-07-30,29.99
MEMBER-04964,Michael Johnson,michael.johnson@gmail.com,356.641.4077,,Frozen,2026-07-23,99.99
MEMBER-04965,Douglas Page,douglas.page@gmail.com,443-451-3718x34979,Basic,Cancelled,2026-01-13,59.99
MEMBER-04966,Curtis Higgins,curtis.higgins@hotmail.com,3774858599,Premium,Cancelled,2025-10-30,-29.99
MEMBER-04967,Brianna Lowe,brianna.lowe@gmail.com,001-876-696-0383x47862,Premium,Active,2025-08-19,99.99
MEMBER-04968,Kristi Griffith,kristi.griffith@gmail.com,801-386-0503x50907,BASIC,Active,2026-07-14,-29.99
MEMBER-04969,Colin Horne,colin.horne@yahoo.com,2764703470,,Frozen,2025-07-30,99.99
MEMBER-04970,Vanessa Webb,vanessa.webb@yahoo.com,+1-564-562-2507x47621,Basic,Cancelled,2026-04-26,59.99
MEMBER-04971,Grace Hudson,grace.hudson@gmail.com,468-749-7071,,Active,2025-10-06,29.99
MEMBER-04972,Mark Garcia,mark.garcia@gmail.com,340-334-2875x673,VIP,Active,2026-05-13,-29.99
MEMBER-04973,Brandon Marshall,brandon.marshall@yahoo.com,6272912615,BASIC,Active,2026-01-20,59.99
MEMBER-04974,William Bullock,william.bullock@yahoo.com,(591)603-9348x1003,BASIC,Active,2026-02-04,29.99
MEMBER-04975,Matthew Mack,matthew.mack@gmail.com,374-322-1659,VIP,Frozen,2025-07-03,29.99
MEMBER-04976,Jill Maxwell,jill.maxwell@hotmail.com,001-813-567-8953x79280,VIP,Cancelled,2026-01-19,-29.99
MEMBER-04977,Rachel Caldwell,rachel.caldwell@gmail.com,481-772-9713x115,BASIC,Active,2024-11-03,59.99
MEMBER-04978,Amber Lloyd,amber.lloyd@yahoo.com,+1-721-612-1828x82914,BASIC,Active,2026-08-10,59.99
MEMBER-04979,Maria Williams,maria.williams@hotmail.com,643-532-1259x54324,VIP,Cancelled,2026-04-23,59.99
MEMBER-04980,Chelsea Thompson,chelsea.thompson@yahoo.com,910.450.8989x40816,VIP,Cancelled,2025-04-03,99.99
MEMBER-04981,Sarah Werner,sarah.werner@yahoo.com,001-335-710-7385,,Active,2026-06-16,29.99
MEMBER-04982,Veronica Roberts,veronica.roberts@gmail.com,(367)994-1540x946,Basic,Active,2025-04-29,29.99
MEMBER-04983,Michael Ortiz,michael.ortiz@yahoo.com,+1-201-287-1513,Basic,Cancelled,2025-07-30,-29.99
MEMBER-04984,Jacob Johnson,jacob.johnson@yahoo.com,329-392-6236,BASIC,Active,2025-07-07,59.99
MEMBER-04985,Scott Owens,scott.owens@yahoo.com,723-778-8507x9047,Basic,Active,2025-01-25,-29.99
MEMBER-04986,James Patton,james.patton@gmail.com,250.312.3290,Premium,Active,2026-05-04,59.99
MEMBER-04987,Darren Martin,darren.martin@yahoo.com,+1-334-315-8221x215,VIP,Frozen,2024-10-29,99.99
MEMBER-04988,Andrea Preston,andrea.preston@gmail.com,001-898-395-0665x935,,Active,2026-04-01,29.99
MEMBER-04989,Joseph Brown,joseph.brown@hotmail.com,001-914-652-8606x8921,Premium,Frozen,2025-04-17,99.99
MEMBER-04990,Travis Smith,travis.smith@yahoo.com,995-822-4994x989,Basic,Active,2026-08-18,29.99
MEMBER-04991,Jermaine Martinez,jermaine.martinez@gmail.com,9762941658,Basic,Active,2026-04-30,59.99
MEMBER-04992,Patricia Bailey,patricia.bailey@hotmail.com,(206)635-4167x853,Premium,Active,2025-05-20,-29.99
MEMBER-04993,Lee Marshall,lee.marshall@yahoo.com,+1-798-318-6324x3350,Basic,Frozen,2026-08-02,99.99
MEMBER-04994,Darin Orr,darin.orr@yahoo.com,716.526.9852x05660,,Active,2025-01-17,99.99
MEMBER-04995,Natalie Schneider,natalie.schneider@hotmail.com,446.956.3825x690,Premium,Active,2026-02-03,-29.99
MEMBER-04996,Phillip Roman,phillip.roman@hotmail.com,968.613.8910x208,,Frozen,2024-10-21,59.99
MEMBER-04997,Gregory Patel,gregory.patel@hotmail.com,765.900.3190,,Active,2025-12-02,-29.99
MEMBER-04998,Raven Hawkins,raven.hawkins@yahoo.com,842.220.8652x07748,,Cancelled,2025-02-12,99.99
MEMBER-04999,Michael Russell,michael.russell@gmail.com,781.716.9097x2732,Basic,Active,2026-07-12,99.99
MEMBER-05000,Kim Fischer,kim.fischer@hotmail.com,448.940.8522x8619,Premium,Active,2025-01-18,-29.99
MEMBER-05001,Ricky Carey,ricky.carey@gmail.com,(657)368-2996x7282,VIP,Frozen,2026-06-23,99.99
MEMBER-05002,Wendy Gross,wendy.gross@hotmail.com,486.780.4288x789,BASIC,Active,2026-06-12,59.99
MEMBER-05003,Ashley Foster,ashley.foster@yahoo.com,001-824-419-5415x717,VIP,Frozen,2025-08-06,59.99
MEMBER-05004,Ashley Ford,ashley.ford@gmail.com,+1-392-657-6555,Premium,Active,2025-08-26,59.99
MEMBER-05005,Rhonda Obrien,rhonda.obrien@hotmail.com,414.330.9953,Premium,Active,2025-11-20,29.99
MEMBER-05006,Barbara Wilkinson,barbara.wilkinson@gmail.com,+1-253-805-8654x8338,Basic,Active,2025-10-18,59.99
MEMBER-05007,Daniel Garcia,daniel.garcia@yahoo.com,(851)986-9756,Basic,Active,2024-12-13,59.99
MEMBER-05008,Marissa Frank,marissa.frank@hotmail.com,(524)609-7586x139,Premium,Active,2026-09-15,99.99
MEMBER-05009,Thomas Wade,thomas.wade@hotmail.com,(500)244-1850x060,VIP,Frozen,2025-10-18,59.99
MEMBER-05010,Sherry Douglas,sherry.douglas@hotmail.com,943.563.4861x56588,BASIC,Active,2025-05-10,-29.99
MEMBER-05011,Lorraine Mccullough,lorraine.mccullough@yahoo.com,+1-269-938-4137,Basic,Frozen,2025-11-05,59.99
MEMBER-05012,Thomas Perez,thomas.perez@hotmail.com,201.841.1826,BASIC,Active,2026-03-18,99.99
MEMBER-05013,Bradley Price,bradley.price@gmail.com,001-617-497-6467x057,Premium,Active,2024-09-26,59.99
MEMBER-05014,Maurice Holland,maurice.holland@hotmail.com,4002182606,VIP,Active,2024-12-26,29.99
MEMBER-05015,David Morrison,david.morrison@yahoo.com,+1-487-509-0904,Basic,Frozen,2025-01-20,-29.99
MEMBER-05016,Stephanie Fitzgerald,stephanie.fitzgerald@yahoo.com,945.664.5040,Premium,Active,2026-06-12,-29.99
MEMBER-05017,Dylan Bell,dylan.bell@hotmail.com,(220)921-3952,BASIC,Frozen,2026-06-25,-29.99
MEMBER-05018,Robert Green,robert.green@hotmail.com,559.932.5618,Premium,Frozen,2024-10-27,-29.99
MEMBER-05019,David Cooper,david.cooper@yahoo.com,641-966-2145x9848,VIP,Cancelled,2026-02-09,29.99
MEMBER-05020,Christian Davidson,christian.davidson@hotmail.com,001-836-317-5682,Premium,Frozen,2026-08-09,-29.99
MEMBER-05021,Katrina Caldwell,katrina.caldwell@yahoo.com,901-745-7004x01733,Basic,Active,2025-12-25,99.99
MEMBER-05022,Sophia Garcia,sophia.garcia@gmail.com,861.231.8839x55701,Premium,Active,2024-12-10,59.99
MEMBER-05023,Ronald Guerrero,ronald.guerrero@hotmail.com,001-659-442-5352x5370,Premium,Active,2024-10-18,99.99
MEMBER-05024,Marisa Hughes,marisa.hughes@hotmail.com,001-795-444-0809,Premium,Cancelled,2026-02-16,-29.99
MEMBER-05025,Elizabeth Taylor,elizabeth.taylor@gmail.com,+1-754-396-3083x9772,Basic,Active,2025-11-20,99.99
MEMBER-05026,Rhonda Perez,rhonda.perez@hotmail.com,+1-895-634-9102x6398,VIP,Frozen,2025-12-29,99.99
MEMBER-05027,Jeffery Phillips,jeffery.phillips@hotmail.com,+1-470-575-5453x882,Basic,Active,2026-02-10,-29.99
MEMBER-05028,Jessica Johnson,jessica.johnson@gmail.com,408.495.7438x267,,Cancelled,2025-09-03,59.99
MEMBER-05029,Michael Kaiser,michael.kaiser@yahoo.com,(880)479-8105x1314,Premium,Frozen,2025-12-21,99.99
MEMBER-05030,Maria Robinson,maria.robinson@hotmail.com,763.645.8723x63628,,Active,2026-08-21,59.99
MEMBER-05031,Debbie Matthews,debbie.matthews@gmail.com,845-275-8738,BASIC,Active,2025-07-08,-29.99
MEMBER-05032,Brandon Ellis,brandon.ellis@yahoo.com,315-224-7187,,Frozen,2026-02-15,-29.99
MEMBER-05033,Benjamin Blake,benjamin.blake@gmail.com,8355275172,Basic,Frozen,2025-01-04,99.99
MEMBER-05034,Joshua Torres,joshua.torres@hotmail.com,483.360.0298x4558,Basic,Active,2025-05-13,29.99
MEMBER-05035,Karen Soto,karen.soto@yahoo.com,001-327-901-8913x8872,BASIC,Active,2026-03-03,-29.99
MEMBER-05036,David Weaver,david.weaver@yahoo.com,9696668844,,Cancelled,2026-01-12,99.99
MEMBER-05037,John Hayes,john.hayes@gmail.com,(420)962-4807,,Cancelled,2025-05-04,-29.99
MEMBER-05038,Jay Hood,jay.hood@hotmail.com,(769)232-8743x420,VIP,Frozen,2025-01-30,29.99
MEMBER-05039,Justin Ochoa,justin.ochoa@gmail.com,(408)834-5037x350,Premium,Frozen,2026-09-03,-29.99
MEMBER-05040,Kimberly Thompson,kimberly.thompson@hotmail.com,+1-926-217-5154x18822,VIP,Active,2024-11-07,59.99
MEMBER-05041,Douglas Roy,douglas.roy@yahoo.com,001-613-799-9232x39874,Basic,Cancelled,2024-12-08,-29.99
MEMBER-05042,Sarah Lynn,sarah.lynn@gmail.com,460.278.6607x644,Premium,Active,2026-09-05,29.99
MEMBER-05043,Shawn Snyder,shawn.snyder@gmail.com,759.392.3312,BASIC,Active,2024-12-03,29.99
MEMBER-05044,William Jordan,william.jordan@hotmail.com,4547231126,VIP,Active,2026-05-23,29.99
MEMBER-05045,Shannon Burch,shannon.burch@hotmail.com,366-674-6550x575,,Frozen,2025-03-25,29.99
MEMBER-05046,Jonathan Rogers,jonathan.rogers@hotmail.com,(650)985-1154,BASIC,Cancelled,2026-03-16,99.99
MEMBER-05047,Maria Brooks,maria.brooks@hotmail.com,4464534254,Basic,Cancelled,2026-05-09,-29.99
MEMBER-05048,Walter Johnson,walter.johnson@gmail.com,001-826-902-9748x057,,Frozen,2026-02-27,59.99
MEMBER-05049,Lori Hebert,lori.hebert@yahoo.com,(301)288-9761,,Cancelled,2026-03-11,29.99
MEMBER-05050,Nicole Griffin,nicole.griffin@yahoo.com,302.786.6535,BASIC,Active,2026-06-24,99.99
MEMBER-05051,Melanie Marshall,melanie.marshall@gmail.com,+1-372-714-8688x23855,Premium,Active,2024-12-14,29.99
MEMBER-05052,Anthony Caldwell,anthony.caldwell@hotmail.com,246.667.3088,Basic,Cancelled,2025-11-21,99.99
MEMBER-05053,Elizabeth Rice,elizabeth.rice@gmail.com,001-872-574-6001x1156,Premium,Frozen,2026-09-26,99.99
MEMBER-05054,Crystal Mccann,crystal.mccann@gmail.com,5843855793,BASIC,Cancelled,2026-08-11,-29.99
MEMBER-05055,Eddie Smith,eddie.smith@yahoo.com,266.396.4846x1591,Premium,Cancelled,2025-05-16,99.99
MEMBER-05056,Luke Calhoun,luke.calhoun@yahoo.com,+1-217-530-4311x3875,Basic,Frozen,2024-11-21,99.99
MEMBER-05057,Dana Gross,dana.gross@hotmail.com,973-955-9971,,Active,2025-09-04,29.99
MEMBER-05058,Eric Wilson,eric.wilson@yahoo.com,901-462-5953x4547,Premium,Active,2025-11-14,29.99
MEMBER-05059,Rachel Lowe,rachel.lowe@hotmail.com,+1-537-925-9561x689,Premium,Active,2026-02-28,99.99
MEMBER-05060,Leslie Rodriguez,leslie.rodriguez@hotmail.com,702-970-3646,Premium,Active,2025-08-01,-29.99
MEMBER-05061,Carlos Soto,carlos.soto@gmail.com,(927)223-7543x547,VIP,Active,2024-12-27,-29.99
MEMBER-05062,Luis Jordan,luis.jordan@hotmail.com,5749869935,,Active,2026-04-07,-29.99
MEMBER-05063,Andrea Baker,andrea.baker@hotmail.com,766-259-1444,,Frozen,2026-07-23,29.99
MEMBER-05064,Kristin White,kristin.white@gmail.com,624-489-1427,VIP,Active,2026-08-26,99.99
MEMBER-05065,Erin Wagner,erin.wagner@gmail.com,(296)654-5827x372,Premium,Active,2024-12-23,59.99
MEMBER-05066,Ryan Shaffer,ryan.shaffer@gmail.com,+1-242-841-8504x890,,Frozen,2024-10-11,29.99
MEMBER-05067,Ralph Smith,ralph.smith@hotmail.com,001-276-424-0828x330,,Active,2025-09-25,29.99
MEMBER-05068,Jeffery Meyer,jeffery.meyer@gmail.com,+1-492-357-0267,Premium,Cancelled,2025-11-20,99.99
MEMBER-05069,Gary Burns,gary.burns@gmail.com,(877)231-7536x397,Premium,Cancelled,2025-03-16,-29.99
MEMBER-05070,Philip Hess,philip.hess@hotmail.com,339-768-2298x336,VIP,Active,2025-09-03,99.99
MEMBER-05071,Daniel Kelley,daniel.kelley@gmail.com,7038056441,BASIC,Active,2025-11-25,29.99
MEMBER-05072,Bethany Parks,bethany.parks@yahoo.com,328.775.8331x83902,,Active,2026-03-28,59.99
MEMBER-05073,Travis Li,travis.li@gmail.com,9836616228,Premium,Cancelled,2025-09-27,-29.99
MEMBER-05074,Jesse Miller,jesse.miller@gmail.com,3983204816,,Active,2025-02-19,59.99
MEMBER-05075,John Hinton,john.hinton@hotmail.com,+1-957-301-5896,BASIC,Active,2025-12-12,-29.99
MEMBER-05076,Robert Moore,robert.moore@yahoo.com,+1-830-826-6980x3273,VIP,Frozen,2025-07-21,59.99
MEMBER-05077,Gregory Smith,gregory.smith@gmail.com,974.712.8391,Basic,Active,2026-02-26,-29.99
MEMBER-05078,Leah Washington,leah.washington@yahoo.com,3824204730,Premium,Active,2025-04-18,99.99
MEMBER-05079,Barbara Johnson,barbara.johnson@yahoo.com,488-224-1833x567,Basic,Frozen,2025-09-29,99.99
MEMBER-05080,Erin Fleming,erin.fleming@hotmail.com,001-401-447-3427,BASIC,Active,2024-11-03,99.99
MEMBER-05081,Zachary Cochran,zachary.cochran@hotmail.com,+1-409-201-5174x89862,BASIC,Active,2025-08-08,59.99
MEMBER-05082,Amanda Barnes,amanda.barnes@gmail.com,(243)489-4152x35982,Basic,Active,2026-07-17,59.99
MEMBER-05083,Ashley Williams,ashley.williams@yahoo.com,001-665-515-1747x723,BASIC,Active,2026-03-11,99.99
MEMBER-05084,Russell Garrett,russell.garrett@yahoo.com,898.246.5033x504,Basic,Active,2026-03-25,99.99
MEMBER-05085,Wendy Garcia,wendy.garcia@hotmail.com,(276)950-9603,Premium,Frozen,2026-06-29,-29.99
MEMBER-05086,Mary Mcdowell,mary.mcdowell@hotmail.com,769-939-6322x99194,VIP,Active,2026-08-26,29.99
MEMBER-05087,Nicholas Wong,nicholas.wong@yahoo.com,539.297.1236,Basic,Frozen,2025-08-30,59.99
MEMBER-05088,David Walker,david.walker@yahoo.com,001-970-361-9878x018,VIP,Active,2025-08-11,59.99
MEMBER-05089,Nicole Pena,nicole.pena@hotmail.com,641.405.5672,VIP,Frozen,2025-09-10,-29.99
MEMBER-05090,Lisa Anderson,lisa.anderson@hotmail.com,+1-678-842-7171x3756,Basic,Frozen,2026-06-28,29.99
MEMBER-05091,Scott Farmer,scott.farmer@yahoo.com,764.289.3617,BASIC,Frozen,2026-08-12,99.99
MEMBER-05092,Vincent Sims,vincent.sims@yahoo.com,001-200-425-1882x816,BASIC,Active,2026-05-02,29.99
MEMBER-05093,Mark Wright,mark.wright@yahoo.com,211-402-2013x9216,VIP,Frozen,2025-01-19,59.99
MEMBER-05094,Samantha Golden,samantha.golden@hotmail.com,570.499.7263,Basic,Cancelled,2025-12-08,29.99
MEMBER-05095,James Compton,james.compton@hotmail.com,4026328521,VIP,Active,2024-10-02,29.99
MEMBER-05096,Billy Franco,billy.franco@gmail.com,417-648-6006x498,VIP,Frozen,2025-09-13,99.99
MEMBER-05097,Hannah Lynch,hannah.lynch@hotmail.com,(290)627-6999,Basic,Cancelled,2026-08-24,59.99
MEMBER-05098,Leslie Chambers,leslie.chambers@hotmail.com,(902)469-2782,,Active,2026-07-30,59.99
MEMBER-05099,Jessica Rivera,jessica.rivera@hotmail.com,237.745.3740x12684,Basic,Frozen,2025-08-15,99.99
MEMBER-05100,Kelly Thomas,kelly.thomas@gmail.com,(859)731-2483x82790,,Active,2026-05-18,99.99
MEMBER-05101,Mary Torres,mary.torres@yahoo.com,848.854.1323,,Frozen,2026-09-23,29.99
MEMBER-05102,Robin Butler,robin.butler@yahoo.com,(630)681-9733,BASIC,Active,2025-06-11,99.99
MEMBER-05103,Duane Smith,duane.smith@yahoo.com,001-924-820-5267x38890,BASIC,Active,2026-04-11,99.99
MEMBER-05104,Daniel Martinez,daniel.martinez@hotmail.com,+1-476-439-5400,VIP,Active,2024-10-02,59.99
MEMBER-05105,Jasmine Rich,jasmine.rich@yahoo.com,001-478-986-9512x70570,Basic,Active,2025-02-21,29.99
MEMBER-05106,Cynthia Townsend,cynthia.townsend@gmail.com,220.400.0390x11080,Basic,Active,2026-06-23,29.99
MEMBER-05107,Angie Jackson,angie.jackson@gmail.com,388.978.1514,BASIC,Frozen,2025-10-22,-29.99
MEMBER-05108,Beverly Martin,beverly.martin@yahoo.com,901-262-4295x5538,,Active,2025-12-13,99.99
MEMBER-05109,Timothy Perkins,timothy.perkins@yahoo.com,+1-942-720-5832x83715,Premium,Cancelled,2025-05-26,29.99
MEMBER-05110,Jonathan Bishop,jonathan.bishop@gmail.com,(442)646-6047,VIP,Cancelled,2025-10-27,59.99
MEMBER-05111,Joseph White,joseph.white@gmail.com,+1-900-214-3101x609,,Active,2026-04-21,29.99
MEMBER-05112,Ryan Banks,ryan.banks@yahoo.com,001-630-424-1935x0805,BASIC,Cancelled,2025-03-04,59.99
MEMBER-05113,Jeffrey Bell,jeffrey.bell@yahoo.com,351-781-3428,Premium,Cancelled,2024-11-30,-29.99
MEMBER-05114,Dominique Alexander,dominique.alexander@gmail.com,001-390-753-7999,Basic,Frozen,2026-02-19,59.99
MEMBER-05115,Paula Holloway,paula.holloway@gmail.com,+1-476-484-1816,BASIC,Cancelled,2025-07-24,29.99
MEMBER-05116,Darin Bush,darin.bush@yahoo.com,(743)541-9173,BASIC,Cancelled,2025-01-21,-29.99
MEMBER-05117,Brittany Wiley,brittany.wiley@yahoo.com,001-205-854-6321x8270,Premium,Frozen,2026-05-21,99.99
MEMBER-05118,Makayla Garrison,makayla.garrison@gmail.com,(886)410-8447x60779,Premium,Active,2025-11-04,-29.99
MEMBER-05119,Robert Case,robert.case@gmail.com,239.689.8525,,Frozen,2025-12-13,99.99
MEMBER-05120,Diana Holt,diana.holt@yahoo.com,(755)580-3153,Premium,Active,2024-11-15,-29.99
MEMBER-05121,Tiffany Lee,tiffany.lee@gmail.com,(321)448-5751x743,VIP,Active,2026-09-18,29.99
MEMBER-05122,Sandra Jenkins,sandra.jenkins@gmail.com,001-773-614-5726,Basic,Active,2025-02-17,59.99
MEMBER-05123,Marcus Palmer,marcus.palmer@yahoo.com,001-260-919-4611x6081,VIP,Cancelled,2025-05-15,59.99
MEMBER-05124,Elizabeth Knox,elizabeth.knox@yahoo.com,286-515-0855x1108,,Active,2024-10-07,59.99
MEMBER-05125,Richard Wilson,richard.wilson@yahoo.com,310.657.8703x7131,Premium,Active,2026-02-04,59.99
MEMBER-05126,Dennis Riggs,dennis.riggs@hotmail.com,910.303.6660x632,Premium,Active,2026-05-10,29.99
MEMBER-05127,Michael Nelson,michael.nelson@hotmail.com,960-769-5599x15242,BASIC,Cancelled,2026-02-25,59.99
MEMBER-05128,Brian Johnson,brian.johnson@yahoo.com,+1-215-536-4431x6230,VIP,Active,2024-09-30,29.99
MEMBER-05129,Anthony Craig,anthony.craig@hotmail.com,(508)323-5096,Premium,Active,2024-12-02,29.99
MEMBER-05130,Keith Sullivan,keith.sullivan@hotmail.com,267.868.4441x21917,BASIC,Active,2025-01-18,99.99
MEMBER-05131,Monica Garrett,monica.garrett@yahoo.com,+1-294-526-0320,Premium,Active,2026-02-22,59.99
MEMBER-05132,Ashley Moore,ashley.moore@gmail.com,342-259-4283x98112,Premium,Active,2025-06-13,99.99
MEMBER-05133,Brittany Russo,brittany.russo@gmail.com,(844)923-6025,VIP,Active,2025-03-27,-29.99
MEMBER-05134,Traci White,traci.white@gmail.com,+1-217-512-3209x554,,Frozen,2025-05-01,-29.99
MEMBER-05135,Jermaine Bennett,jermaine.bennett@hotmail.com,+1-886-591-4803x0665,Premium,Cancelled,2024-10-11,59.99
MEMBER-05136,Jessica Ramsey,jessica.ramsey@hotmail.com,3385755676,BASIC,Frozen,2025-04-20,59.99
MEMBER-05137,Ian Anderson,ian.anderson@gmail.com,743-304-7142x720,Premium,Active,2026-04-20,-29.99
MEMBER-05138,Lori Morrison,lori.morrison@yahoo.com,714-891-6111x2842,VIP,Active,2026-02-06,29.99
MEMBER-05139,Christopher Harper,christopher.harper@gmail.com,926.986.2513,VIP,Active,2025-01-14,-29.99
MEMBER-05140,Thomas Riddle,thomas.riddle@hotmail.com,5553590848,BASIC,Cancelled,2024-10-07,29.99
MEMBER-05141,Jay Adams,jay.adams@yahoo.com,+1-843-307-4982x097,Basic,Active,2025-01-16,99.99
MEMBER-05142,Taylor Mason,taylor.mason@hotmail.com,+1-801-422-6995x190,Premium,Active,2026-01-09,29.99
MEMBER-05143,Katherine Turner,katherine.turner@gmail.com,(720)530-6571x287,VIP,Cancelled,2025-03-14,99.99
MEMBER-05144,Tina Mcdowell,tina.mcdowell@hotmail.com,6809136049,VIP,Cancelled,2025-04-14,-29.99
MEMBER-05145,Jennifer Valencia,jennifer.valencia@gmail.com,242-654-8271,Basic,Active,2025-06-01,29.99
MEMBER-05146,Stephen Long,stephen.long@gmail.com,(996)425-8470,,Active,2024-12-24,99.99
MEMBER-05147,Theodore Simmons,theodore.simmons@hotmail.com,+1-999-659-0530x4431,VIP,Cancelled,2026-07-14,-29.99
MEMBER-05148,Brian Wright,brian.wright@hotmail.com,+1-559-507-0097x407,Premium,Frozen,2025-12-11,-29.99
MEMBER-05149,Stacy Robinson,stacy.robinson@gmail.com,001-709-309-3318x68398,BASIC,Frozen,2026-07-31,59.99
MEMBER-05150,Jonathan Reyes,jonathan.reyes@gmail.com,(266)939-1890x0918,BASIC,Cancelled,2025-03-26,-29.99
MEMBER-05151,Courtney Saunders,courtney.saunders@hotmail.com,001-851-241-9734,Premium,Active,2025-09-11,59.99
MEMBER-05152,Frances Davis,frances.davis@hotmail.com,954.950.7568x6804,BASIC,Active,2026-09-21,59.99
MEMBER-05153,Heidi Pruitt,heidi.pruitt@gmail.com,001-501-438-8597x87191,,Cancelled,2024-11-14,29.99
MEMBER-05154,David Freeman,david.freeman@hotmail.com,494-866-9614x79793,VIP,Frozen,2026-01-01,99.99
MEMBER-05155,Joseph Davis,joseph.davis@hotmail.com,652.795.4005,Basic,Frozen,2025-03-25,99.99
MEMBER-05156,Anthony Anderson,anthony.anderson@gmail.com,531-866-5189x9940,BASIC,Active,2026-02-21,29.99
MEMBER-05157,Nicole Richmond,nicole.richmond@yahoo.com,5295816878,,Active,2025-02-17,59.99
MEMBER-05158,Noah Martinez,noah.martinez@gmail.com,385.789.4729,VIP,Frozen,2025-07-11,59.99
MEMBER-05159,Craig Ortega,craig.ortega@gmail.com,001-983-462-3081,,Cancelled,2026-03-31,-29.99
MEMBER-05160,Raymond Hurley,raymond.hurley@yahoo.com,(912)442-0441x56820,,Active,2025-10-06,59.99
MEMBER-05161,Erin Larson,erin.larson@hotmail.com,+1-894-899-4018x9892,Basic,Frozen,2025-02-14,-29.99
MEMBER-05162,Patricia Saunders,patricia.saunders@hotmail.com,267.240.8656,,Frozen,2026-06-05,29.99
MEMBER-05163,Frederick Figueroa,frederick.figueroa@hotmail.com,270-934-9355x34176,BASIC,Cancelled,2026-01-04,59.99
MEMBER-05164,Pamela Boyd,pamela.boyd@yahoo.com,699.836.8919x5209,Basic,Frozen,2026-03-22,-29.99
MEMBER-05165,Samantha Mayer,samantha.mayer@yahoo.com,274.315.4633x441,VIP,Frozen,2025-02-10,59.99
MEMBER-05166,Angela Esparza,angela.esparza@hotmail.com,243-394-2074,BASIC,Frozen,2025-06-13,29.99
MEMBER-05167,Michael Ellis,michael.ellis@gmail.com,(965)722-7192x680,BASIC,Active,2024-10-23,59.99
MEMBER-05168,Destiny Duncan,destiny.duncan@yahoo.com,508.533.8880x697,Premium,Frozen,2025-11-11,29.99
MEMBER-05169,David Hunter,david.hunter@hotmail.com,+1-599-817-2352x88151,VIP,Frozen,2026-01-01,-29.99
MEMBER-05170,Kimberly Jackson,kimberly.jackson@yahoo.com,600-523-9770,Premium,Frozen,2024-11-16,-29.99
MEMBER-05171,Jared Kelly,jared.kelly@hotmail.com,(916)338-8832x899,Premium,Active,2024-10-27,29.99
MEMBER-05172,Mitchell Morris,mitchell.morris@hotmail.com,+1-281-311-8098x166,Basic,Active,2026-04-04,59.99
MEMBER-05173,David Romero,david.romero@yahoo.com,514.738.4011x5403,Premium,Active,2026-01-14,29.99
MEMBER-05174,Stephanie Franco,stephanie.franco@gmail.com,4709553096,Premium,Active,2025-09-08,-29.99
MEMBER-05175,Valerie Tran,valerie.tran@hotmail.com,468.930.1776x26094,,Active,2026-03-06,29.99
MEMBER-05176,Kyle Sanchez,kyle.sanchez@hotmail.com,(269)668-2606x928,,Active,2024-12-27,59.99
MEMBER-05177,Shannon Fuller,shannon.fuller@hotmail.com,+1-930-833-5003,Premium,Cancelled,2025-07-28,59.99
MEMBER-05178,Benjamin White,benjamin.white@hotmail.com,350-938-4710x68973,VIP,Active,2025-04-06,29.99
MEMBER-05179,Ryan Flowers,ryan.flowers@gmail.com,910.710.9459,VIP,Active,2026-02-22,-29.99
MEMBER-05180,Dalton Johnson,dalton.johnson@gmail.com,3733081634,Basic,Frozen,2024-10-12,-29.99
MEMBER-05181,Kathryn Smith,kathryn.smith@yahoo.com,001-325-477-2619x58436,Premium,Active,2025-10-16,99.99
MEMBER-05182,James Bell,james.bell@yahoo.com,+1-224-734-8228,Premium,Active,2025-09-08,29.99
MEMBER-05183,Oscar Zuniga,oscar.zuniga@hotmail.com,762.239.1613,VIP,Cancelled,2025-01-14,29.99
MEMBER-05184,Lance Atkins,lance.atkins@hotmail.com,952-456-8708x80635,BASIC,Frozen,2026-06-06,59.99
MEMBER-05185,Beth Underwood,beth.underwood@hotmail.com,+1-420-354-1372,Basic,Active,2025-02-10,59.99
MEMBER-05186,Samuel Ross,samuel.ross@yahoo.com,616.395.8006,BASIC,Frozen,2026-05-09,29.99
MEMBER-05187,Gabrielle Ballard,gabrielle.ballard@yahoo.com,6209122125,Basic,Cancelled,2026-05-14,99.99
MEMBER-05188,Eric Mills,eric.mills@yahoo.com,348.593.6980x22509,Basic,Active,2025-07-13,99.99
MEMBER-05189,Donna Quinn,donna.quinn@hotmail.com,+1-781-437-4214x15709,VIP,Active,2026-07-27,59.99
MEMBER-05190,David Avila,david.avila@yahoo.com,3592899261,Basic,Active,2026-03-02,29.99
MEMBER-05191,Kenneth Roberts,kenneth.roberts@yahoo.com,001-861-349-4340x5013,VIP,Cancelled,2026-07-03,59.99
MEMBER-05192,Carrie Chase,carrie.chase@hotmail.com,(475)745-2355x897,Premium,Cancelled,2025-07-06,29.99
MEMBER-05193,Aaron Weiss,aaron.weiss@gmail.com,411-408-7154x099,Premium,Cancelled,2026-01-18,59.99
MEMBER-05194,Sarah Chambers,sarah.chambers@yahoo.com,(762)997-2548x35459,Premium,Cancelled,2025-02-18,99.99
MEMBER-05195,Ryan Turner,ryan.turner@hotmail.com,(950)402-3097x296,BASIC,Active,2025-11-20,-29.99
MEMBER-05196,Randy Miller,randy.miller@hotmail.com,(285)690-4062,Premium,Cancelled,2026-07-27,29.99
MEMBER-05197,Jeffery Campbell,jeffery.campbell@gmail.com,(430)813-0113,Basic,Cancelled,2025-04-01,99.99
MEMBER-05198,John Ryan,john.ryan@yahoo.com,549.366.6867x34815,VIP,Active,2025-02-15,59.99
MEMBER-05199,Gary Calhoun,gary.calhoun@hotmail.com,6435605690,Basic,Cancelled,2025-08-12,-29.99
MEMBER-05200,Kristina Miles,kristina.miles@hotmail.com,001-244-269-4421x1067,BASIC,Active,2025-07-02,59.99
MEMBER-05201,Jason Shields,jason.shields@gmail.com,(661)251-8710,VIP,Active,2026-03-05,59.99
MEMBER-05202,Mariah Hill,mariah.hill@yahoo.com,363-689-8922x840,BASIC,Active,2026-04-14,29.99
MEMBER-05203,Jonathan Soto,jonathan.soto@yahoo.com,001-605-373-5805,Premium,Cancelled,2025-08-26,29.99
MEMBER-05204,John Dixon,john.dixon@hotmail.com,(775)500-6921,Premium,Active,2026-01-13,29.99
MEMBER-05205,Diamond Fleming,diamond.fleming@gmail.com,206-574-8179x89033,BASIC,Cancelled,2026-08-11,59.99
MEMBER-05206,Brittany Olson,brittany.olson@hotmail.com,+1-781-930-1217x09944,VIP,Frozen,2024-11-19,-29.99
MEMBER-05207,Amber Clark,amber.clark@gmail.com,7295061691,Premium,Cancelled,2025-08-14,-29.99
MEMBER-05208,Wendy Brown,wendy.brown@yahoo.com,3764967025,BASIC,Cancelled,2025-09-29,-29.99
MEMBER-05209,Linda Harrison,linda.harrison@gmail.com,(468)657-8105,VIP,Frozen,2024-11-13,99.99
MEMBER-05210,Robert Stanley,robert.stanley@hotmail.com,(231)785-5256x76787,,Cancelled,2026-08-26,29.99
MEMBER-05211,Joyce Nielsen,joyce.nielsen@gmail.com,266-791-1534,Premium,Active,2025-01-16,99.99
MEMBER-05212,Katrina Taylor,katrina.taylor@hotmail.com,001-996-496-9768x69900,BASIC,Active,2025-10-21,29.99
MEMBER-05213,Linda Wilson,linda.wilson@gmail.com,513-579-6404x970,,Active,2025-05-20,59.99
MEMBER-05214,Cody Allen,cody.allen@gmail.com,255-977-0183,Basic,Cancelled,2025-10-25,29.99
MEMBER-05215,Kevin Hull,kevin.hull@hotmail.com,(245)360-9432,,Active,2025-02-25,-29.99
MEMBER-05216,Tina Hernandez,tina.hernandez@gmail.com,393.554.0357,,Cancelled,2026-07-22,29.99
MEMBER-05217,James Castro,james.castro@yahoo.com,327.781.2196x5735,,Cancelled,2026-02-18,59.99
MEMBER-05218,Sheila Jarvis,sheila.jarvis@yahoo.com,3664076647,Premium,Cancelled,2025-04-25,29.99
MEMBER-05219,Jason Simon,jason.simon@yahoo.com,+1-283-248-5497x5157,,Active,2025-05-27,59.99
MEMBER-05220,Megan Hall,megan.hall@yahoo.com,+1-497-336-0630x1798,,Active,2026-04-30,99.99
MEMBER-05221,Blake Rogers,blake.rogers@gmail.com,383.332.8596x8345,,Active,2025-08-23,99.99
MEMBER-05222,Megan Jones,megan.jones@gmail.com,(551)851-3822x2629,VIP,Frozen,2026-05-11,59.99
MEMBER-05223,Matthew Kelley,matthew.kelley@yahoo.com,001-499-860-5204x8825,Premium,Active,2026-06-23,-29.99
MEMBER-05224,Erica Maldonado,erica.maldonado@gmail.com,001-638-985-1586x9409,BASIC,Cancelled,2026-08-13,59.99
MEMBER-05225,Chris Schmidt,chris.schmidt@gmail.com,+1-791-278-0766x154,Premium,Active,2026-02-18,59.99
MEMBER-05226,Stephanie Simmons,stephanie.simmons@hotmail.com,800.513.6512x201,,Active,2025-07-03,29.99
MEMBER-05227,Sean Morrison,sean.morrison@gmail.com,(447)425-9856x8421,BASIC,Active,2025-10-28,99.99
MEMBER-05228,Rachel Guzman,rachel.guzman@yahoo.com,654.414.3019,BASIC,Cancelled,2025-07-30,99.99
MEMBER-05229,Nicole Murray,nicole.murray@gmail.com,(232)651-5310x4308,VIP,Active,2025-06-01,29.99
MEMBER-05230,Jeffrey Johnson,jeffrey.johnson@gmail.com,(859)304-7547,Basic,Active,2025-09-22,29.99
MEMBER-05231,Daniel Robinson,daniel.robinson@hotmail.com,918-346-9172x84712,Basic,Active,2026-01-12,99.99
MEMBER-05232,Susan Hernandez,susan.hernandez@gmail.com,719-987-8333x3065,Premium,Active,2026-05-17,29.99
MEMBER-05233,Randy Allen,randy.allen@yahoo.com,(920)922-7961,Premium,Active,2026-02-25,29.99
MEMBER-05234,Anthony Miller,anthony.miller@gmail.com,+1-608-555-1729,BASIC,Frozen,2025-03-17,29.99
MEMBER-05235,Janet Wilson,janet.wilson@hotmail.com,896.283.5405x25640,,Active,2026-01-30,59.99
MEMBER-05236,Matthew Parker,matthew.parker@gmail.com,(390)708-8950,VIP,Frozen,2025-10-18,-29.99
MEMBER-05237,Gabriella Porter,gabriella.porter@yahoo.com,4637622982,Basic,Frozen,2024-10-05,99.99
MEMBER-05238,Michael Hicks,michael.hicks@yahoo.com,412.235.8484,VIP,Cancelled,2025-12-14,29.99
MEMBER-05239,Joseph Mills,joseph.mills@yahoo.com,962-504-2457x972,,Cancelled,2026-05-15,-29.99
MEMBER-05240,Christopher Allen,christopher.allen@hotmail.com,+1-921-618-0829x380,VIP,Active,2025-03-11,29.99
MEMBER-05241,Allison Cooper,allison.cooper@hotmail.com,829.903.2165x155,Premium,Cancelled,2025-03-29,99.99
MEMBER-05242,Jody Gonzales,jody.gonzales@gmail.com,9725778765,,Active,2025-01-21,99.99
MEMBER-05243,Kelly Johnson,kelly.johnson@hotmail.com,505.802.1192x5058,BASIC,Active,2026-04-02,29.99
MEMBER-05244,Adrienne Jackson,adrienne.jackson@gmail.com,502.645.5267x469,,Active,2025-05-19,-29.99
MEMBER-05245,Jake Todd,jake.todd@gmail.com,+1-537-421-3027,Basic,Active,2025-01-01,29.99
MEMBER-05246,Kimberly Turner,kimberly.turner@hotmail.com,900-404-5344x4622,Basic,Frozen,2025-10-19,59.99
MEMBER-05247,Charles Hernandez,charles.hernandez@gmail.com,533-947-7204x844,BASIC,Frozen,2025-07-20,99.99
MEMBER-05248,Renee Thomas,renee.thomas@hotmail.com,(455)999-4848,Basic,Frozen,2025-06-24,99.99
MEMBER-05249,Barbara Diaz,barbara.diaz@hotmail.com,+1-976-394-1300,,Cancelled,2024-11-06,-29.99
MEMBER-05250,Robert Robinson,robert.robinson@hotmail.com,+1-716-893-1824x4649,BASIC,Active,2026-08-12,59.99
MEMBER-05251,Jackie Powers,jackie.powers@yahoo.com,(860)320-7624x5130,BASIC,Cancelled,2026-07-19,99.99
MEMBER-05252,Karen Stevens,karen.stevens@gmail.com,885-779-4941x8442,,Cancelled,2026-03-04,99.99
MEMBER-05253,Joshua Walsh,joshua.walsh@gmail.com,605.675.4941x587,VIP,Active,2026-01-02,99.99
MEMBER-05254,David Wade,david.wade@gmail.com,(929)851-8589,VIP,Cancelled,2025-10-30,-29.99
MEMBER-05255,Christopher James,christopher.james@yahoo.com,(308)791-4908x769,Basic,Active,2025-09-22,-29.99
MEMBER-05256,Joshua Fischer,joshua.fischer@gmail.com,8489690802,Basic,Active,2026-04-14,59.99
MEMBER-05257,Willie Martin,willie.martin@hotmail.com,6939427497,Premium,Active,2025-06-02,-29.99
MEMBER-05258,George Gordon,george.gordon@gmail.com,(751)456-2499x372,,Frozen,2024-10-22,29.99
MEMBER-05259,Joseph Johnson,joseph.johnson@yahoo.com,9424637599,,Cancelled,2025-12-13,59.99
MEMBER-05260,Shelby Torres,shelby.torres@hotmail.com,958.757.6050x57599,Basic,Active,2026-04-01,99.99
MEMBER-05261,James Harvey,james.harvey@gmail.com,001-618-681-9405,Basic,Active,2025-08-13,-29.99
MEMBER-05262,Jessica Calhoun,jessica.calhoun@hotmail.com,589-235-8058,VIP,Active,2025-09-05,29.99
MEMBER-05263,Paul Gardner,paul.gardner@hotmail.com,4543260244,VIP,Frozen,2024-12-07,59.99
MEMBER-05264,Timothy Perez,timothy.perez@hotmail.com,996-227-4368x4850,,Active,2024-11-16,-29.99
MEMBER-05265,John Graves,john.graves@gmail.com,(935)350-4405,Premium,Cancelled,2024-11-05,-29.99
MEMBER-05266,Madison Guerrero,madison.guerrero@yahoo.com,(608)302-0110,Premium,Active,2025-01-15,-29.99
MEMBER-05267,Stephanie Hicks,stephanie.hicks@hotmail.com,(304)796-0225x09201,VIP,Cancelled,2025-06-13,59.99
MEMBER-05268,Frank Miller,frank.miller@gmail.com,827.202.6125x92797,Basic,Cancelled,2025-04-09,-29.99
MEMBER-05269,Brandon Hayes,brandon.hayes@hotmail.com,001-630-210-0849x525,,Frozen,2026-07-28,59.99
MEMBER-05270,Alan Doyle,alan.doyle@yahoo.com,+1-918-489-3457x64947,,Frozen,2025-07-23,-29.99
MEMBER-05271,Holly Contreras,holly.contreras@hotmail.com,+1-811-561-6466x6326,VIP,Cancelled,2026-02-25,29.99
MEMBER-05272,Jasmine Miller,jasmine.miller@hotmail.com,(797)687-6824,Premium,Active,2025-10-24,59.99
MEMBER-05273,Megan Miller,megan.miller@yahoo.com,(763)457-5484,VIP,Active,2025-05-16,59.99
MEMBER-05274,Anthony Reed,anthony.reed@yahoo.com,668-933-1421,Basic,Frozen,2025-02-11,99.99
MEMBER-05275,Diana Marsh,diana.marsh@gmail.com,427.905.5440,Basic,Active,2025-05-13,29.99
MEMBER-05276,Regina Davis,regina.davis@gmail.com,632-405-8920x790,BASIC,Frozen,2025-07-21,-29.99
MEMBER-05277,Sarah Phelps,sarah.phelps@yahoo.com,436-776-3485,Premium,Frozen,2026-03-11,99.99
MEMBER-05278,Stephanie Franklin,stephanie.franklin@yahoo.com,703.812.0132x79685,VIP,Active,2025-06-03,59.99
MEMBER-05279,Crystal Jones,crystal.jones@gmail.com,278.500.2810x5939,BASIC,Cancelled,2024-11-07,99.99
MEMBER-05280,Nicholas Solis,nicholas.solis@gmail.com,(670)221-4929x0783,VIP,Cancelled,2024-12-13,99.99
MEMBER-05281,Andrew Stevens,andrew.stevens@gmail.com,(202)610-9859x306,Premium,Active,2025-02-25,29.99
MEMBER-05282,William Hernandez,william.hernandez@hotmail.com,935-439-4118,BASIC,Active,2025-09-24,99.99
MEMBER-05283,Joseph Cooley,joseph.cooley@hotmail.com,531.375.6136,BASIC,Frozen,2024-12-23,99.99
MEMBER-05284,Michael Hendricks,michael.hendricks@hotmail.com,+1-755-949-1780x885,,Active,2025-07-28,59.99
MEMBER-05285,Joel Martinez,joel.martinez@hotmail.com,(225)631-6402x37393,Basic,Frozen,2025-07-08,59.99
MEMBER-05286,Jennifer Steele,jennifer.steele@yahoo.com,229-786-0377,,Cancelled,2025-04-15,99.99
MEMBER-05287,Eric Patton,eric.patton@gmail.com,902.477.7217x8872,VIP,Cancelled,2026-05-14,-29.99
MEMBER-05288,Paul Smith,paul.smith@hotmail.com,812.435.4836,,Active,2025-05-31,99.99
MEMBER-05289,Jeremy Bennett,jeremy.bennett@gmail.com,+1-332-739-5302,Basic,Frozen,2025-06-14,29.99
MEMBER-05290,Ashley Lopez,ashley.lopez@gmail.com,001-731-259-1051,VIP,Cancelled,2026-02-16,59.99
MEMBER-05291,Timothy Logan,timothy.logan@yahoo.com,(928)210-8918,Premium,Cancelled,2026-08-17,99.99
MEMBER-05292,Zachary Hansen,zachary.hansen@gmail.com,4032889113,Premium,Frozen,2025-03-24,99.99
MEMBER-05293,Reginald Hart,reginald.hart@gmail.com,237.949.6126,Basic,Active,2025-01-06,59.99
MEMBER-05294,Kylie Shaw,kylie.shaw@yahoo.com,+1-434-546-9690x910,Premium,Active,2024-11-26,29.99
MEMBER-05295,Becky Allen,becky.allen@hotmail.com,001-480-544-6007x9194,Basic,Active,2025-06-09,-29.99
MEMBER-05296,Christine Robbins,christine.robbins@gmail.com,2277304997,Basic,Active,2025-06-03,59.99
MEMBER-05297,Kayla Rodriguez,kayla.rodriguez@yahoo.com,301.411.6705,Premium,Active,2026-03-12,59.99
MEMBER-05298,Charles Wells,charles.wells@gmail.com,335-442-3653x75584,BASIC,Cancelled,2026-02-01,59.99
MEMBER-05299,Andrea Reyes,andrea.reyes@yahoo.com,(349)614-8596,BASIC,Frozen,2026-07-03,59.99
MEMBER-05300,Richard Pena,richard.pena@hotmail.com,447-639-8930x16127,Basic,Active,2025-02-13,29.99
MEMBER-05301,Nicholas Gentry,nicholas.gentry@gmail.com,550-471-6892,Basic,Active,2026-05-20,-29.99
MEMBER-05302,Kathleen Kline,kathleen.kline@gmail.com,946-275-3015,VIP,Active,2025-06-09,29.99
MEMBER-05303,Michael Mclaughlin,michael.mclaughlin@gmail.com,630-627-6799x182,BASIC,Active,2024-10-02,29.99
MEMBER-05304,Juan Melendez,juan.melendez@hotmail.com,+1-632-342-0095,Basic,Cancelled,2024-10-26,59.99
MEMBER-05305,Sarah Pham,sarah.pham@yahoo.com,(897)596-7642,Basic,Active,2026-04-10,29.99
MEMBER-05306,Jeremy Clark,jeremy.clark@gmail.com,325.662.1274,VIP,Active,2024-10-06,29.99
MEMBER-05307,Jenna Wood,jenna.wood@yahoo.com,+1-829-377-2916x16934,,Cancelled,2025-09-18,29.99
MEMBER-05308,Natalie Foster,natalie.foster@hotmail.com,282.607.9520x757,Premium,Active,2026-05-28,99.99
MEMBER-05309,Courtney Lindsey,courtney.lindsey@yahoo.com,+1-837-515-3037,BASIC,Active,2026-03-07,99.99
MEMBER-05310,Daniel Dudley,daniel.dudley@yahoo.com,816.974.3121x82725,VIP,Active,2025-03-18,-29.99
MEMBER-05311,Teresa Ortega,teresa.ortega@yahoo.com,717.884.1647,Basic,Cancelled,2024-10-14,-29.99
MEMBER-05312,Mary Lawson,mary.lawson@gmail.com,575-641-5796x14282,VIP,Frozen,2025-01-10,59.99
MEMBER-05313,Holly Jackson,holly.jackson@hotmail.com,388.562.2353x422,Basic,Active,2026-08-27,99.99
MEMBER-05314,Dawn Page,dawn.page@yahoo.com,+1-879-273-2598,,Active,2026-01-13,29.99
MEMBER-05315,Barbara Erickson,barbara.erickson@gmail.com,001-494-275-8598x93443,,Frozen,2026-05-16,29.99
MEMBER-05316,Nicole Garcia,nicole.garcia@yahoo.com,+1-609-645-1779x01715,,Frozen,2025-12-09,59.99
MEMBER-05317,Melissa Flores,melissa.flores@yahoo.com,462.836.0768,Premium,Active,2025-03-22,-29.99
MEMBER-05318,Sean Blackburn,sean.blackburn@gmail.com,(685)796-4652x1572,VIP,Active,2025-07-18,59.99
MEMBER-05319,Jennifer Nguyen,jennifer.nguyen@yahoo.com,(643)898-9979x30700,BASIC,Cancelled,2025-08-10,59.99
MEMBER-05320,Robert Ball,robert.ball@hotmail.com,(422)261-2471x305,Premium,Cancelled,2025-07-29,59.99
MEMBER-05321,Joseph Johnson,joseph.johnson@hotmail.com,001-519-717-0669,Basic,Cancelled,2025-05-14,-29.99
MEMBER-05322,Wendy Lynch,wendy.lynch@hotmail.com,+1-802-911-4091x5581,VIP,Frozen,2026-08-27,99.99
MEMBER-05323,James Robinson,james.robinson@hotmail.com,001-997-904-9835x632,BASIC,Active,2024-11-01,29.99
MEMBER-05324,Jason Jones,jason.jones@hotmail.com,828.987.5257,VIP,Active,2025-06-23,99.99
MEMBER-05325,Sarah White,sarah.white@yahoo.com,679.479.7525,Premium,Active,2024-12-12,29.99
MEMBER-05326,Shelly Davis,shelly.davis@hotmail.com,868-549-5982,VIP,Active,2026-09-10,99.99
MEMBER-05327,Savannah Collins,savannah.collins@hotmail.com,759-305-3754x9904,Premium,Active,2026-05-11,-29.99
MEMBER-05328,Carl Scott,carl.scott@gmail.com,208-798-7269,BASIC,Active,2026-08-18,29.99
MEMBER-05329,Christina Parker,christina.parker@gmail.com,773.392.6669,,Active,2026-02-12,29.99
MEMBER-05330,Alyssa Miranda,alyssa.miranda@hotmail.com,6399473125,Premium,Active,2024-10-31,29.99
MEMBER-05331,Tyler Davis,tyler.davis@hotmail.com,+1-876-274-0028x6741,Basic,Cancelled,2026-09-14,29.99
MEMBER-05332,Shawn Hodges,shawn.hodges@hotmail.com,450.647.8825x56612,,Cancelled,2024-11-03,99.99
MEMBER-05333,Mary Hernandez,mary.hernandez@hotmail.com,227.640.6470x887,BASIC,Active,2025-05-09,29.99
MEMBER-05334,Ashley Brewer,ashley.brewer@hotmail.com,6735027587,Basic,Active,2026-08-09,59.99
MEMBER-05335,Veronica Harmon,veronica.harmon@yahoo.com,8002943659,BASIC,Active,2026-06-20,99.99
MEMBER-05336,Nicole Rogers,nicole.rogers@yahoo.com,922-433-6069x434,Premium,Active,2025-12-24,59.99
MEMBER-05337,Erica Riley,erica.riley@hotmail.com,821.352.9959,Premium,Frozen,2026-04-26,99.99
MEMBER-05338,Lauren Sims,lauren.sims@hotmail.com,354.481.8826x49094,VIP,Active,2025-07-11,-29.99
MEMBER-05339,Pamela Webb,pamela.webb@yahoo.com,(633)503-4584x09430,,Cancelled,2026-02-04,-29.99
MEMBER-05340,Kaitlin Boyer,kaitlin.boyer@yahoo.com,001-547-205-4719x961,,Active,2025-08-31,-29.99
MEMBER-05341,Caitlyn Castillo,caitlyn.castillo@gmail.com,413.608.0287x8527,BASIC,Active,2025-05-25,59.99
MEMBER-05342,Susan Larsen,susan.larsen@hotmail.com,535-317-1711x88221,,Cancelled,2025-09-05,99.99
MEMBER-05343,Dustin Bennett,dustin.bennett@gmail.com,628.200.0195,VIP,Active,2025-11-05,29.99
MEMBER-05344,Danielle Moyer,danielle.moyer@yahoo.com,+1-550-833-4670x577,Premium,Frozen,2026-02-28,29.99
MEMBER-05345,Joseph Sheppard,joseph.sheppard@gmail.com,(626)695-6209,,Active,2026-03-27,59.99
MEMBER-05346,Danielle Miller,danielle.miller@hotmail.com,+1-602-588-2398,VIP,Frozen,2025-09-30,59.99
MEMBER-05347,Taylor Martinez,taylor.martinez@gmail.com,583-218-5175,BASIC,Cancelled,2026-01-21,-29.99
MEMBER-05348,Dawn Martin,dawn.martin@hotmail.com,6483681820,Basic,Cancelled,2025-01-01,59.99
MEMBER-05349,Tammy Carlson,tammy.carlson@gmail.com,506-398-3214x45686,VIP,Active,2025-05-24,29.99
MEMBER-05350,Robert Peters,robert.peters@yahoo.com,001-404-311-5166x95539,Basic,Frozen,2025-11-15,-29.99
MEMBER-05351,Corey Vazquez,corey.vazquez@hotmail.com,(246)948-8078,Basic,Active,2024-11-06,99.99
MEMBER-05352,Laura Vasquez,laura.vasquez@gmail.com,001-383-292-2282,,Active,2025-01-11,99.99
MEMBER-05353,David Zhang,david.zhang@gmail.com,448.441.7193,VIP,Cancelled,2025-06-10,29.99
MEMBER-05354,Seth Davis,seth.davis@yahoo.com,+1-418-250-6419x773,BASIC,Frozen,2025-03-13,59.99
MEMBER-05355,Randall Dyer,randall.dyer@gmail.com,998-870-3784x4576,BASIC,Active,2026-03-05,-29.99
MEMBER-05356,Jason Goodman,jason.goodman@gmail.com,001-631-992-9932x239,VIP,Active,2026-05-24,29.99
MEMBER-05357,Elizabeth Johnson,elizabeth.johnson@gmail.com,5508671566,,Frozen,2025-11-13,59.99
MEMBER-05358,Heidi Jordan,heidi.jordan@hotmail.com,+1-601-709-9973x48290,,Frozen,2024-10-04,-29.99
MEMBER-05359,Nicole Vasquez,nicole.vasquez@gmail.com,001-566-930-5625x9722,,Cancelled,2024-10-14,59.99
MEMBER-05360,Betty Davis,betty.davis@yahoo.com,828-284-5831x6049,VIP,Active,2026-01-23,99.99
MEMBER-05361,Daniel Harris,daniel.harris@yahoo.com,526.429.2875x045,Basic,Frozen,2026-08-23,59.99
MEMBER-05362,Rachel Moreno,rachel.moreno@yahoo.com,+1-758-502-5769,Premium,Cancelled,2026-01-07,29.99
MEMBER-05363,Tammy Moore,tammy.moore@gmail.com,001-308-796-6417x28855,Premium,Cancelled,2026-02-15,99.99
MEMBER-05364,Mark Harper,mark.harper@yahoo.com,(334)352-3852x146,Premium,Active,2026-09-08,-29.99
MEMBER-05365,Jennifer Brown,jennifer.brown@hotmail.com,(459)679-4223x413,,Active,2025-01-29,-29.99
MEMBER-05366,Robert Kent,robert.kent@hotmail.com,+1-789-836-5195x654,,Active,2024-10-01,-29.99
MEMBER-05367,Jeremy Powell,jeremy.powell@gmail.com,+1-273-999-6417x657,Premium,Active,2025-09-09,29.99
MEMBER-05368,Tamara Wheeler,tamara.wheeler@hotmail.com,820-503-2586,BASIC,Active,2025-10-06,29.99
MEMBER-05369,Anthony Miller,anthony.miller@hotmail.com,001-587-409-1266x717,BASIC,Cancelled,2025-03-11,59.99
MEMBER-05370,Jamie Munoz,jamie.munoz@gmail.com,402.871.5133,VIP,Cancelled,2025-12-25,59.99
MEMBER-05371,Billy Daniels,billy.daniels@hotmail.com,263.876.2742,VIP,Frozen,2024-11-02,59.99
MEMBER-05372,Benjamin Garcia,benjamin.garcia@gmail.com,(441)664-4796,,Cancelled,2025-11-23,29.99
MEMBER-05373,Caroline Anderson,caroline.anderson@hotmail.com,774-484-8741,VIP,Active,2026-06-18,99.99
MEMBER-05374,Alexander Clark,alexander.clark@yahoo.com,554.888.0617x473,BASIC,Active,2026-05-27,59.99
MEMBER-05375,Roger Mitchell,roger.mitchell@gmail.com,534.849.9856x47255,,Active,2025-05-29,99.99
MEMBER-05376,Gabriella Pratt,gabriella.pratt@hotmail.com,(756)305-9233x892,Basic,Cancelled,2025-08-17,-29.99
MEMBER-05377,Rebecca Silva,rebecca.silva@gmail.com,001-506-683-1292x850,,Frozen,2026-06-21,59.99
MEMBER-05378,Christopher Jacobson,christopher.jacobson@hotmail.com,4707671515,BASIC,Frozen,2026-06-04,29.99
MEMBER-05379,Mary Page,mary.page@hotmail.com,001-362-317-0087x8132,,Active,2026-07-12,-29.99
MEMBER-05380,Daniel Rodriguez,daniel.rodriguez@hotmail.com,001-627-798-4058x273,VIP,Active,2026-01-06,29.99
MEMBER-05381,Chelsea Macdonald,chelsea.macdonald@yahoo.com,(698)798-9208x582,Premium,Active,2026-06-07,-29.99
MEMBER-05382,Martin Conner,martin.conner@gmail.com,+1-916-730-7335x9985,BASIC,Active,2024-11-21,59.99
MEMBER-05383,David Beasley,david.beasley@hotmail.com,(453)476-9848,Premium,Frozen,2026-03-01,99.99
MEMBER-05384,Jose Davis,jose.davis@gmail.com,001-342-207-1015x633,Basic,Frozen,2026-01-29,59.99
MEMBER-05385,Kim Bailey,kim.bailey@hotmail.com,664.449.3229x3307,VIP,Active,2026-08-19,59.99
MEMBER-05386,James Dunn,james.dunn@gmail.com,604-698-8069,Premium,Frozen,2024-10-24,99.99
MEMBER-05387,Richard Harris,richard.harris@yahoo.com,(413)466-1592,Basic,Active,2025-04-24,59.99
MEMBER-05388,Brianna Sanchez,brianna.sanchez@gmail.com,(669)371-6991x755,BASIC,Cancelled,2025-04-02,29.99
MEMBER-05389,Javier Robertson,javier.robertson@yahoo.com,+1-611-630-0105x89911,Basic,Active,2026-06-01,-29.99
MEMBER-05390,Jeffrey Sherman,jeffrey.sherman@hotmail.com,001-824-594-1561x3546,BASIC,Active,2025-12-06,29.99
MEMBER-05391,Allen Lee,allen.lee@hotmail.com,256.656.1911x294,Basic,Active,2026-04-30,59.99
MEMBER-05392,Bobby Thomas,bobby.thomas@gmail.com,319-975-0288x7338,Basic,Active,2025-04-17,59.99
MEMBER-05393,Michael Jensen,michael.jensen@hotmail.com,(362)875-7777x832,,Frozen,2025-09-12,29.99
MEMBER-05394,Pamela Harris,pamela.harris@yahoo.com,(265)668-3720,Basic,Active,2025-05-28,-29.99
MEMBER-05395,Calvin Long,calvin.long@yahoo.com,(291)451-7827x335,,Active,2024-12-23,99.99
MEMBER-05396,Kevin Garcia,kevin.garcia@gmail.com,499-489-8237,Basic,Frozen,2025-04-12,29.99
MEMBER-05397,David Thomas,david.thomas@yahoo.com,529-207-1223x025,VIP,Active,2026-09-21,-29.99
MEMBER-05398,Adam Downs,adam.downs@gmail.com,724.384.4440,BASIC,Cancelled,2025-02-26,59.99
MEMBER-05399,Eileen West,eileen.west@yahoo.com,+1-488-770-5548x0057,,Active,2026-05-13,-29.99
MEMBER-05400,Eric Andrews,eric.andrews@yahoo.com,593-409-9823x3215,Premium,Active,2025-11-02,99.99
MEMBER-05401,Monica White,monica.white@gmail.com,820.618.6162,Premium,Frozen,2025-06-25,99.99
MEMBER-05402,Virginia Brown,virginia.brown@hotmail.com,6789721138,Basic,Active,2026-01-31,-29.99
MEMBER-05403,Mary Parker,mary.parker@gmail.com,(474)793-0038,BASIC,Frozen,2026-08-13,-29.99
MEMBER-05404,Micheal James,micheal.james@gmail.com,757-937-0388,Premium,Active,2025-09-03,-29.99
MEMBER-05405,David Kaufman,david.kaufman@gmail.com,001-833-936-0635x99990,Premium,Active,2026-02-04,-29.99
MEMBER-05406,Michele Taylor,michele.taylor@hotmail.com,775-408-1053,Premium,Cancelled,2026-07-31,99.99
MEMBER-05407,Dale Holder,dale.holder@gmail.com,(896)652-2119,Basic,Active,2026-04-19,-29.99
MEMBER-05408,Joseph Miller,joseph.miller@gmail.com,418-712-9168x606,BASIC,Active,2026-07-16,29.99
MEMBER-05409,Jason Butler,jason.butler@hotmail.com,838-918-4878,Premium,Active,2026-07-09,99.99
MEMBER-05410,Theodore Jones,theodore.jones@gmail.com,001-409-733-2076,Basic,Active,2026-07-18,99.99
MEMBER-05411,Timothy Miller,timothy.miller@hotmail.com,(462)285-9169x158,Basic,Cancelled,2026-01-20,59.99
MEMBER-05412,Christopher Leach,christopher.leach@gmail.com,(967)558-0827x33779,Premium,Active,2024-11-19,59.99
MEMBER-05413,Jade Clay,jade.clay@hotmail.com,001-936-557-4858x6858,Basic,Cancelled,2026-02-16,99.99
MEMBER-05414,Jacob Alvarez,jacob.alvarez@yahoo.com,438.572.3414,VIP,Cancelled,2025-12-18,59.99
MEMBER-05415,Christina Howe,christina.howe@gmail.com,996-786-2113,VIP,Active,2026-01-08,29.99
MEMBER-05416,Roy Mason,roy.mason@yahoo.com,001-320-467-9723x8428,BASIC,Active,2025-07-31,-29.99
MEMBER-05417,Susan Lawrence,susan.lawrence@yahoo.com,+1-449-600-1038x01219,Basic,Cancelled,2026-01-30,59.99
MEMBER-05418,Sarah Powell,sarah.powell@gmail.com,402.997.3995,Basic,Active,2026-04-30,59.99
MEMBER-05419,Kevin Bartlett,kevin.bartlett@gmail.com,+1-221-232-8390x684,Basic,Active,2026-05-01,29.99
MEMBER-05420,Lucas Murphy,lucas.murphy@gmail.com,001-635-413-0399,Premium,Active,2026-04-19,59.99
MEMBER-05421,Brad Haas,brad.haas@gmail.com,001-630-534-2289x95182,,Frozen,2025-01-01,59.99
MEMBER-05422,Mitchell Kane,mitchell.kane@yahoo.com,509-548-4645x56990,BASIC,Active,2025-08-01,99.99
MEMBER-05423,Melissa Ramirez,melissa.ramirez@gmail.com,757-843-4797,BASIC,Active,2025-05-12,59.99
MEMBER-05424,Cynthia Moore,cynthia.moore@gmail.com,429.299.6043,Premium,Active,2026-02-11,29.99
MEMBER-05425,Rodney Norton,rodney.norton@gmail.com,270-643-7965,,Frozen,2025-02-28,99.99
MEMBER-05426,Jaime Murray,jaime.murray@gmail.com,317-949-0978x276,VIP,Active,2026-03-13,59.99
MEMBER-05427,Teresa Douglas,teresa.douglas@yahoo.com,(907)943-7517,,Frozen,2025-10-26,29.99
MEMBER-05428,Tiffany Vaughan,tiffany.vaughan@gmail.com,(310)381-6588x787,Premium,Active,2025-12-13,99.99
MEMBER-05429,Phillip Ibarra,phillip.ibarra@yahoo.com,877-853-1627x970,,Active,2026-07-23,29.99
MEMBER-05430,Ashley Carlson,ashley.carlson@yahoo.com,(615)940-3289x262,BASIC,Frozen,2025-06-11,99.99
MEMBER-05431,John Russell,john.russell@yahoo.com,(780)328-9461x4554,Basic,Cancelled,2026-07-28,-29.99
MEMBER-05432,Daniel Gross,daniel.gross@yahoo.com,895-683-9821x57095,Premium,Frozen,2025-07-19,29.99
MEMBER-05433,Rachel Thornton,rachel.thornton@yahoo.com,(672)530-8554x4364,BASIC,Active,2025-10-01,29.99
MEMBER-05434,Kevin Gill,kevin.gill@yahoo.com,001-608-387-6883,Premium,Active,2025-08-25,-29.99
MEMBER-05435,Beverly Martinez,beverly.martinez@yahoo.com,362.889.4806x335,,Cancelled,2025-01-13,59.99
MEMBER-05436,Jennifer Glover,jennifer.glover@yahoo.com,488.209.3676x6177,Basic,Active,2026-01-27,59.99
MEMBER-05437,Dana Jackson,dana.jackson@hotmail.com,693-790-2001,Basic,Active,2024-10-20,59.99
MEMBER-05438,Chris Wolf,chris.wolf@gmail.com,444-600-9037x2247,Basic,Cancelled,2025-01-20,99.99
MEMBER-05439,Lisa Walker,lisa.walker@yahoo.com,(996)405-8082x3006,,Active,2026-03-09,59.99
MEMBER-05440,Wayne Long,wayne.long@hotmail.com,955-264-2260x81759,,Frozen,2024-12-26,-29.99
MEMBER-05441,Mackenzie Trujillo,mackenzie.trujillo@hotmail.com,7803479490,,Active,2025-07-12,59.99
MEMBER-05442,Abigail Holmes,abigail.holmes@hotmail.com,625.381.2027x25811,BASIC,Cancelled,2025-08-25,59.99
MEMBER-05443,Wyatt Morgan,wyatt.morgan@yahoo.com,(973)613-2851x552,Basic,Cancelled,2026-01-25,99.99
MEMBER-05444,David Myers,david.myers@yahoo.com,219.902.3368x287,BASIC,Active,2024-10-15,99.99
MEMBER-05445,Tyler Aguilar,tyler.aguilar@yahoo.com,(205)829-1775,Premium,Active,2025-03-23,29.99
MEMBER-05446,Maria Thomas,maria.thomas@yahoo.com,001-869-284-3112x409,BASIC,Active,2026-02-14,-29.99
MEMBER-05447,John Ross,john.ross@hotmail.com,+1-895-670-4118x535,Basic,Active,2025-01-01,-29.99
MEMBER-05448,Jeremy Kaiser,jeremy.kaiser@yahoo.com,721-896-3461x087,Basic,Active,2024-10-14,-29.99
MEMBER-05449,Sean Patton,sean.patton@yahoo.com,481.824.0579,Premium,Active,2025-11-28,59.99
MEMBER-05450,Donald Sloan,donald.sloan@hotmail.com,001-248-537-5160x614,Basic,Frozen,2026-07-26,29.99
MEMBER-05451,Sharon Miller,sharon.miller@hotmail.com,(573)600-9746x524,BASIC,Cancelled,2025-11-20,29.99
MEMBER-05452,James Douglas,james.douglas@gmail.com,450-664-5334x9569,Premium,Cancelled,2024-10-05,59.99
MEMBER-05453,Curtis Holmes,curtis.holmes@hotmail.com,498-664-6848x08522,VIP,Frozen,2025-10-30,59.99
MEMBER-05454,Timothy Fields,timothy.fields@gmail.com,(736)729-8259,Basic,Active,2024-11-30,99.99
MEMBER-05455,Cole Juarez,cole.juarez@hotmail.com,6689400067,Basic,Frozen,2026-03-21,-29.99
MEMBER-05456,Sarah Davis,sarah.davis@hotmail.com,420-211-1628,Basic,Frozen,2026-04-20,-29.99
MEMBER-05457,Michael Stevenson,michael.stevenson@yahoo.com,999-203-9709,,Cancelled,2025-05-16,29.99
MEMBER-05458,Cheryl Thompson,cheryl.thompson@gmail.com,261-921-9997x52547,,Cancelled,2025-11-14,29.99
MEMBER-05459,Amber Diaz,amber.diaz@hotmail.com,747-225-1212x0865,,Cancelled,2025-12-22,99.99
MEMBER-05460,Ashley Mendoza,ashley.mendoza@gmail.com,+1-643-305-8471x634,,Active,2025-05-31,-29.99
MEMBER-05461,Daniel Hall,daniel.hall@yahoo.com,924-403-6012,,Active,2025-09-16,99.99
MEMBER-05462,Adam Randolph,adam.randolph@yahoo.com,(702)740-2635x68879,Premium,Active,2025-01-27,99.99
MEMBER-05463,Audrey Davis,audrey.davis@gmail.com,(929)416-9670x8323,,Active,2026-07-12,59.99
MEMBER-05464,Michael Kelley,michael.kelley@hotmail.com,300-817-0476x4003,Premium,Active,2024-11-02,99.99
MEMBER-05465,Nicholas Lee,nicholas.lee@yahoo.com,724-843-3749,Basic,Cancelled,2025-10-24,-29.99
MEMBER-05466,Zachary Hudson,zachary.hudson@hotmail.com,(873)447-0724,,Frozen,2025-06-10,99.99
MEMBER-05467,Christy Aguilar,christy.aguilar@hotmail.com,496.586.2055x06728,Premium,Frozen,2025-07-24,99.99
MEMBER-05468,Alan Young,alan.young@yahoo.com,(433)991-9986,,Active,2026-03-29,29.99
MEMBER-05469,Timothy Reeves,timothy.reeves@gmail.com,(587)348-9282,VIP,Frozen,2026-05-31,-29.99
MEMBER-05470,James Benitez,james.benitez@hotmail.com,799.312.3065x533,,Active,2025-09-09,29.99
MEMBER-05471,Olivia Evans,olivia.evans@yahoo.com,001-646-584-6719x471,BASIC,Active,2026-02-19,99.99
MEMBER-05472,Donna Hobbs,donna.hobbs@yahoo.com,661-972-4053,Premium,Cancelled,2025-09-10,-29.99
MEMBER-05473,Dustin Lee,dustin.lee@gmail.com,833.661.4345,BASIC,Active,2025-11-13,-29.99
MEMBER-05474,Jillian Reyes,jillian.reyes@gmail.com,+1-815-239-5730x3341,Premium,Cancelled,2025-05-19,29.99
MEMBER-05475,Melody Hughes,melody.hughes@hotmail.com,9707950142,,Active,2025-07-05,99.99
MEMBER-05476,Darlene Blair,darlene.blair@gmail.com,(635)540-5701x3632,BASIC,Active,2026-09-03,29.99
MEMBER-05477,Amber Sandoval,amber.sandoval@yahoo.com,001-457-715-9669x914,BASIC,Active,2024-11-09,-29.99
MEMBER-05478,Jose Miller,jose.miller@yahoo.com,371-332-7147,BASIC,Cancelled,2025-11-22,-29.99
MEMBER-05479,Luis Allen,luis.allen@hotmail.com,4693066131,,Active,2026-06-12,59.99
MEMBER-05480,David Carpenter,david.carpenter@hotmail.com,646.868.3516x123,Premium,Frozen,2026-04-02,59.99
MEMBER-05481,Darrell Andrews,darrell.andrews@yahoo.com,439.430.9065,BASIC,Active,2025-12-06,99.99
MEMBER-05482,Jerome Mccormick,jerome.mccormick@gmail.com,001-746-734-8186,,Active,2025-12-21,-29.99
MEMBER-05483,Deborah Henderson,deborah.henderson@gmail.com,(289)514-9088x99212,Premium,Cancelled,2026-04-26,99.99
MEMBER-05484,Courtney Spencer,courtney.spencer@gmail.com,+1-673-463-6567x56965,Basic,Frozen,2024-10-20,29.99
MEMBER-05485,Brittany Reilly,brittany.reilly@hotmail.com,(827)950-4465,VIP,Active,2024-10-22,-29.99
MEMBER-05486,Daniel Butler,daniel.butler@gmail.com,+1-399-688-5849x16584,,Frozen,2025-05-09,-29.99
MEMBER-05487,Daniel Fox,daniel.fox@yahoo.com,7522573499,,Active,2025-03-12,29.99
MEMBER-05488,Blake Clark,blake.clark@hotmail.com,(644)490-0915,Basic,Cancelled,2025-01-30,99.99
MEMBER-05489,Christopher Hansen,christopher.hansen@yahoo.com,723.507.4874,,Cancelled,2025-04-21,99.99
MEMBER-05490,Laura Gates,laura.gates@gmail.com,507-749-0257,VIP,Frozen,2025-12-21,99.99
MEMBER-05491,Stephen Martin,stephen.martin@gmail.com,666-974-6493x2516,Premium,Active,2025-04-13,-29.99
MEMBER-05492,Jack Banks,jack.banks@gmail.com,989-272-3985,,Active,2025-08-03,59.99
MEMBER-05493,Ryan Howard,ryan.howard@gmail.com,588-253-0346x867,Premium,Frozen,2025-04-10,99.99
MEMBER-05494,Mary Brown,mary.brown@hotmail.com,5099536567,Premium,Cancelled,2025-02-18,59.99
MEMBER-05495,Cassandra White,cassandra.white@hotmail.com,001-576-812-8844x14253,,Frozen,2024-10-10,-29.99
MEMBER-05496,Renee Odonnell,renee.odonnell@yahoo.com,+1-608-687-7578x735,Premium,Cancelled,2025-08-11,29.99
MEMBER-05497,Lisa Dickson,lisa.dickson@gmail.com,553.757.4620x66527,VIP,Active,2026-04-04,59.99
MEMBER-05498,Carla James,carla.james@yahoo.com,(889)880-0176,VIP,Active,2026-07-26,99.99
MEMBER-05499,Roy Porter,roy.porter@gmail.com,863-207-5925x79776,Premium,Frozen,2026-05-19,-29.99
MEMBER-05500,Arthur Lang,arthur.lang@gmail.com,(373)413-7265,Premium,Frozen,2025-06-04,-29.99
MEMBER-05501,Larry Peterson,larry.peterson@hotmail.com,001-325-223-4021,Premium,Cancelled,2025-08-03,-29.99
MEMBER-05502,Justin Wilkerson,justin.wilkerson@yahoo.com,+1-777-294-4774x920,,Cancelled,2025-03-11,59.99
MEMBER-05503,Curtis Malone,curtis.malone@yahoo.com,969.321.9167,VIP,Frozen,2026-05-30,29.99
MEMBER-05504,Anthony Sanders,anthony.sanders@hotmail.com,001-347-993-8028x39278,Premium,Active,2025-11-07,-29.99
MEMBER-05505,Bonnie Kelly,bonnie.kelly@gmail.com,986.390.3004x5129,VIP,Frozen,2026-09-11,29.99
MEMBER-05506,Pamela Perry,pamela.perry@yahoo.com,361-237-0181,BASIC,Frozen,2026-03-28,-29.99
MEMBER-05507,Sean Bradford,sean.bradford@yahoo.com,(278)745-1271,,Frozen,2026-08-19,29.99
MEMBER-05508,Donna Robinson,donna.robinson@hotmail.com,001-783-849-8778x941,,Frozen,2025-09-30,-29.99
MEMBER-05509,Brittany Maldonado,brittany.maldonado@hotmail.com,408.568.4762x59967,VIP,Frozen,2025-02-26,59.99
MEMBER-05510,Kevin Hughes,kevin.hughes@hotmail.com,478-291-7710,Basic,Cancelled,2025-03-05,99.99
MEMBER-05511,Todd Hamilton,todd.hamilton@gmail.com,589-847-4717,,Active,2025-10-31,29.99
MEMBER-05512,John Tucker,john.tucker@hotmail.com,(338)524-6987x16855,Basic,Active,2024-12-01,-29.99
MEMBER-05513,Frank Schultz,frank.schultz@yahoo.com,615.528.1590,Premium,Active,2025-08-07,59.99
MEMBER-05514,Danielle Singh,danielle.singh@gmail.com,001-315-416-3945,,Frozen,2026-06-09,59.99
MEMBER-05515,Amy Terry,amy.terry@hotmail.com,330-389-8179,VIP,Active,2026-07-18,29.99
MEMBER-05516,Ruth Nguyen,ruth.nguyen@hotmail.com,972.348.3430x67416,VIP,Cancelled,2025-01-02,-29.99
MEMBER-05517,Joe Warren,joe.warren@hotmail.com,939-997-9688,VIP,Active,2026-05-26,99.99
MEMBER-05518,Gregory Hill,gregory.hill@yahoo.com,(843)567-5235,VIP,Active,2025-09-23,29.99
MEMBER-05519,Craig Beck,craig.beck@hotmail.com,997.333.5613x08524,VIP,Frozen,2025-12-17,59.99
MEMBER-05520,Neil Perez,neil.perez@gmail.com,5776218716,Basic,Cancelled,2025-05-27,59.99
MEMBER-05521,Michelle Monroe,michelle.monroe@yahoo.com,548.639.9741x35312,VIP,Cancelled,2025-08-08,-29.99
MEMBER-05522,Cynthia Jackson,cynthia.jackson@hotmail.com,001-978-337-0124,BASIC,Active,2026-09-13,59.99
MEMBER-05523,Brian Salas,brian.salas@gmail.com,9389333112,BASIC,Active,2026-02-09,99.99
MEMBER-05524,Jon Scott,jon.scott@gmail.com,869.566.2428x2376,Basic,Active,2025-09-09,99.99
MEMBER-05525,William Rodgers,william.rodgers@gmail.com,806.667.1237,Premium,Active,2026-08-08,99.99
MEMBER-05526,Tara Walker,tara.walker@hotmail.com,764.654.8273,Basic,Active,2025-11-26,99.99
MEMBER-05527,Maria Curtis,maria.curtis@yahoo.com,(414)498-7108x2968,Premium,Active,2025-05-25,-29.99
MEMBER-05528,Deborah Bailey,deborah.bailey@gmail.com,001-447-721-5563,,Active,2025-01-18,-29.99
MEMBER-05529,Nathaniel Hicks,nathaniel.hicks@hotmail.com,285.682.1240x23814,,Active,2026-01-19,59.99
MEMBER-05530,Melody Williams,melody.williams@hotmail.com,831.533.1256x809,BASIC,Active,2026-02-16,99.99
MEMBER-05531,Kristen Shaw,kristen.shaw@gmail.com,(559)945-5701x72785,VIP,Cancelled,2025-04-17,59.99
MEMBER-05532,Jennifer Morgan,jennifer.morgan@yahoo.com,664.214.9286,,Frozen,2024-12-24,-29.99
MEMBER-05533,Angelica Waters,angelica.waters@gmail.com,829-500-2107,Premium,Cancelled,2026-09-16,99.99
MEMBER-05534,Nicholas Lawson,nicholas.lawson@gmail.com,3514093282,,Active,2026-03-28,-29.99
MEMBER-05535,Michael Castro,michael.castro@yahoo.com,(502)598-1352,Basic,Frozen,2025-11-03,-29.99
MEMBER-05536,Amanda Daniels,amanda.daniels@yahoo.com,878-267-9630x23598,BASIC,Active,2024-11-09,99.99
MEMBER-05537,Brian Smith,brian.smith@hotmail.com,(583)552-4150x7652,VIP,Cancelled,2025-05-29,59.99
MEMBER-05538,Timothy Ball,timothy.ball@hotmail.com,865-709-2980,BASIC,Frozen,2026-09-21,99.99
MEMBER-05539,Stacey Bell,stacey.bell@yahoo.com,8129740129,VIP,Frozen,2026-09-23,-29.99
MEMBER-05540,Robert Taylor,robert.taylor@hotmail.com,001-454-476-7192x247,VIP,Frozen,2024-12-27,99.99
MEMBER-05541,Jessica Young,jessica.young@gmail.com,(888)707-6129x270,Premium,Cancelled,2026-05-21,99.99
MEMBER-05542,Tonya Walker,tonya.walker@yahoo.com,(212)411-2379x2814,,Active,2025-01-31,29.99
MEMBER-05543,Kathleen Hanson,kathleen.hanson@gmail.com,001-558-674-7441x2404,BASIC,Frozen,2025-02-18,29.99
MEMBER-05544,Jennifer Rose,jennifer.rose@hotmail.com,433.751.1582x70245,Premium,Active,2025-12-07,29.99
MEMBER-05545,Margaret Robinson,margaret.robinson@yahoo.com,(433)521-1194x70117,Basic,Cancelled,2026-08-23,99.99
MEMBER-05546,Ashley Walker,ashley.walker@hotmail.com,990-710-7623,VIP,Cancelled,2025-06-21,59.99
MEMBER-05547,Ronald Rodriguez,ronald.rodriguez@gmail.com,+1-801-567-4302x1206,Basic,Cancelled,2025-02-05,59.99
MEMBER-05548,Jody Hayes,jody.hayes@gmail.com,001-858-694-8328,Basic,Frozen,2026-03-16,99.99
MEMBER-05549,Tammy Nelson,tammy.nelson@gmail.com,(563)305-9683x2823,Basic,Cancelled,2025-10-03,29.99
MEMBER-05550,Thomas Hancock,thomas.hancock@yahoo.com,001-949-733-5468x1755,VIP,Frozen,2025-12-01,-29.99
MEMBER-05551,Vernon Payne,vernon.payne@yahoo.com,(886)560-9685x0756,Basic,Cancelled,2025-11-15,-29.99
MEMBER-05552,Philip Thompson,philip.thompson@gmail.com,+1-284-610-1795,,Cancelled,2026-01-09,29.99
MEMBER-05553,Patricia Wood,patricia.wood@hotmail.com,(303)956-2380x25557,VIP,Frozen,2025-12-29,99.99
MEMBER-05554,Justin Powell,justin.powell@gmail.com,+1-895-314-6747x02375,,Active,2026-01-20,-29.99
MEMBER-05555,Samantha Ferrell,samantha.ferrell@gmail.com,746-524-1674x974,,Active,2025-12-08,59.99
MEMBER-05556,Paul French,paul.french@hotmail.com,718.221.1814,BASIC,Cancelled,2025-08-20,-29.99
MEMBER-05557,Daniel Hoffman,daniel.hoffman@hotmail.com,001-463-644-0608,BASIC,Active,2025-09-26,99.99
MEMBER-05558,Elizabeth Norton,elizabeth.norton@gmail.com,+1-422-497-8309x9179,BASIC,Cancelled,2026-04-05,29.99
MEMBER-05559,Cheyenne Leach,cheyenne.leach@gmail.com,001-998-290-8553x2777,Premium,Frozen,2025-06-30,59.99
MEMBER-05560,Nathan Morton,nathan.morton@gmail.com,218.719.6247x665,VIP,Frozen,2026-08-03,59.99
MEMBER-05561,Rebecca Gonzalez,rebecca.gonzalez@hotmail.com,+1-675-774-4510x1598,Basic,Cancelled,2025-07-03,59.99
MEMBER-05562,Michael Cook,michael.cook@yahoo.com,(332)817-9140,,Active,2025-04-13,59.99
MEMBER-05563,James Cooper,james.cooper@yahoo.com,961-470-2972,Premium,Active,2024-11-07,59.99
MEMBER-05564,Mary Friedman,mary.friedman@hotmail.com,655-646-9726x142,Premium,Cancelled,2025-11-04,29.99
MEMBER-05565,Jason Williamson,jason.williamson@gmail.com,001-675-672-3089x6126,VIP,Active,2025-07-20,29.99
MEMBER-05566,Michael Carrillo,michael.carrillo@gmail.com,437.723.4238x238,BASIC,Active,2025-08-09,29.99
MEMBER-05567,Matthew King,matthew.king@yahoo.com,001-637-568-2874x259,,Cancelled,2025-10-03,-29.99
MEMBER-05568,Rebekah Mcgee,rebekah.mcgee@hotmail.com,+1-818-815-8084x9947,VIP,Active,2026-01-26,59.99
MEMBER-05569,Evan Perez,evan.perez@yahoo.com,(448)386-3592,Premium,Active,2026-07-07,99.99
MEMBER-05570,Virginia Trevino,virginia.trevino@hotmail.com,437.853.6143,Basic,Cancelled,2026-01-06,-29.99
MEMBER-05571,Julie Wood,julie.wood@yahoo.com,(788)624-0919x41229,BASIC,Active,2025-09-13,-29.99
MEMBER-05572,Andrew Scott,andrew.scott@hotmail.com,+1-493-319-2649x928,Premium,Cancelled,2025-09-14,99.99
MEMBER-05573,John Mitchell,john.mitchell@yahoo.com,(898)367-3921x121,BASIC,Active,2025-11-04,99.99
MEMBER-05574,Steven Manning,steven.manning@gmail.com,4104292718,VIP,Frozen,2026-03-14,99.99
MEMBER-05575,Christine Smith,christine.smith@yahoo.com,467-650-7504x612,BASIC,Cancelled,2025-10-13,-29.99
MEMBER-05576,Daniel Miller,daniel.miller@yahoo.com,339.364.5067x6146,Premium,Active,2025-09-14,99.99
MEMBER-05577,Kimberly James,kimberly.james@hotmail.com,001-569-939-1109,Premium,Active,2026-08-02,-29.99
MEMBER-05578,Jessica Bradley,jessica.bradley@gmail.com,936.674.1304x504,BASIC,Cancelled,2026-04-24,29.99
MEMBER-05579,Joshua Bryan,joshua.bryan@yahoo.com,383.573.9007,BASIC,Active,2025-08-16,59.99
MEMBER-05580,Heather Ayala,heather.ayala@hotmail.com,001-610-861-8355,BASIC,Active,2026-08-02,-29.99
MEMBER-05581,Bethany Green,bethany.green@yahoo.com,707-392-3595,Premium,Active,2024-11-04,-29.99
MEMBER-05582,Shawn Murphy,shawn.murphy@yahoo.com,+1-957-802-7892x9214,Premium,Cancelled,2025-01-04,-29.99
MEMBER-05583,Eric Howell,eric.howell@hotmail.com,001-292-642-8031,Premium,Cancelled,2026-06-04,29.99
MEMBER-05584,Ronald Wilson,ronald.wilson@yahoo.com,001-726-459-9387,VIP,Cancelled,2025-11-24,59.99
MEMBER-05585,David Hawkins,david.hawkins@yahoo.com,(772)271-8508x1463,Premium,Cancelled,2025-11-25,-29.99
MEMBER-05586,Megan Cox,megan.cox@yahoo.com,001-316-333-9282,Premium,Active,2025-11-09,-29.99
MEMBER-05587,Paul Adams,paul.adams@gmail.com,+1-701-218-0386,VIP,Active,2025-03-03,99.99
MEMBER-05588,Michelle Hughes,michelle.hughes@yahoo.com,(255)275-1842x3814,Premium,Cancelled,2025-08-04,59.99
MEMBER-05589,Richard Gutierrez,richard.gutierrez@hotmail.com,(525)981-6022,Premium,Frozen,2026-04-01,99.99
MEMBER-05590,Travis Sims,travis.sims@yahoo.com,(805)949-5222x498,Premium,Cancelled,2026-09-10,99.99
MEMBER-05591,Christine Collins,christine.collins@gmail.com,3585592775,,Frozen,2024-09-30,99.99
MEMBER-05592,Dawn Beck,dawn.beck@hotmail.com,232.397.2914x0226,BASIC,Active,2025-05-08,-29.99
MEMBER-05593,Linda Brady,linda.brady@gmail.com,250-766-6540x79137,BASIC,Active,2025-09-25,59.99
MEMBER-05594,Courtney Martinez,courtney.martinez@gmail.com,(972)535-6625,Premium,Active,2025-02-17,99.99
MEMBER-05595,Joann Wolf,joann.wolf@hotmail.com,(484)245-6552x0133,Premium,Active,2025-07-06,99.99
MEMBER-05596,Tracy Lang,tracy.lang@gmail.com,919.340.2071x277,VIP,Frozen,2026-01-22,-29.99
MEMBER-05597,Christopher Garcia,christopher.garcia@yahoo.com,+1-760-982-8219x2726,,Active,2025-06-13,59.99
MEMBER-05598,Kristin Wilkinson,kristin.wilkinson@gmail.com,+1-532-276-7330x229,BASIC,Active,2025-11-28,29.99
MEMBER-05599,Keith Fernandez,keith.fernandez@yahoo.com,001-611-416-0886x21649,Premium,Cancelled,2024-10-10,-29.99
MEMBER-05600,Tammy Thomas,tammy.thomas@hotmail.com,783-525-2448,Basic,Cancelled,2024-12-14,29.99
MEMBER-05601,Victor White,victor.white@hotmail.com,(215)356-7192,VIP,Cancelled,2025-02-14,-29.99
MEMBER-05602,Jorge Bruce,jorge.bruce@yahoo.com,371-254-4396,,Active,2025-10-10,29.99
MEMBER-05603,Jacqueline Lee,jacqueline.lee@yahoo.com,(734)399-3726,Premium,Active,2026-07-14,99.99
MEMBER-05604,Barbara Massey,barbara.massey@gmail.com,720.258.5374,Premium,Cancelled,2025-04-17,59.99
MEMBER-05605,Alexandra Sherman,alexandra.sherman@yahoo.com,(942)433-6939x0914,Premium,Active,2024-10-14,29.99
MEMBER-05606,Alex Richard,alex.richard@hotmail.com,225-773-7821,Premium,Frozen,2025-08-06,-29.99
MEMBER-05607,Stephen Oconnell,stephen.oconnell@hotmail.com,838.906.6525,Basic,Cancelled,2024-10-10,59.99
MEMBER-05608,Matthew Davenport,matthew.davenport@gmail.com,535-635-6502x6715,Basic,Active,2026-04-12,99.99
MEMBER-05609,Leon Castillo,leon.castillo@hotmail.com,504-949-9271x108,,Active,2025-12-09,-29.99
MEMBER-05610,Bryan Chavez,bryan.chavez@hotmail.com,+1-680-241-8656x73856,,Active,2026-04-14,99.99
MEMBER-05611,Andrew Wilson,andrew.wilson@gmail.com,639-205-3215x96360,Premium,Frozen,2026-03-18,99.99
MEMBER-05612,Jennifer Rubio,jennifer.rubio@yahoo.com,001-317-719-4945x283,Premium,Cancelled,2025-03-22,-29.99
MEMBER-05613,Nicole Shaw,nicole.shaw@yahoo.com,7105528227,Basic,Active,2025-04-28,59.99
MEMBER-05614,Leah Vazquez,leah.vazquez@yahoo.com,575.467.4436x32250,Basic,Frozen,2026-03-16,99.99
MEMBER-05615,Melody Moses,melody.moses@yahoo.com,381.973.2265x7114,Premium,Active,2025-03-06,29.99
MEMBER-05616,Mackenzie Goodman,mackenzie.goodman@hotmail.com,577.884.2659x7984,,Frozen,2026-05-20,29.99
MEMBER-05617,Gregory Jones,gregory.jones@gmail.com,+1-211-542-3081x83726,BASIC,Active,2026-04-08,99.99
MEMBER-05618,Kevin Leon,kevin.leon@gmail.com,889.802.3673x963,Premium,Cancelled,2026-01-11,29.99
MEMBER-05619,David Alexander,david.alexander@yahoo.com,001-300-917-4538x8322,Basic,Cancelled,2026-07-24,59.99
MEMBER-05620,Kyle Moore,kyle.moore@gmail.com,216.343.0359,,Frozen,2025-11-27,29.99
MEMBER-05621,Charles Jones,charles.jones@gmail.com,(310)450-2538,Basic,Frozen,2026-03-10,59.99
MEMBER-05622,Heather Anthony,heather.anthony@yahoo.com,(497)395-5936x65455,BASIC,Frozen,2026-07-08,59.99
MEMBER-05623,Alyssa Mejia,alyssa.mejia@gmail.com,+1-659-954-4863,Basic,Cancelled,2024-11-13,29.99
MEMBER-05624,William White,william.white@yahoo.com,6607810998,,Active,2025-02-09,-29.99
MEMBER-05625,Patricia Garrison,patricia.garrison@yahoo.com,(619)488-0242x74341,Basic,Cancelled,2026-08-18,-29.99
MEMBER-05626,Joseph Huynh,joseph.huynh@hotmail.com,8485148539,Basic,Active,2024-11-28,59.99
MEMBER-05627,Ana Vargas,ana.vargas@yahoo.com,+1-834-573-7257x730,BASIC,Active,2025-11-27,59.99
MEMBER-05628,Nathaniel Fields,nathaniel.fields@yahoo.com,790-980-6342,Premium,Active,2026-07-17,59.99
MEMBER-05629,Cassidy Gonzales,cassidy.gonzales@yahoo.com,(457)662-2978,Premium,Active,2025-10-29,-29.99
MEMBER-05630,Catherine Davis,catherine.davis@gmail.com,855-737-2420x0929,BASIC,Active,2025-01-25,59.99
MEMBER-05631,Amanda Porter,amanda.porter@gmail.com,571.788.1585x8227,Basic,Active,2025-08-01,29.99
MEMBER-05632,Douglas Rogers,douglas.rogers@hotmail.com,265-943-4967,Basic,Active,2025-03-23,-29.99
MEMBER-05633,William Harris,william.harris@hotmail.com,212-381-1018,BASIC,Active,2025-03-26,59.99
MEMBER-05634,Melanie Nunez,melanie.nunez@hotmail.com,+1-605-220-6357x2434,Premium,Active,2025-04-10,29.99
MEMBER-05635,Melissa Riggs,melissa.riggs@hotmail.com,6219772074,,Active,2025-01-05,-29.99
MEMBER-05636,Melissa Rodgers,melissa.rodgers@gmail.com,764.339.1172x2837,Premium,Frozen,2025-12-19,-29.99
MEMBER-05637,Stacy Hale,stacy.hale@hotmail.com,(587)904-8595,Premium,Cancelled,2025-11-28,59.99
MEMBER-05638,Whitney Hernandez,whitney.hernandez@yahoo.com,996-797-1687,Basic,Frozen,2025-04-19,59.99
MEMBER-05639,Stephanie Hood,stephanie.hood@hotmail.com,618-647-6297,BASIC,Active,2026-01-24,99.99
MEMBER-05640,Shane Bishop,shane.bishop@yahoo.com,001-717-910-2763x0901,Premium,Active,2025-03-20,59.99
MEMBER-05641,Jessica Phillips,jessica.phillips@gmail.com,919.613.4375,BASIC,Frozen,2025-08-10,29.99
MEMBER-05642,Melanie Greer,melanie.greer@yahoo.com,942-509-8666x45070,Premium,Frozen,2024-12-23,59.99
MEMBER-05643,Tiffany Holden,tiffany.holden@yahoo.com,621-502-0901x674,Basic,Active,2025-07-18,99.99
MEMBER-05644,Holly Montgomery,holly.montgomery@yahoo.com,785.582.4068,Basic,Active,2026-03-17,59.99
MEMBER-05645,Mary Meyer,mary.meyer@gmail.com,+1-235-424-6247x02177,VIP,Active,2025-06-10,99.99
MEMBER-05646,Pamela Harris,pamela.harris@hotmail.com,469.477.9109,Premium,Cancelled,2026-07-18,99.99
MEMBER-05647,Tracey Hoffman,tracey.hoffman@yahoo.com,001-358-625-1749,BASIC,Cancelled,2025-07-10,29.99
MEMBER-05648,Michael Duncan,michael.duncan@gmail.com,(534)860-5811x952,,Cancelled,2024-12-19,99.99
MEMBER-05649,John Fischer,john.fischer@yahoo.com,542.845.9125,VIP,Active,2025-11-14,29.99
MEMBER-05650,Max Benitez,max.benitez@yahoo.com,+1-943-231-1459x39207,Basic,Cancelled,2025-11-09,99.99
MEMBER-05651,Laura Burke,laura.burke@hotmail.com,606-735-1609x841,Premium,Active,2026-03-16,29.99
MEMBER-05652,Jon Grant,jon.grant@gmail.com,001-338-660-6551x2812,Basic,Cancelled,2024-11-09,-29.99
MEMBER-05653,Tommy Sullivan,tommy.sullivan@gmail.com,001-890-349-0782x433,Basic,Cancelled,2026-09-04,99.99
MEMBER-05654,Richard Fitzgerald,richard.fitzgerald@hotmail.com,402.658.3668,Premium,Active,2024-11-08,99.99
MEMBER-05655,Paul Hubbard,paul.hubbard@gmail.com,001-983-846-6117x4953,,Frozen,2025-09-19,99.99
MEMBER-05656,Ashley Frye,ashley.frye@hotmail.com,864.243.3125x475,BASIC,Frozen,2025-11-28,59.99
MEMBER-05657,Andrew Chavez,andrew.chavez@gmail.com,+1-776-222-4141x98102,Premium,Active,2025-10-14,99.99
MEMBER-05658,Kimberly Glover,kimberly.glover@gmail.com,433.950.2067x238,Basic,Cancelled,2025-11-10,29.99
MEMBER-05659,Daniel Perry,daniel.perry@yahoo.com,001-976-971-4983x86488,Premium,Active,2026-03-28,29.99
MEMBER-05660,Katelyn Daugherty,katelyn.daugherty@hotmail.com,429-646-5760,BASIC,Active,2025-12-28,99.99
MEMBER-05661,Cody Martinez,cody.martinez@yahoo.com,(990)625-9681x66401,,Cancelled,2025-11-25,-29.99
MEMBER-05662,Brenda Sellers,brenda.sellers@hotmail.com,5134028783,Premium,Active,2026-02-09,99.99
MEMBER-05663,Bryan Simmons,bryan.simmons@hotmail.com,+1-571-446-7031x28691,Basic,Cancelled,2024-12-29,29.99
MEMBER-05664,Joshua Simpson,joshua.simpson@yahoo.com,(452)484-3863,BASIC,Active,2026-09-01,-29.99
MEMBER-05665,Gary Jones,gary.jones@yahoo.com,9506757804,BASIC,Active,2024-11-15,-29.99
MEMBER-05666,Erik Bennett,erik.bennett@gmail.com,+1-887-897-0532,Premium,Cancelled,2025-08-13,59.99
MEMBER-05667,Steven Brown,steven.brown@yahoo.com,361.381.4762x22147,VIP,Active,2026-04-21,99.99
MEMBER-05668,Patricia Howard,patricia.howard@yahoo.com,(953)730-6773x9544,VIP,Frozen,2025-06-28,59.99
MEMBER-05669,Susan Black,susan.black@gmail.com,242-277-1855x16877,Basic,Cancelled,2024-11-14,99.99
MEMBER-05670,Lindsay Nelson,lindsay.nelson@yahoo.com,(764)880-3567x611,Basic,Cancelled,2025-05-05,29.99
MEMBER-05671,Natalie Stewart,natalie.stewart@yahoo.com,342.322.5386,Basic,Active,2025-09-06,99.99
MEMBER-05672,Kayla Martinez,kayla.martinez@gmail.com,5908206818,BASIC,Active,2026-01-07,-29.99
MEMBER-05673,David Wright,david.wright@hotmail.com,+1-671-537-3887x24002,VIP,Active,2025-01-24,99.99
MEMBER-05674,Jonathan Hutchinson,jonathan.hutchinson@gmail.com,001-549-911-3808x181,,Active,2025-12-14,99.99
MEMBER-05675,Theresa Maldonado,theresa.maldonado@hotmail.com,(641)774-2265,BASIC,Frozen,2024-12-22,99.99
MEMBER-05676,Melissa Rodriguez,melissa.rodriguez@gmail.com,613-434-0781,VIP,Active,2025-08-25,59.99
MEMBER-05677,Emily Meza,emily.meza@gmail.com,(775)593-4875,Premium,Frozen,2025-06-05,-29.99
MEMBER-05678,Elizabeth Zamora,elizabeth.zamora@yahoo.com,+1-879-896-3238,Basic,Cancelled,2026-07-25,99.99
MEMBER-05679,Kevin Duncan,kevin.duncan@yahoo.com,+1-742-524-4175x39677,BASIC,Active,2025-08-12,29.99
MEMBER-05680,Stephanie Taylor,stephanie.taylor@gmail.com,001-902-773-5810x79024,Basic,Active,2025-08-09,29.99
MEMBER-05681,Thomas Abbott,thomas.abbott@gmail.com,001-377-602-1474x550,Basic,Active,2026-04-25,29.99
MEMBER-05682,Angela Norman,angela.norman@gmail.com,579-393-1845x754,Premium,Active,2025-09-09,-29.99
MEMBER-05683,Brian Jordan,brian.jordan@hotmail.com,967.460.6968,,Cancelled,2026-05-24,29.99
MEMBER-05684,Zachary Allen,zachary.allen@gmail.com,+1-525-339-0054,BASIC,Active,2025-07-16,99.99
MEMBER-05685,Lori Santos,lori.santos@hotmail.com,2408492224,Basic,Active,2026-07-14,59.99
MEMBER-05686,Sarah Reeves,sarah.reeves@gmail.com,001-264-206-4627x88663,BASIC,Active,2025-03-03,29.99
MEMBER-05687,James Lee,james.lee@yahoo.com,(587)380-7767x758,,Active,2025-03-03,99.99
MEMBER-05688,Emily Reid,emily.reid@gmail.com,001-578-855-2964,BASIC,Active,2025-01-01,59.99
MEMBER-05689,Nancy Wilson,nancy.wilson@gmail.com,001-355-843-4054,,Active,2026-06-29,29.99
MEMBER-05690,Victoria Lopez,victoria.lopez@yahoo.com,001-980-581-7869x772,VIP,Active,2025-08-27,-29.99
MEMBER-05691,Anthony Garcia,anthony.garcia@gmail.com,7354358399,Basic,Cancelled,2025-06-04,29.99
MEMBER-05692,Walter Williams,walter.williams@hotmail.com,(731)580-0986x33166,BASIC,Active,2025-09-12,29.99
MEMBER-05693,Jeffery Vance,jeffery.vance@gmail.com,703-980-0619,Premium,Active,2025-02-27,-29.99
MEMBER-05694,Adrian Morrison,adrian.morrison@yahoo.com,+1-341-789-2348x22247,Premium,Frozen,2026-02-16,29.99
MEMBER-05695,Wendy Haynes,wendy.haynes@yahoo.com,952-385-4895,Basic,Frozen,2024-12-04,99.99
MEMBER-05696,Cindy Fry,cindy.fry@yahoo.com,+1-590-621-3868x6118,,Frozen,2026-04-10,-29.99
MEMBER-05697,Claire Deleon,claire.deleon@gmail.com,001-671-829-0424x0827,VIP,Cancelled,2024-12-16,-29.99
MEMBER-05698,Cheryl Martinez,cheryl.martinez@yahoo.com,333-573-0900x9062,Premium,Active,2026-01-11,59.99
MEMBER-05699,Brandon Garcia,brandon.garcia@hotmail.com,206-333-1476x730,Basic,Active,2025-08-07,-29.99
MEMBER-05700,Kelly Reyes,kelly.reyes@hotmail.com,001-515-385-3089x6746,Premium,Frozen,2026-06-12,99.99
MEMBER-05701,Stacy Johnston,stacy.johnston@yahoo.com,001-523-662-1903x61654,BASIC,Active,2025-04-10,-29.99
MEMBER-05702,David Holland,david.holland@yahoo.com,726.823.7634,,Frozen,2026-06-25,-29.99
MEMBER-05703,Frank Arias,frank.arias@gmail.com,(835)822-7748x076,Basic,Cancelled,2026-08-31,29.99
MEMBER-05704,Katie Montes,katie.montes@hotmail.com,001-865-645-9254x49517,,Active,2025-02-02,99.99
MEMBER-05705,Shelby Walton,shelby.walton@gmail.com,(373)284-8876,Premium,Cancelled,2026-07-28,-29.99
MEMBER-05706,Brian Lowery,brian.lowery@hotmail.com,382-970-6908x713,Premium,Active,2025-01-25,99.99
MEMBER-05707,Rebecca Hicks,rebecca.hicks@hotmail.com,2204820646,BASIC,Active,2025-11-09,-29.99
MEMBER-05708,Rachel Becker,rachel.becker@gmail.com,(585)378-6015x80439,Premium,Active,2026-02-14,99.99
MEMBER-05709,Tiffany Jordan,tiffany.jordan@hotmail.com,(975)204-4643x07720,,Active,2026-09-06,59.99
MEMBER-05710,Kathleen Gardner,kathleen.gardner@gmail.com,001-573-998-0998x895,Premium,Active,2025-09-16,29.99
MEMBER-05711,Kyle Marquez,kyle.marquez@yahoo.com,+1-630-845-1058x378,Basic,Active,2024-10-27,99.99
MEMBER-05712,Bruce Brooks,bruce.brooks@yahoo.com,(751)788-6890,BASIC,Active,2024-10-09,-29.99
MEMBER-05713,Travis Hicks,travis.hicks@yahoo.com,699.550.9181,Basic,Frozen,2025-06-08,99.99
MEMBER-05714,Tara Combs,tara.combs@gmail.com,(952)387-9059x73077,,Active,2024-11-02,29.99
MEMBER-05715,Amanda Pierce,amanda.pierce@gmail.com,3578541003,Basic,Active,2026-09-25,-29.99
MEMBER-05716,Brenda Gamble,brenda.gamble@gmail.com,339-623-8165,,Active,2025-01-06,-29.99
MEMBER-05717,Crystal Lewis,crystal.lewis@hotmail.com,629-728-4064x533,Basic,Frozen,2025-01-29,29.99
MEMBER-05718,Sydney Cole,sydney.cole@hotmail.com,001-794-519-7357x18828,Basic,Frozen,2025-03-27,59.99
MEMBER-05719,Lori Harris,lori.harris@gmail.com,+1-251-921-5487x897,,Active,2025-05-25,99.99
MEMBER-05720,Kimberly Cruz,kimberly.cruz@yahoo.com,5903614356,,Active,2024-10-15,99.99
MEMBER-05721,Amanda Young,amanda.young@hotmail.com,811-350-8248,Premium,Active,2026-02-01,99.99
MEMBER-05722,Corey Miller,corey.miller@gmail.com,(955)578-8414x574,Premium,Active,2025-06-20,99.99
MEMBER-05723,Maxwell Barr,maxwell.barr@hotmail.com,+1-957-567-1634x4779,,Active,2025-02-28,99.99
MEMBER-05724,Christopher Sherman,christopher.sherman@hotmail.com,657.953.0453x707,,Active,2026-08-05,-29.99
MEMBER-05725,Corey Jones,corey.jones@gmail.com,001-469-926-1928,,Active,2026-01-31,59.99
MEMBER-05726,Carrie Figueroa,carrie.figueroa@gmail.com,9756047570,Basic,Cancelled,2026-03-11,-29.99
MEMBER-05727,Linda Martinez,linda.martinez@gmail.com,745.901.1595x9318,,Active,2026-08-28,29.99
MEMBER-05728,Kathryn Jones,kathryn.jones@hotmail.com,651.564.4785x894,BASIC,Active,2026-01-14,99.99
MEMBER-05729,Steven Franco,steven.franco@gmail.com,408-297-4854,Basic,Active,2025-10-19,-29.99
MEMBER-05730,Jennifer Larsen,jennifer.larsen@hotmail.com,001-881-939-5190x4771,Basic,Cancelled,2025-03-21,59.99
MEMBER-05731,Adam Howard,adam.howard@hotmail.com,(226)323-9241x5134,BASIC,Frozen,2025-09-20,29.99
MEMBER-05732,Joshua Estrada,joshua.estrada@yahoo.com,736-241-2541,BASIC,Active,2025-11-05,99.99
MEMBER-05733,Nancy Frazier,nancy.frazier@yahoo.com,587-773-9786x517,Premium,Cancelled,2026-09-16,59.99
MEMBER-05734,Morgan Terry,morgan.terry@gmail.com,(527)947-0465x717,VIP,Active,2025-09-16,59.99
MEMBER-05735,Cynthia Byrd,cynthia.byrd@yahoo.com,387.429.3060x898,Premium,Frozen,2024-10-09,29.99
MEMBER-05736,Carla Lopez,carla.lopez@gmail.com,001-963-955-3258,,Active,2024-10-07,29.99
MEMBER-05737,Rachel Taylor,rachel.taylor@gmail.com,(844)664-1616,Basic,Frozen,2025-06-15,59.99
MEMBER-05738,Ashley Hunter,ashley.hunter@hotmail.com,7746139914,BASIC,Cancelled,2026-03-20,29.99
MEMBER-05739,Kathleen Thomas,kathleen.thomas@hotmail.com,001-874-334-7629,Premium,Active,2024-11-20,29.99
MEMBER-05740,Rachel Malone,rachel.malone@yahoo.com,439-360-8389,,Active,2025-08-29,59.99
MEMBER-05741,Ronnie Moore,ronnie.moore@hotmail.com,(841)265-6738,Basic,Active,2025-06-06,-29.99
MEMBER-05742,Ryan Smith,ryan.smith@yahoo.com,(517)556-2692,Basic,Cancelled,2026-05-22,29.99
MEMBER-05743,Angelica Simon,angelica.simon@gmail.com,924-267-6773,VIP,Active,2026-05-30,29.99
MEMBER-05744,Aaron Khan,aaron.khan@yahoo.com,001-338-548-5159x698,Premium,Frozen,2026-07-17,-29.99
MEMBER-05745,David Barnett,david.barnett@gmail.com,895-343-2990x3253,Premium,Active,2025-05-26,29.99
MEMBER-05746,Joshua Skinner,joshua.skinner@hotmail.com,9515589527,BASIC,Active,2026-05-09,99.99
MEMBER-05747,Kelly Kirby,kelly.kirby@hotmail.com,(865)204-6382x82326,,Active,2025-11-25,29.99
MEMBER-05748,Nicholas Harris,nicholas.harris@gmail.com,(227)517-7674x662,,Active,2025-06-14,99.99
MEMBER-05749,Robert Gray,robert.gray@hotmail.com,946-897-8955x004,VIP,Cancelled,2026-07-31,59.99
MEMBER-05750,Edward Anderson,edward.anderson@yahoo.com,497.361.6829x68981,Basic,Active,2024-09-28,99.99
MEMBER-05751,William Atkins,william.atkins@yahoo.com,+1-468-421-5658x8680,,Cancelled,2026-09-07,-29.99
MEMBER-05752,Roger Ramirez,roger.ramirez@gmail.com,211-336-3177x626,,Frozen,2026-09-11,-29.99
MEMBER-05753,Abigail Ward,abigail.ward@yahoo.com,+1-641-770-8701,Basic,Cancelled,2024-10-02,29.99
MEMBER-05754,Michelle Parrish,michelle.parrish@yahoo.com,+1-704-469-5755,Basic,Frozen,2025-07-17,29.99
MEMBER-05755,Heather Graham,heather.graham@yahoo.com,001-615-757-0991x907,BASIC,Active,2026-02-01,99.99
MEMBER-05756,Chris Baker,chris.baker@hotmail.com,788.818.0400,BASIC,Active,2026-05-25,59.99
MEMBER-05757,Jamie Yates,jamie.yates@hotmail.com,001-644-353-2217,Premium,Active,2025-06-17,29.99
MEMBER-05758,Christopher Bentley,christopher.bentley@yahoo.com,675-596-3136,VIP,Active,2026-03-19,29.99
MEMBER-05759,Diane Jacobson,diane.jacobson@hotmail.com,(519)476-4039,Basic,Cancelled,2025-09-24,-29.99
MEMBER-05760,Heather Alexander,heather.alexander@hotmail.com,(814)721-4547x816,,Frozen,2025-06-24,59.99
MEMBER-05761,Dylan Medina,dylan.medina@gmail.com,2762694217,,Active,2026-02-28,59.99
MEMBER-05762,Brett Gibbs,brett.gibbs@hotmail.com,001-247-357-8621,BASIC,Active,2026-06-29,-29.99
MEMBER-05763,Danielle Allen,danielle.allen@yahoo.com,8202962868,Basic,Frozen,2026-09-20,29.99
MEMBER-05764,Jonathan Hill,jonathan.hill@hotmail.com,001-899-497-5706x18516,,Frozen,2024-11-01,59.99
MEMBER-05765,Kyle Odom,kyle.odom@yahoo.com,481.758.1410x88265,Basic,Frozen,2025-09-07,29.99
MEMBER-05766,Michael Odonnell,michael.odonnell@yahoo.com,+1-907-582-3944x804,,Active,2025-04-25,29.99
MEMBER-05767,Alexander Skinner,alexander.skinner@yahoo.com,679-885-7539,VIP,Active,2025-02-28,29.99
MEMBER-05768,Justin Brown,justin.brown@gmail.com,4827580298,BASIC,Cancelled,2024-12-03,59.99
MEMBER-05769,Kim Fry,kim.fry@gmail.com,+1-616-372-7966,BASIC,Frozen,2026-06-25,59.99
MEMBER-05770,Adam Cline,adam.cline@gmail.com,(583)344-9207,VIP,Active,2024-10-14,99.99
MEMBER-05771,William Benson,william.benson@gmail.com,001-889-705-3779x9851,Basic,Active,2025-01-22,-29.99
MEMBER-05772,Amber Collins,amber.collins@yahoo.com,9642977689,Premium,Frozen,2025-03-10,29.99
MEMBER-05773,Dylan Robinson,dylan.robinson@hotmail.com,548.719.5000x15969,,Active,2025-04-21,99.99
MEMBER-05774,Christopher Hunter,christopher.hunter@gmail.com,(709)789-9365,,Active,2025-02-03,-29.99
MEMBER-05775,Jim Fisher,jim.fisher@yahoo.com,001-943-277-1578x993,,Cancelled,2025-02-24,99.99
MEMBER-05776,Meghan Woods,meghan.woods@yahoo.com,(617)688-2931,,Active,2025-12-04,29.99
MEMBER-05777,Sara Brennan,sara.brennan@hotmail.com,001-694-676-9325x7260,VIP,Active,2026-05-22,99.99
MEMBER-05778,Chelsey Johnson,chelsey.johnson@gmail.com,(422)780-3909x880,Premium,Active,2026-02-09,-29.99
MEMBER-05779,Joe Richardson,joe.richardson@gmail.com,484-871-2449x7787,Basic,Cancelled,2025-10-29,99.99
MEMBER-05780,Michael Stewart,michael.stewart@yahoo.com,001-605-828-4304x4342,Basic,Active,2025-04-20,59.99
MEMBER-05781,Karen Moore,karen.moore@gmail.com,794.680.5331,Premium,Frozen,2025-04-02,59.99
MEMBER-05782,Kristine Herrera,kristine.herrera@gmail.com,+1-662-759-4583x8521,BASIC,Frozen,2025-09-15,59.99
MEMBER-05783,Heather Webster,heather.webster@yahoo.com,467.260.2440x1143,Basic,Cancelled,2025-05-30,99.99
MEMBER-05784,Jessica Nelson,jessica.nelson@hotmail.com,6376217887,,Active,2024-11-24,59.99
MEMBER-05785,Julie Wilkins,julie.wilkins@gmail.com,(868)928-6074x852,,Active,2026-05-16,-29.99
MEMBER-05786,Michael Mitchell,michael.mitchell@gmail.com,001-483-992-4720x817,Premium,Frozen,2026-07-17,-29.99
MEMBER-05787,Michael Bailey,michael.bailey@gmail.com,(989)639-4259x623,BASIC,Cancelled,2024-12-14,-29.99
MEMBER-05788,Rachel Miller,rachel.miller@gmail.com,(513)995-1167,,Active,2025-04-17,-29.99
MEMBER-05789,Rhonda Hoover,rhonda.hoover@yahoo.com,(522)602-1544x23899,Basic,Active,2026-03-10,29.99
MEMBER-05790,Sean Ryan,sean.ryan@gmail.com,440.927.8062x092,VIP,Active,2025-06-14,59.99
MEMBER-05791,Craig Hawkins,craig.hawkins@yahoo.com,001-852-530-4514x2469,Basic,Cancelled,2025-10-03,99.99
MEMBER-05792,Cody Riley,cody.riley@hotmail.com,+1-364-312-4956x881,,Cancelled,2024-12-17,59.99
MEMBER-05793,Kimberly Carpenter,kimberly.carpenter@hotmail.com,642.869.4111x723,BASIC,Active,2025-07-26,59.99
MEMBER-05794,Allen Meyer,allen.meyer@hotmail.com,2135171871,Premium,Active,2025-08-15,-29.99
MEMBER-05795,Lisa Shaffer,lisa.shaffer@gmail.com,001-347-992-1903x287,Basic,Frozen,2026-07-17,59.99
MEMBER-05796,Vanessa Hunt,vanessa.hunt@yahoo.com,7675148981,Premium,Active,2025-02-15,99.99
MEMBER-05797,Anthony Garcia,anthony.garcia@hotmail.com,335.858.3106x2128,VIP,Active,2026-05-05,-29.99
MEMBER-05798,Brittany Johnson,brittany.johnson@hotmail.com,(836)250-8829x0311,VIP,Active,2026-08-17,59.99
MEMBER-05799,Linda Brown,linda.brown@hotmail.com,866-466-5085,VIP,Frozen,2025-04-09,99.99
MEMBER-05800,Mark Rogers,mark.rogers@gmail.com,310.590.4298x56585,BASIC,Cancelled,2026-08-13,99.99
MEMBER-05801,Thomas Krueger,thomas.krueger@hotmail.com,627.754.5814x3023,Basic,Active,2026-01-11,-29.99
MEMBER-05802,Mary Carroll,mary.carroll@gmail.com,846.262.1678x5557,VIP,Active,2025-06-09,59.99
MEMBER-05803,William Tran,william.tran@hotmail.com,676-239-0296,VIP,Frozen,2026-09-09,29.99
MEMBER-05804,Zachary Davis,zachary.davis@yahoo.com,001-858-506-4599,,Active,2024-12-07,-29.99
MEMBER-05805,Stephanie Compton,stephanie.compton@yahoo.com,+1-218-779-8823x5196,Basic,Active,2025-10-24,-29.99
MEMBER-05806,Paul Brown,paul.brown@hotmail.com,4554814791,Basic,Cancelled,2025-07-09,99.99
MEMBER-05807,Danny Woods,danny.woods@gmail.com,209.615.8849x02891,,Active,2024-12-12,29.99
MEMBER-05808,Jessica Rodriguez,jessica.rodriguez@gmail.com,+1-679-229-3625x840,BASIC,Active,2026-05-01,59.99
MEMBER-05809,Kelsey Harris,kelsey.harris@gmail.com,532.760.8082x872,Basic,Frozen,2025-08-04,29.99
MEMBER-05810,Kendra Norris,kendra.norris@yahoo.com,(765)248-6202x6369,BASIC,Frozen,2024-10-05,-29.99
MEMBER-05811,Alexander Camacho,alexander.camacho@hotmail.com,+1-591-568-5841x65116,,Active,2024-12-13,59.99
MEMBER-05812,Anne Sanchez,anne.sanchez@hotmail.com,908.968.9397,VIP,Cancelled,2026-03-17,-29.99
MEMBER-05813,Brett Fuentes,brett.fuentes@yahoo.com,001-719-895-2903x069,BASIC,Frozen,2026-01-14,-29.99
MEMBER-05814,Kenneth Wood,kenneth.wood@yahoo.com,714-651-8736x5158,,Cancelled,2026-09-02,-29.99
MEMBER-05815,John Rogers,john.rogers@gmail.com,6218348202,,Active,2025-03-14,99.99
MEMBER-05816,James Henson,james.henson@gmail.com,902.387.3539x41173,,Active,2025-09-19,99.99
MEMBER-05817,Amy Ward,amy.ward@yahoo.com,986-828-5743x31164,Basic,Frozen,2024-11-17,99.99
MEMBER-05818,Brian Lopez,brian.lopez@yahoo.com,2742339899,,Frozen,2025-09-23,99.99
MEMBER-05819,Michael Evans,michael.evans@gmail.com,001-431-359-9988x7046,Basic,Active,2025-06-09,29.99
MEMBER-05820,Carrie Rubio,carrie.rubio@yahoo.com,383.501.1606x41668,,Cancelled,2025-06-19,59.99
MEMBER-05821,Jessica Maynard,jessica.maynard@yahoo.com,+1-263-911-9792x18316,Basic,Active,2025-05-17,99.99
MEMBER-05822,Michael Allen,michael.allen@gmail.com,778.263.8584x77267,Premium,Active,2025-03-13,29.99
MEMBER-05823,Luke Cooper,luke.cooper@hotmail.com,+1-990-753-3255,VIP,Active,2026-01-12,29.99
MEMBER-05824,Suzanne Beck,suzanne.beck@hotmail.com,+1-787-269-7042x20244,BASIC,Active,2025-02-06,-29.99
MEMBER-05825,Jennifer Espinoza,jennifer.espinoza@yahoo.com,001-702-440-2418x79878,Basic,Cancelled,2026-08-28,-29.99
MEMBER-05826,Natalie Haney,natalie.haney@hotmail.com,+1-368-767-1491x69680,Premium,Active,2026-02-16,99.99
MEMBER-05827,Deborah Hawkins,deborah.hawkins@yahoo.com,801-618-4252,Premium,Active,2024-10-11,59.99
MEMBER-05828,Leroy Jones,leroy.jones@hotmail.com,889-421-9175x95214,Basic,Frozen,2026-06-21,99.99
MEMBER-05829,Brett Jimenez,brett.jimenez@yahoo.com,+1-591-477-6640x0720,VIP,Active,2026-03-27,-29.99
MEMBER-05830,Katherine Peterson,katherine.peterson@hotmail.com,001-357-728-2859x712,BASIC,Active,2025-09-25,29.99
MEMBER-05831,Amanda Watson,amanda.watson@hotmail.com,486-380-4987x5094,Basic,Frozen,2025-07-22,59.99
MEMBER-05832,Heather Knox,heather.knox@gmail.com,276.279.7717x593,VIP,Frozen,2025-07-19,59.99
MEMBER-05833,David Bryant,david.bryant@hotmail.com,+1-994-544-5170x3036,Basic,Frozen,2026-06-20,-29.99
MEMBER-05834,John Carlson,john.carlson@gmail.com,484-930-1313x48742,BASIC,Frozen,2025-04-25,-29.99
MEMBER-05835,Katie Conway,katie.conway@gmail.com,224-914-3984x01048,BASIC,Active,2025-05-21,-29.99
MEMBER-05836,Joseph Mason,joseph.mason@gmail.com,+1-227-663-7862x825,Basic,Frozen,2025-01-10,-29.99
MEMBER-05837,Joseph Becker,joseph.becker@gmail.com,252-899-9914x3004,VIP,Cancelled,2025-02-18,29.99
MEMBER-05838,Michele Higgins,michele.higgins@yahoo.com,001-398-647-5951x8656,VIP,Frozen,2024-10-12,-29.99
MEMBER-05839,Marissa Lopez,marissa.lopez@yahoo.com,940-660-0532x589,VIP,Active,2025-11-16,-29.99
MEMBER-05840,Laura Mcpherson,laura.mcpherson@yahoo.com,921-906-9835,VIP,Active,2025-04-04,-29.99
MEMBER-05841,Brianna Gonzales,brianna.gonzales@hotmail.com,741.927.0834,VIP,Frozen,2026-07-17,59.99
MEMBER-05842,Jason West,jason.west@gmail.com,9255296573,Premium,Active,2026-03-03,-29.99
MEMBER-05843,James Phillips,james.phillips@yahoo.com,001-820-450-4657x8466,Premium,Cancelled,2026-05-24,99.99
MEMBER-05844,Scott Harris,scott.harris@gmail.com,001-940-713-2653x733,VIP,Active,2024-11-04,-29.99
MEMBER-05845,John Gonzales,john.gonzales@yahoo.com,(233)855-4992,Premium,Cancelled,2025-09-21,-29.99
MEMBER-05846,Jean Johnson,jean.johnson@hotmail.com,734.543.6591,VIP,Frozen,2025-01-25,29.99
MEMBER-05847,Tyler Villanueva,tyler.villanueva@gmail.com,+1-795-768-5142x3704,Basic,Active,2024-12-13,99.99
MEMBER-05848,James Greer,james.greer@gmail.com,943.966.1135x88845,,Frozen,2026-02-19,59.99
MEMBER-05849,Emily Johnson,emily.johnson@gmail.com,+1-397-759-9890x0111,Basic,Active,2026-07-14,-29.99
MEMBER-05850,Anthony Jackson,anthony.jackson@yahoo.com,+1-393-208-2107,Premium,Cancelled,2025-10-24,29.99
MEMBER-05851,Sara Lucero,sara.lucero@yahoo.com,001-680-987-4563,Premium,Cancelled,2026-01-29,99.99
MEMBER-05852,Dana Allen,dana.allen@gmail.com,001-383-800-9306x3386,Premium,Active,2024-11-04,-29.99
MEMBER-05853,Eric Thomas,eric.thomas@yahoo.com,+1-521-478-2771x05018,BASIC,Active,2025-06-28,99.99
MEMBER-05854,Jasmine Davis,jasmine.davis@gmail.com,583.608.3393,BASIC,Cancelled,2025-08-27,99.99
MEMBER-05855,Douglas Ortiz,douglas.ortiz@yahoo.com,(340)601-7425,,Active,2026-03-16,-29.99
MEMBER-05856,Jose Castillo,jose.castillo@hotmail.com,233.767.0762,Basic,Active,2026-06-05,29.99
MEMBER-05857,Rickey Peterson,rickey.peterson@yahoo.com,+1-940-884-7710x0275,Premium,Frozen,2026-09-12,29.99
MEMBER-05858,Amber Lowe,amber.lowe@hotmail.com,516-849-0248,Basic,Frozen,2026-08-04,99.99
MEMBER-05859,Nicolas Lee,nicolas.lee@yahoo.com,+1-576-330-7287x2757,,Active,2026-06-04,29.99
MEMBER-05860,Susan Glenn,susan.glenn@hotmail.com,001-991-631-3386x0792,Basic,Active,2025-08-05,29.99
MEMBER-05861,Vanessa Walter,vanessa.walter@gmail.com,(822)554-4639,BASIC,Active,2026-05-06,-29.99
MEMBER-05862,Susan Gillespie,susan.gillespie@hotmail.com,(866)591-9769,BASIC,Cancelled,2025-02-25,59.99
MEMBER-05863,Aaron Trujillo,aaron.trujillo@gmail.com,898-944-9679x48471,Basic,Cancelled,2025-07-11,99.99
MEMBER-05864,Julie Armstrong,julie.armstrong@yahoo.com,001-385-764-8309x88908,BASIC,Active,2025-05-31,99.99
MEMBER-05865,Brett Gray,brett.gray@yahoo.com,7337562640,BASIC,Cancelled,2025-05-31,-29.99
MEMBER-05866,Christopher Molina,christopher.molina@hotmail.com,(772)428-1605x960,VIP,Cancelled,2025-07-21,-29.99
MEMBER-05867,Seth Henson,seth.henson@hotmail.com,378.419.7673x148,Basic,Cancelled,2025-04-19,29.99
MEMBER-05868,Kristine Noble,kristine.noble@hotmail.com,(460)250-2065x157,Premium,Active,2025-02-12,59.99
MEMBER-05869,John Lowe,john.lowe@hotmail.com,+1-705-836-2639x638,,Frozen,2026-01-05,59.99
MEMBER-05870,Bradley Newman,bradley.newman@yahoo.com,(256)365-4819,BASIC,Frozen,2026-05-30,59.99
MEMBER-05871,Deanna Mendoza,deanna.mendoza@yahoo.com,+1-821-217-6439,BASIC,Frozen,2025-07-30,-29.99
MEMBER-05872,Taylor Taylor,taylor.taylor@yahoo.com,001-950-371-2972x588,,Active,2025-04-02,-29.99
MEMBER-05873,Derrick Pratt,derrick.pratt@hotmail.com,454.628.9005x6741,,Frozen,2026-02-23,59.99
MEMBER-05874,Jamie Murphy,jamie.murphy@yahoo.com,983-991-7300x865,VIP,Frozen,2025-12-18,59.99
MEMBER-05875,Travis Brown,travis.brown@gmail.com,001-857-442-9943x21596,VIP,Cancelled,2025-12-10,29.99
MEMBER-05876,Ian Webb,ian.webb@gmail.com,+1-973-793-7073x4856,,Cancelled,2025-11-16,99.99
MEMBER-05877,Kyle Villa,kyle.villa@hotmail.com,+1-400-997-4993x757,VIP,Frozen,2026-08-12,99.99
MEMBER-05878,Brian Wagner,brian.wagner@yahoo.com,616.665.0434,Basic,Active,2025-08-03,-29.99
MEMBER-05879,Ryan Orozco,ryan.orozco@gmail.com,+1-317-571-6230x2482,VIP,Frozen,2026-03-15,99.99
MEMBER-05880,Miranda Williams,miranda.williams@hotmail.com,525.375.2262x5548,VIP,Active,2025-05-29,99.99
MEMBER-05881,Nicole Levy,nicole.levy@hotmail.com,(793)301-1796,Premium,Cancelled,2026-07-22,29.99
MEMBER-05882,Kevin Poole,kevin.poole@hotmail.com,+1-854-291-2486,Basic,Cancelled,2026-03-14,59.99
MEMBER-05883,Brian Morgan,brian.morgan@yahoo.com,514.437.7014,Premium,Active,2026-04-11,99.99
MEMBER-05884,Alexis Turner,alexis.turner@yahoo.com,(435)285-2110x1799,,Active,2025-09-17,29.99
MEMBER-05885,Timothy Bell,timothy.bell@yahoo.com,429.675.3335x6573,BASIC,Active,2025-07-25,-29.99
MEMBER-05886,Anthony Mercer,anthony.mercer@hotmail.com,484.852.9693x38947,Premium,Cancelled,2025-12-25,99.99
MEMBER-05887,Melinda Mendoza,melinda.mendoza@yahoo.com,001-827-990-8733x381,Premium,Active,2026-03-06,59.99
MEMBER-05888,Michael West,michael.west@gmail.com,001-688-865-5899x135,Basic,Cancelled,2026-03-28,-29.99
MEMBER-05889,Richard Cooper,richard.cooper@gmail.com,(889)275-3396,Premium,Active,2024-11-16,-29.99
MEMBER-05890,Brandon Martin,brandon.martin@yahoo.com,(898)829-9769x9714,VIP,Active,2026-07-24,29.99
MEMBER-05891,Leah Chen,leah.chen@gmail.com,675.240.5550x834,Basic,Active,2025-03-06,59.99
MEMBER-05892,Randy Martinez,randy.martinez@hotmail.com,+1-255-444-4792x897,Basic,Frozen,2026-04-24,99.99
MEMBER-05893,Richard Bradley,richard.bradley@hotmail.com,521-518-5885,Premium,Active,2026-01-06,-29.99
MEMBER-05894,Cynthia Holt,cynthia.holt@gmail.com,+1-557-286-5095x256,,Cancelled,2026-07-20,99.99
MEMBER-05895,Allison Williams,allison.williams@gmail.com,8382107412,,Cancelled,2024-10-03,99.99
MEMBER-05896,Lisa Davis,lisa.davis@gmail.com,628-907-2994,,Cancelled,2025-04-11,99.99
MEMBER-05897,Patrick Maxwell,patrick.maxwell@gmail.com,(896)540-7638x6318,Premium,Frozen,2025-04-12,29.99
MEMBER-05898,Matthew Diaz,matthew.diaz@yahoo.com,906.207.8054x0712,Basic,Active,2024-12-19,29.99
MEMBER-05899,Christopher Joseph,christopher.joseph@gmail.com,258-587-3145,BASIC,Active,2026-04-25,-29.99
MEMBER-05900,John Wood,john.wood@gmail.com,(525)332-2081x274,,Frozen,2026-06-04,29.99
MEMBER-05901,Caroline Vaughan,caroline.vaughan@hotmail.com,001-911-928-4017x23446,BASIC,Frozen,2026-01-29,59.99
MEMBER-05902,Sara Fuller,sara.fuller@hotmail.com,+1-652-468-9082x6815,VIP,Frozen,2025-03-29,99.99
MEMBER-05903,Amy Aguilar,amy.aguilar@hotmail.com,(398)780-4919x81700,VIP,Frozen,2026-01-08,99.99
MEMBER-05904,Danny Andrews,danny.andrews@yahoo.com,507.344.3478x217,BASIC,Active,2025-05-04,59.99
MEMBER-05905,Michael Smith,michael.smith@yahoo.com,+1-742-402-4464x2859,,Frozen,2026-03-27,29.99
MEMBER-05906,Matthew Mayer,matthew.mayer@hotmail.com,001-724-620-9042,BASIC,Cancelled,2025-03-25,-29.99
MEMBER-05907,Gregory Greene,gregory.greene@gmail.com,678.307.7224,,Active,2026-09-09,29.99
MEMBER-05908,Theresa Wolf,theresa.wolf@gmail.com,227.788.4593,VIP,Cancelled,2024-10-02,29.99
MEMBER-05909,Samuel Stanley,samuel.stanley@hotmail.com,958.852.5724x9259,Premium,Active,2025-04-19,99.99
MEMBER-05910,Tina Wolf,tina.wolf@gmail.com,001-969-264-6901x64423,,Active,2024-11-26,-29.99
MEMBER-05911,Kayla Wong,kayla.wong@gmail.com,551-705-1775x78612,,Cancelled,2026-07-03,29.99
MEMBER-05912,Patricia Sutton,patricia.sutton@yahoo.com,(562)869-0911x9632,VIP,Frozen,2026-05-18,-29.99
MEMBER-05913,Kaylee Brooks,kaylee.brooks@yahoo.com,263.507.0131x68897,,Cancelled,2025-04-07,-29.99
MEMBER-05914,Eileen Sherman,eileen.sherman@gmail.com,364-995-8649,Basic,Frozen,2024-10-24,-29.99
MEMBER-05915,Marc Gibbs,marc.gibbs@gmail.com,7719460109,Premium,Frozen,2025-02-03,-29.99
MEMBER-05916,Joseph Brown,joseph.brown@gmail.com,+1-813-397-3031x0519,Premium,Active,2026-05-24,29.99
MEMBER-05917,Lance Savage,lance.savage@hotmail.com,001-410-676-4326x314,,Active,2025-03-15,99.99
MEMBER-05918,Rachael Thomas,rachael.thomas@gmail.com,442-695-1538x410,Premium,Frozen,2024-10-19,59.99
MEMBER-05919,Carolyn Edwards,carolyn.edwards@hotmail.com,(506)965-4311x3096,Premium,Cancelled,2025-10-03,-29.99
MEMBER-05920,Kelly Hammond,kelly.hammond@hotmail.com,294-622-8522,Premium,Cancelled,2026-05-28,59.99
MEMBER-05921,James Zimmerman,james.zimmerman@hotmail.com,4629305047,,Active,2025-10-11,59.99
MEMBER-05922,James Figueroa,james.figueroa@yahoo.com,001-534-765-2674x998,Basic,Active,2026-04-11,29.99
MEMBER-05923,Jessica Howell,jessica.howell@gmail.com,973.976.6062x593,BASIC,Cancelled,2025-01-28,59.99
MEMBER-05924,Justin Cole,justin.cole@yahoo.com,615-239-6608x604,Premium,Active,2026-02-02,59.99
MEMBER-05925,Charles Richardson,charles.richardson@yahoo.com,001-396-587-3689x45618,Premium,Cancelled,2025-05-05,29.99
MEMBER-05926,Christine Gonzalez,christine.gonzalez@gmail.com,001-467-755-0310x9388,Basic,Active,2025-07-16,29.99
MEMBER-05927,James Williamson,james.williamson@yahoo.com,867.489.8801,Premium,Cancelled,2025-02-06,59.99
MEMBER-05928,James Baker,james.baker@gmail.com,625-234-0444,Basic,Active,2026-07-13,29.99
MEMBER-05929,Stephen Anderson,stephen.anderson@gmail.com,712-859-6679,,Active,2024-12-11,-29.99
MEMBER-05930,David Bishop,david.bishop@hotmail.com,(930)719-3633x959,BASIC,Active,2025-09-30,29.99
MEMBER-05931,Thomas Burke,thomas.burke@yahoo.com,+1-276-212-7651x49241,Basic,Active,2026-06-10,-29.99
MEMBER-05932,Barbara Munoz,barbara.munoz@gmail.com,318-213-6620x666,BASIC,Active,2026-07-15,29.99
MEMBER-05933,Gary Williams,gary.williams@gmail.com,001-574-351-8893x477,,Active,2024-11-09,99.99
MEMBER-05934,Daniel Daniel,daniel.daniel@yahoo.com,9032085973,Premium,Frozen,2025-07-25,-29.99
MEMBER-05935,Danny Roberson,danny.roberson@yahoo.com,(751)295-1322x266,Basic,Frozen,2026-01-06,29.99
MEMBER-05936,Patricia Johnson,patricia.johnson@yahoo.com,+1-605-969-4904x5788,Premium,Frozen,2024-12-27,99.99
MEMBER-05937,Jonathan Clark,jonathan.clark@gmail.com,(600)545-1582,Premium,Active,2026-06-20,29.99
MEMBER-05938,Philip Hamilton,philip.hamilton@hotmail.com,001-358-369-7443x0278,BASIC,Frozen,2025-09-17,-29.99
MEMBER-05939,Jessica Parker,jessica.parker@yahoo.com,685-512-0540,,Cancelled,2026-05-21,59.99
MEMBER-05940,Larry Bowman,larry.bowman@yahoo.com,(382)654-1321x46077,VIP,Frozen,2025-03-02,-29.99
MEMBER-05941,Stephanie Vazquez,stephanie.vazquez@hotmail.com,(978)647-6505x476,,Frozen,2026-06-10,29.99
MEMBER-05942,Joseph Rogers,joseph.rogers@gmail.com,986.678.2362,Basic,Active,2026-04-14,59.99
MEMBER-05943,Tammy Hernandez,tammy.hernandez@gmail.com,540.851.7175x7322,Basic,Active,2024-12-20,-29.99
MEMBER-05944,James Rodriguez,james.rodriguez@gmail.com,8024873403,Premium,Active,2025-10-06,99.99
MEMBER-05945,Courtney Price,courtney.price@hotmail.com,(422)242-9326x745,VIP,Frozen,2025-11-03,-29.99
MEMBER-05946,Dean Byrd,dean.byrd@gmail.com,659.281.7311x6012,BASIC,Active,2026-05-09,99.99
MEMBER-05947,Jake Brown,jake.brown@yahoo.com,6829781575,Basic,Active,2025-06-30,-29.99
MEMBER-05948,Jennifer Tyler,jennifer.tyler@hotmail.com,(581)809-3199,BASIC,Active,2025-03-20,-29.99
MEMBER-05949,Michael Lopez,michael.lopez@gmail.com,235.586.2685,VIP,Active,2026-07-09,29.99
MEMBER-05950,Amanda Welch,amanda.welch@gmail.com,248-260-1016x329,Basic,Active,2024-11-02,99.99
MEMBER-05951,Larry Cannon,larry.cannon@gmail.com,+1-498-793-9607x331,VIP,Active,2025-08-17,29.99
MEMBER-05952,Heather Myers,heather.myers@yahoo.com,(506)621-4024,Premium,Frozen,2026-03-13,29.99
MEMBER-05953,David Sexton,david.sexton@gmail.com,+1-915-822-3128x41527,BASIC,Frozen,2025-06-30,29.99
MEMBER-05954,Jennifer Howard,jennifer.howard@hotmail.com,(753)724-2547,BASIC,Frozen,2025-09-27,-29.99
MEMBER-05955,Paul Evans,paul.evans@hotmail.com,(498)496-1875,Basic,Active,2025-11-01,99.99
MEMBER-05956,David Williams,david.williams@yahoo.com,(345)885-2243,,Cancelled,2026-08-05,-29.99
MEMBER-05957,Shane Williams,shane.williams@gmail.com,001-788-384-6108x6226,BASIC,Cancelled,2026-01-04,99.99
MEMBER-05958,Juan Logan,juan.logan@yahoo.com,(594)525-0556x29755,,Cancelled,2025-11-30,-29.99
MEMBER-05959,Jonathan Riley,jonathan.riley@yahoo.com,(619)885-1553,,Active,2025-12-14,59.99
MEMBER-05960,Diana Bailey,diana.bailey@hotmail.com,984.873.6592,BASIC,Active,2025-08-26,29.99
MEMBER-05961,Sherri Martinez,sherri.martinez@hotmail.com,217.661.5865,,Cancelled,2026-03-29,-29.99
MEMBER-05962,Sarah Mora,sarah.mora@gmail.com,+1-972-884-0106,,Active,2025-04-26,-29.99
MEMBER-05963,Michelle Contreras,michelle.contreras@hotmail.com,705-860-2018x732,,Active,2025-06-06,29.99
MEMBER-05964,Nicole Weber,nicole.weber@hotmail.com,001-590-453-8053x4650,VIP,Active,2025-05-11,99.99
MEMBER-05965,Jennifer Phelps,jennifer.phelps@gmail.com,4705308854,,Active,2026-08-02,59.99
MEMBER-05966,Sandra Collins,sandra.collins@hotmail.com,+1-983-576-3895x608,VIP,Active,2026-04-04,29.99
MEMBER-05967,Donna Sanders,donna.sanders@yahoo.com,274.360.1108x4399,,Active,2025-08-20,-29.99
MEMBER-05968,Katie Sims,katie.sims@gmail.com,(287)251-4600x253,Basic,Cancelled,2026-01-21,59.99
MEMBER-05969,Karina Ward,karina.ward@hotmail.com,+1-284-303-4499x1954,Basic,Active,2026-09-02,59.99
MEMBER-05970,Shannon Carter,shannon.carter@hotmail.com,(303)554-4925x305,BASIC,Frozen,2025-06-05,-29.99
MEMBER-05971,Micheal Sloan,micheal.sloan@hotmail.com,(240)808-9387x55986,,Cancelled,2026-03-08,-29.99
MEMBER-05972,Richard Carrillo,richard.carrillo@gmail.com,9679387502,Basic,Frozen,2026-02-06,29.99
MEMBER-05973,Marissa Roy,marissa.roy@gmail.com,001-318-348-1774x55848,,Active,2025-08-17,99.99
MEMBER-05974,Nicholas Webb,nicholas.webb@hotmail.com,774-222-1991x431,Premium,Active,2026-03-03,-29.99
MEMBER-05975,Ashley Williams,ashley.williams@yahoo.com,702-202-3492,VIP,Frozen,2026-01-14,99.99
MEMBER-05976,Tammy Powell,tammy.powell@hotmail.com,303.586.2898,Basic,Active,2025-01-27,-29.99
MEMBER-05977,Amy Scott,amy.scott@gmail.com,4786269313,BASIC,Frozen,2026-05-28,29.99
MEMBER-05978,Daniel Lawrence,daniel.lawrence@gmail.com,5026259163,Premium,Active,2025-06-14,99.99
MEMBER-05979,Jason Ashley,jason.ashley@gmail.com,+1-210-555-8911x9831,BASIC,Cancelled,2024-11-06,29.99
MEMBER-05980,Julie Kelly,julie.kelly@yahoo.com,6345418440,Basic,Cancelled,2025-10-27,99.99
MEMBER-05981,Jane Crawford,jane.crawford@yahoo.com,(840)655-5864x452,Basic,Active,2025-07-27,59.99
MEMBER-05982,Michael Wells,michael.wells@hotmail.com,613.641.9162,BASIC,Frozen,2025-11-17,59.99
MEMBER-05983,Jeffrey Dalton,jeffrey.dalton@yahoo.com,001-553-514-8081x02623,Premium,Cancelled,2025-01-14,-29.99
MEMBER-05984,Christine Ortiz,christine.ortiz@gmail.com,001-830-602-0790,VIP,Active,2025-09-07,-29.99
MEMBER-05985,Jared Munoz,jared.munoz@yahoo.com,001-280-908-1744x117,Basic,Frozen,2025-01-25,99.99
MEMBER-05986,Jennifer Vance,jennifer.vance@hotmail.com,+1-394-966-6298,VIP,Cancelled,2025-10-28,29.99
MEMBER-05987,April Reed,april.reed@hotmail.com,001-343-541-7650x36029,,Frozen,2024-10-12,99.99
MEMBER-05988,Michael Martinez,michael.martinez@yahoo.com,898-710-9844,VIP,Active,2026-06-06,29.99
MEMBER-05989,Derek Schultz,derek.schultz@hotmail.com,+1-626-252-3430,VIP,Active,2025-07-22,59.99
MEMBER-05990,Nancy Anderson,nancy.anderson@hotmail.com,+1-629-656-9103x52415,Basic,Cancelled,2025-09-13,59.99
MEMBER-05991,Christine Bush,christine.bush@yahoo.com,318.850.1208x38921,VIP,Active,2026-08-29,29.99
MEMBER-05992,James Simpson,james.simpson@gmail.com,(354)918-3842x9363,,Active,2026-02-22,29.99
MEMBER-05993,Richard Swanson,richard.swanson@gmail.com,001-273-601-4111,Basic,Active,2026-03-01,59.99
MEMBER-05994,Rachel Shaw,rachel.shaw@hotmail.com,6562798586,VIP,Active,2025-10-17,99.99
MEMBER-05995,Christine Wilson,christine.wilson@yahoo.com,001-504-521-1633x40166,Basic,Active,2026-08-15,59.99
MEMBER-05996,Cole George,cole.george@gmail.com,001-573-761-7984x48998,Premium,Cancelled,2025-11-21,99.99
MEMBER-05997,Rebecca Parker,rebecca.parker@yahoo.com,953.212.4175x91648,BASIC,Cancelled,2025-05-04,59.99
MEMBER-05998,Ryan Rowe,ryan.rowe@hotmail.com,2016491337,,Frozen,2025-09-22,99.99
MEMBER-05999,Sara Charles,sara.charles@yahoo.com,(316)731-5776,Basic,Active,2025-09-19,29.99
MEMBER-06000,Keith Cline,keith.cline@gmail.com,(651)736-4930x169,BASIC,Cancelled,2026-08-14,59.99
MEMBER-06001,Donald Navarro,donald.navarro@hotmail.com,(372)243-4701x49279,VIP,Active,2026-05-28,59.99
MEMBER-06002,Nicole Paul,nicole.paul@hotmail.com,842.689.0669x0463,Basic,Cancelled,2025-03-06,-29.99
MEMBER-06003,Bryan Nelson,bryan.nelson@hotmail.com,996.297.7157x606,Basic,Active,2024-10-09,99.99
MEMBER-06004,Karen Randolph,karen.randolph@gmail.com,+1-480-702-4318x10098,Basic,Active,2026-03-21,29.99
MEMBER-06005,Pamela Robinson,pamela.robinson@yahoo.com,365.894.7028,Basic,Frozen,2025-02-15,29.99
MEMBER-06006,Elizabeth Reyes,elizabeth.reyes@hotmail.com,001-656-679-9714x6857,Basic,Active,2025-06-14,99.99
MEMBER-06007,Frank Stephens,frank.stephens@hotmail.com,(250)483-3678,Basic,Cancelled,2025-02-01,-29.99
MEMBER-06008,Meredith Beard,meredith.beard@yahoo.com,(487)797-7298x987,Basic,Active,2025-08-11,99.99
MEMBER-06009,Brandi Meadows,brandi.meadows@gmail.com,+1-974-468-6398x40553,Premium,Active,2025-10-22,29.99
MEMBER-06010,Nathan Robinson,nathan.robinson@gmail.com,+1-213-840-3607x37715,Basic,Frozen,2024-11-22,59.99
MEMBER-06011,John Rice,john.rice@yahoo.com,590-202-8807x338,BASIC,Active,2025-05-02,59.99
MEMBER-06012,Brandon Vasquez,brandon.vasquez@yahoo.com,001-516-512-3652x8939,Premium,Active,2026-07-20,29.99
MEMBER-06013,Kimberly Nguyen,kimberly.nguyen@yahoo.com,001-974-445-8257x4237,BASIC,Active,2024-10-19,-29.99
MEMBER-06014,Jorge Young,jorge.young@gmail.com,953-903-9519x468,,Frozen,2026-03-14,29.99
MEMBER-06015,Daniel Allen,daniel.allen@yahoo.com,7383543366,Basic,Active,2026-01-12,99.99
MEMBER-06016,Jennifer Jackson,jennifer.jackson@gmail.com,+1-966-672-1625x685,Basic,Frozen,2025-03-08,99.99
MEMBER-06017,Kenneth Murphy,kenneth.murphy@yahoo.com,4808861057,VIP,Cancelled,2026-02-16,59.99
MEMBER-06018,Heather Carson,heather.carson@gmail.com,346.215.9654x39105,,Active,2025-08-25,-29.99
MEMBER-06019,Michael Cline,michael.cline@hotmail.com,+1-767-538-2265,,Cancelled,2025-03-08,-29.99
MEMBER-06020,Madison Roberson,madison.roberson@hotmail.com,+1-793-415-2300x5166,VIP,Cancelled,2026-06-22,99.99
MEMBER-06021,Jason Phillips,jason.phillips@gmail.com,394-865-7499,VIP,Active,2026-06-24,29.99
MEMBER-06022,Kelly Romero,kelly.romero@yahoo.com,(543)614-3560,BASIC,Active,2024-11-23,59.99
MEMBER-06023,Chad Hill,chad.hill@gmail.com,(295)741-2809x493,BASIC,Cancelled,2026-03-05,99.99
MEMBER-06024,Karen Lewis,karen.lewis@gmail.com,+1-709-946-7480x4114,,Active,2025-07-08,59.99
MEMBER-06025,Lisa Walker,lisa.walker@yahoo.com,+1-415-674-6067x80831,Basic,Active,2025-08-29,99.99
MEMBER-06026,Sarah Pena,sarah.pena@gmail.com,001-407-522-9955x2157,VIP,Active,2024-12-11,59.99
MEMBER-06027,Jonathan Pierce,jonathan.pierce@yahoo.com,+1-955-759-6841x3892,VIP,Active,2025-07-22,59.99
MEMBER-06028,Rachel Thornton,rachel.thornton@hotmail.com,5857692028,Premium,Active,2025-01-07,-29.99
MEMBER-06029,Kathy Hayes,kathy.hayes@hotmail.com,656.967.3158x4171,VIP,Cancelled,2026-01-16,99.99
MEMBER-06030,Lisa Moyer,lisa.moyer@yahoo.com,499-207-6515,BASIC,Frozen,2026-07-23,59.99
MEMBER-06031,Kimberly Murphy,kimberly.murphy@hotmail.com,668.860.6784,VIP,Cancelled,2025-04-17,-29.99
MEMBER-06032,Christopher Cochran,christopher.cochran@yahoo.com,+1-289-427-0069x82192,,Active,2025-05-05,-29.99
MEMBER-06033,Logan Gonzales,logan.gonzales@gmail.com,986-944-9981x5951,VIP,Active,2025-04-23,29.99
MEMBER-06034,John Williams,john.williams@gmail.com,+1-670-820-6348x323,BASIC,Active,2025-02-24,59.99
MEMBER-06035,Joseph Miller,joseph.miller@gmail.com,638-667-4171,,Cancelled,2025-10-31,99.99
MEMBER-06036,Michael Montgomery,michael.montgomery@yahoo.com,838-345-6845,VIP,Cancelled,2025-08-26,99.99
MEMBER-06037,Lisa Moore,lisa.moore@yahoo.com,743.388.9330x44981,Premium,Frozen,2026-07-14,59.99
MEMBER-06038,Mary Lewis,mary.lewis@hotmail.com,267.639.7960x08607,BASIC,Frozen,2025-12-15,-29.99
MEMBER-06039,Brandi Johnson,brandi.johnson@gmail.com,(863)512-5177,Premium,Active,2026-02-28,99.99
MEMBER-06040,Richard Wells,richard.wells@gmail.com,690.488.5085,VIP,Active,2025-04-28,-29.99
MEMBER-06041,Brad Grimes,brad.grimes@hotmail.com,(773)915-4212,BASIC,Frozen,2024-11-04,29.99
MEMBER-06042,Richard Mcclain,richard.mcclain@gmail.com,(644)352-0981,BASIC,Frozen,2025-11-28,-29.99
MEMBER-06043,Olivia Watson,olivia.watson@hotmail.com,7502098516,,Frozen,2025-05-31,99.99
MEMBER-06044,Dillon Roy,dillon.roy@gmail.com,941-607-3720x88225,Basic,Frozen,2025-07-25,-29.99
MEMBER-06045,Sharon Davidson,sharon.davidson@yahoo.com,+1-648-206-3446x8023,Premium,Cancelled,2025-10-10,59.99
MEMBER-06046,Andrew Jenkins,andrew.jenkins@hotmail.com,726.201.8803x814,Basic,Active,2026-08-04,99.99
MEMBER-06047,Carrie Snyder,carrie.snyder@yahoo.com,+1-882-648-1494x4111,VIP,Active,2025-12-08,29.99
MEMBER-06048,Kayla Wright,kayla.wright@hotmail.com,789-270-9649x654,BASIC,Frozen,2024-11-07,29.99
MEMBER-06049,Megan Curtis,megan.curtis@hotmail.com,6734501534,,Active,2025-12-22,59.99
MEMBER-06050,Kimberly Mcpherson,kimberly.mcpherson@hotmail.com,248-297-8390,Basic,Active,2025-09-20,29.99
MEMBER-06051,Danny Johnson,danny.johnson@hotmail.com,2283013327,BASIC,Active,2024-12-02,29.99
MEMBER-06052,Patricia Lang,patricia.lang@yahoo.com,783.877.3567x19495,,Active,2025-11-26,59.99
MEMBER-06053,Isaac Luna,isaac.luna@gmail.com,(890)888-4038x75359,VIP,Frozen,2025-01-22,-29.99
MEMBER-06054,James Stewart,james.stewart@yahoo.com,(979)653-8377x9295,BASIC,Active,2024-10-24,59.99
MEMBER-06055,Katherine West,katherine.west@gmail.com,260.428.8552x980,Premium,Active,2026-08-17,-29.99
MEMBER-06056,Kimberly Scott,kimberly.scott@yahoo.com,641-722-5804,,Frozen,2026-04-22,59.99
MEMBER-06057,Daniel Smith,daniel.smith@yahoo.com,001-767-828-7841,VIP,Frozen,2025-09-20,29.99
MEMBER-06058,Kristen Carrillo,kristen.carrillo@hotmail.com,(632)616-2392x6572,Premium,Active,2025-04-14,29.99
MEMBER-06059,Erin Romero,erin.romero@yahoo.com,644.921.4950x479,Premium,Cancelled,2026-02-28,-29.99
MEMBER-06060,Lisa Campbell,lisa.campbell@hotmail.com,450-879-5853,VIP,Frozen,2026-08-08,29.99
MEMBER-06061,Paul Anderson,paul.anderson@gmail.com,+1-671-969-4442,Basic,Cancelled,2025-12-15,-29.99
MEMBER-06062,Valerie Cowan,valerie.cowan@yahoo.com,484.261.1384x5130,Basic,Active,2025-03-27,99.99
MEMBER-06063,Andrew Mcgee,andrew.mcgee@hotmail.com,001-472-309-5625x0575,Basic,Frozen,2025-04-16,59.99
MEMBER-06064,Ashley Gay,ashley.gay@gmail.com,906-864-6763,Premium,Frozen,2024-10-23,99.99
MEMBER-06065,Samantha Mcdonald,samantha.mcdonald@gmail.com,(694)320-2225x88523,BASIC,Frozen,2025-07-15,29.99
MEMBER-06066,Jennifer Elliott,jennifer.elliott@yahoo.com,001-984-874-0180,BASIC,Frozen,2025-11-04,29.99
MEMBER-06067,Sheila Everett,sheila.everett@gmail.com,001-510-835-6149x492,BASIC,Active,2024-12-26,-29.99
MEMBER-06068,David Pratt,david.pratt@yahoo.com,974.277.3133x411,Premium,Cancelled,2025-01-17,-29.99
MEMBER-06069,Lisa Taylor,lisa.taylor@hotmail.com,001-935-959-7328x6871,,Active,2025-05-27,99.99
MEMBER-06070,Kathleen White,kathleen.white@yahoo.com,439.591.2061x55989,,Frozen,2025-09-13,29.99
MEMBER-06071,Jessica Owens,jessica.owens@yahoo.com,(323)456-5515,Premium,Active,2025-10-15,29.99
MEMBER-06072,Dawn Deleon,dawn.deleon@yahoo.com,506-675-8588,Basic,Active,2025-07-18,99.99
MEMBER-06073,Eddie Murphy,eddie.murphy@hotmail.com,2414911168,,Cancelled,2026-05-18,99.99
MEMBER-06074,Wayne Thompson,wayne.thompson@hotmail.com,(242)650-4344x262,Basic,Cancelled,2025-10-14,29.99
MEMBER-06075,Christopher Kirk,christopher.kirk@yahoo.com,+1-790-580-4947,Basic,Frozen,2025-05-14,99.99
MEMBER-06076,Jimmy Young,jimmy.young@yahoo.com,(466)404-5236x9238,Premium,Active,2024-10-24,59.99
MEMBER-06077,Michele Watson,michele.watson@gmail.com,(580)928-9468x305,BASIC,Active,2026-06-29,99.99
MEMBER-06078,Tracey Harvey,tracey.harvey@gmail.com,001-686-868-1986,Basic,Active,2026-05-26,99.99
MEMBER-06079,Joshua Reynolds,joshua.reynolds@yahoo.com,001-435-323-8571,,Active,2026-02-10,59.99
MEMBER-06080,Eric Martin,eric.martin@yahoo.com,9115923573,VIP,Cancelled,2026-01-02,99.99
MEMBER-06081,Jesse Lopez,jesse.lopez@hotmail.com,9192227196,VIP,Cancelled,2025-03-19,99.99
MEMBER-06082,David Nguyen,david.nguyen@gmail.com,001-971-780-9820x5337,,Frozen,2025-03-15,59.99
MEMBER-06083,Chase Rice,chase.rice@yahoo.com,001-694-733-1521x6644,Basic,Frozen,2026-04-21,-29.99
MEMBER-06084,Alex Owens,alex.owens@yahoo.com,(717)987-8300,Basic,Active,2025-06-29,29.99
MEMBER-06085,George Rogers,george.rogers@yahoo.com,+1-883-564-9289x66810,BASIC,Active,2024-10-02,29.99
MEMBER-06086,Andre Castillo,andre.castillo@hotmail.com,(418)326-5353,Basic,Active,2026-09-08,-29.99
MEMBER-06087,Zachary Johnson,zachary.johnson@hotmail.com,(642)694-3214x74935,,Active,2024-12-25,29.99
MEMBER-06088,Adam Simpson,adam.simpson@yahoo.com,577.769.8796x08709,,Active,2025-04-22,-29.99
MEMBER-06089,Isabella Chavez,isabella.chavez@yahoo.com,(493)517-7077,BASIC,Frozen,2026-02-20,29.99
MEMBER-06090,Austin Davies,austin.davies@hotmail.com,(969)541-6203x15915,Premium,Active,2024-12-16,99.99
MEMBER-06091,Larry Montoya,larry.montoya@gmail.com,(396)516-0505x035,Premium,Cancelled,2025-10-27,59.99
MEMBER-06092,Jasmine Williams,jasmine.williams@hotmail.com,001-200-281-9822x28328,,Frozen,2025-08-06,99.99
MEMBER-06093,Leslie Cruz,leslie.cruz@gmail.com,658-419-7239x612,,Frozen,2026-02-23,59.99
MEMBER-06094,Kimberly Brewer,kimberly.brewer@gmail.com,(616)773-3660x53894,Basic,Active,2025-02-02,-29.99
MEMBER-06095,Teresa Phillips,teresa.phillips@hotmail.com,7545132371,BASIC,Active,2025-07-08,-29.99
MEMBER-06096,Stephanie Marshall,stephanie.marshall@yahoo.com,794.355.9281,Premium,Frozen,2026-05-24,99.99
MEMBER-06097,Lucas Collins,lucas.collins@gmail.com,(753)619-3366x5203,Basic,Cancelled,2025-08-07,59.99
MEMBER-06098,Christopher Robertson,christopher.robertson@yahoo.com,+1-343-291-3225x5600,VIP,Active,2024-12-22,29.99
MEMBER-06099,Kelly Peterson,kelly.peterson@yahoo.com,+1-836-443-7482,BASIC,Cancelled,2025-03-13,-29.99
MEMBER-06100,Dustin Carroll,dustin.carroll@hotmail.com,(918)289-1863x59124,VIP,Frozen,2025-04-29,59.99
MEMBER-06101,Jessica Davis,jessica.davis@gmail.com,302-614-0991x492,BASIC,Cancelled,2024-12-06,99.99
MEMBER-06102,Michele Garcia,michele.garcia@hotmail.com,291-854-0224,Basic,Active,2025-04-09,99.99
MEMBER-06103,Glenn Collins,glenn.collins@hotmail.com,+1-886-533-2002,Premium,Active,2025-12-25,59.99
MEMBER-06104,Steven Brown,steven.brown@yahoo.com,549.853.8101,,Cancelled,2024-12-02,59.99
MEMBER-06105,Stacey Miller,stacey.miller@hotmail.com,(306)347-5661x396,Premium,Frozen,2024-11-06,99.99
MEMBER-06106,Timothy Foster,timothy.foster@hotmail.com,001-647-734-0361x84061,Basic,Active,2026-08-20,29.99
MEMBER-06107,Joseph Mack,joseph.mack@gmail.com,5814184650,Basic,Active,2026-06-02,-29.99
MEMBER-06108,Natalie Christensen,natalie.christensen@yahoo.com,926.815.6849x3314,Basic,Frozen,2025-11-07,59.99
MEMBER-06109,Jennifer Juarez,jennifer.juarez@gmail.com,+1-683-648-6301,Basic,Active,2025-06-11,99.99
MEMBER-06110,Megan Villegas,megan.villegas@hotmail.com,7256284312,Premium,Active,2025-03-23,59.99
MEMBER-06111,David Cabrera,david.cabrera@hotmail.com,2352294723,Basic,Active,2026-05-04,-29.99
MEMBER-06112,Michelle Holder,michelle.holder@gmail.com,925.524.4233x11327,BASIC,Active,2025-04-29,59.99
MEMBER-06113,Donald Tapia,donald.tapia@yahoo.com,001-297-797-0998x4522,Premium,Active,2025-12-15,99.99
MEMBER-06114,Jennifer Tate,jennifer.tate@hotmail.com,+1-584-255-4273x05816,VIP,Active,2025-10-23,99.99
MEMBER-06115,Stephanie Walsh,stephanie.walsh@gmail.com,(981)859-5726,,Active,2026-02-25,99.99
MEMBER-06116,Valerie Black,valerie.black@hotmail.com,+1-976-405-9127,,Cancelled,2025-10-19,29.99
MEMBER-06117,Andrea King,andrea.king@yahoo.com,758.759.3210,Premium,Active,2025-07-23,99.99
MEMBER-06118,Marcus Castillo,marcus.castillo@hotmail.com,7173829268,Premium,Active,2025-06-28,29.99
MEMBER-06119,Michael Garcia,michael.garcia@yahoo.com,378-716-9172x31404,Premium,Cancelled,2025-04-05,-29.99
MEMBER-06120,Michael Andrade,michael.andrade@gmail.com,270.726.8920,Premium,Active,2025-11-27,59.99
MEMBER-06121,Garrett Salazar,garrett.salazar@yahoo.com,344.618.1469x507,BASIC,Frozen,2024-11-19,99.99
MEMBER-06122,Kristin Avila,kristin.avila@gmail.com,001-646-557-2118x728,,Cancelled,2026-06-27,29.99
MEMBER-06123,Martin Mcdonald,martin.mcdonald@hotmail.com,8352651169,VIP,Active,2025-10-13,-29.99
MEMBER-06124,Lisa Brewer,lisa.brewer@hotmail.com,703-210-5953x2508,Basic,Cancelled,2025-04-18,29.99
MEMBER-06125,Elizabeth Bennett,elizabeth.bennett@yahoo.com,(669)966-8249,BASIC,Active,2025-04-23,29.99
MEMBER-06126,Nicholas White,nicholas.white@hotmail.com,469.824.6584x035,VIP,Cancelled,2025-01-13,59.99
MEMBER-06127,Charles Jackson,charles.jackson@yahoo.com,2785443710,,Active,2024-12-07,59.99
MEMBER-06128,Kristi Flores,kristi.flores@hotmail.com,920-840-8063,Premium,Active,2025-03-16,59.99
MEMBER-06129,Chad Gordon,chad.gordon@hotmail.com,3455132931,Basic,Cancelled,2026-06-23,29.99
MEMBER-06130,Shawn Grant,shawn.grant@gmail.com,983-208-6370x1267,VIP,Active,2025-09-03,-29.99
MEMBER-06131,Carolyn Brown,carolyn.brown@gmail.com,224.388.3144x68204,Basic,Frozen,2026-08-09,29.99
MEMBER-06132,Lynn Smith,lynn.smith@yahoo.com,+1-949-780-0659x534,BASIC,Active,2026-03-16,29.99
MEMBER-06133,Timothy Booth,timothy.booth@gmail.com,396.201.3132,,Active,2025-10-08,59.99
MEMBER-06134,Crystal Stevenson,crystal.stevenson@gmail.com,(847)527-1224,,Frozen,2026-06-26,99.99
MEMBER-06135,Kimberly Hubbard,kimberly.hubbard@hotmail.com,718-249-8693x502,,Active,2024-12-14,99.99
MEMBER-06136,Jose Warren,jose.warren@yahoo.com,935.236.8666x961,,Active,2025-02-14,-29.99
MEMBER-06137,Shelby Petty,shelby.petty@yahoo.com,001-959-211-0724x83516,Premium,Active,2024-12-16,-29.99
MEMBER-06138,Anthony Shelton,anthony.shelton@yahoo.com,465-486-9594x67385,,Active,2024-12-17,29.99
MEMBER-06139,Beth Coleman,beth.coleman@yahoo.com,001-458-607-1906x45700,VIP,Cancelled,2025-07-31,-29.99
MEMBER-06140,Eric Silva,eric.silva@hotmail.com,001-766-680-5119x472,,Cancelled,2025-10-31,29.99
MEMBER-06141,Scott Webb,scott.webb@yahoo.com,226-285-3140,,Active,2025-02-13,59.99
MEMBER-06142,Jesse Kennedy,jesse.kennedy@yahoo.com,436.505.1713x6445,,Active,2025-08-21,59.99
MEMBER-06143,Jonathan Knight,jonathan.knight@yahoo.com,001-798-851-2461x2559,,Frozen,2026-01-02,99.99
MEMBER-06144,Jacob Yates,jacob.yates@gmail.com,531.542.5603x51837,VIP,Active,2026-01-20,29.99
MEMBER-06145,Dale Sanford,dale.sanford@hotmail.com,+1-686-506-1504x85487,,Cancelled,2025-12-27,59.99
MEMBER-06146,Benjamin Acevedo,benjamin.acevedo@hotmail.com,(608)891-4096,BASIC,Cancelled,2025-07-15,29.99
MEMBER-06147,Joshua Torres,joshua.torres@yahoo.com,382-675-4307,Basic,Cancelled,2026-01-28,59.99
MEMBER-06148,Christopher Torres,christopher.torres@hotmail.com,457-549-9647,,Frozen,2026-07-26,59.99
MEMBER-06149,Ryan Myers,ryan.myers@hotmail.com,676-214-7027,Premium,Cancelled,2025-04-11,59.99
MEMBER-06150,Brianna Warren,brianna.warren@yahoo.com,311-672-4789,Basic,Frozen,2026-02-24,29.99
MEMBER-06151,Robert Allen,robert.allen@yahoo.com,(719)724-0012x0298,VIP,Frozen,2026-04-03,-29.99
MEMBER-06152,Kyle Fox,kyle.fox@gmail.com,926.473.1293x404,VIP,Cancelled,2024-12-07,59.99
MEMBER-06153,Charles King,charles.king@hotmail.com,+1-860-526-7140x6209,,Active,2024-11-14,29.99
MEMBER-06154,Sharon Leonard,sharon.leonard@hotmail.com,(848)997-1439x6600,BASIC,Frozen,2025-11-16,59.99
MEMBER-06155,Aaron Smith,aaron.smith@gmail.com,930.734.9025,Basic,Cancelled,2024-12-02,29.99
MEMBER-06156,Brian Hansen,brian.hansen@hotmail.com,793-890-1540,Premium,Active,2025-02-04,59.99
MEMBER-06157,Robert Beck,robert.beck@hotmail.com,(819)275-3989x547,Basic,Frozen,2025-12-18,59.99
MEMBER-06158,Joseph Rogers,joseph.rogers@yahoo.com,219.859.0357,Premium,Cancelled,2025-02-13,59.99
MEMBER-06159,Elizabeth Adams,elizabeth.adams@gmail.com,992.894.2872,BASIC,Active,2025-06-02,99.99
MEMBER-06160,Chad Terry,chad.terry@gmail.com,001-840-920-0731x0652,Premium,Active,2025-10-10,59.99
MEMBER-06161,Richard Patterson,richard.patterson@gmail.com,001-217-810-4341,VIP,Cancelled,2025-01-05,29.99
MEMBER-06162,William Terry,william.terry@yahoo.com,+1-492-631-7611x4788,Premium,Active,2026-08-05,-29.99
MEMBER-06163,Jonathan Garcia,jonathan.garcia@yahoo.com,(342)364-3969x45915,VIP,Active,2025-07-18,-29.99
MEMBER-06164,Christopher Garcia,christopher.garcia@yahoo.com,001-589-271-9551x462,VIP,Active,2026-04-17,59.99
MEMBER-06165,Melissa Schroeder,melissa.schroeder@hotmail.com,871.789.3276,Basic,Active,2026-08-31,99.99
MEMBER-06166,Dean Jenkins,dean.jenkins@yahoo.com,807.844.0143,,Cancelled,2026-02-24,-29.99
MEMBER-06167,Jon Scott,jon.scott@yahoo.com,001-202-446-6645,BASIC,Active,2025-12-16,99.99
MEMBER-06168,Anna Jones,anna.jones@hotmail.com,001-733-419-4723,BASIC,Active,2026-09-08,59.99
MEMBER-06169,Jessica Warren,jessica.warren@hotmail.com,3717963142,Premium,Active,2024-11-23,29.99
MEMBER-06170,Perry Cruz,perry.cruz@gmail.com,(943)590-8159,Premium,Active,2025-01-21,-29.99
MEMBER-06171,Joseph Hansen,joseph.hansen@hotmail.com,+1-631-791-5942x9689,Basic,Active,2025-10-15,99.99
MEMBER-06172,Shelby Matthews,shelby.matthews@hotmail.com,001-772-360-7187x09752,BASIC,Active,2026-03-18,59.99
MEMBER-06173,Karen Benjamin,karen.benjamin@hotmail.com,6977137388,,Cancelled,2026-09-12,29.99
MEMBER-06174,Zachary Vega,zachary.vega@yahoo.com,358.549.7277,Basic,Frozen,2025-05-26,59.99
MEMBER-06175,Michael Williams,michael.williams@yahoo.com,+1-732-861-6764,,Frozen,2025-11-15,29.99
MEMBER-06176,Michelle Mullins,michelle.mullins@hotmail.com,468-257-6786x3405,,Active,2026-01-12,-29.99
MEMBER-06177,Denise Solomon,denise.solomon@yahoo.com,7466832273,Premium,Cancelled,2025-10-15,29.99
MEMBER-06178,Christopher Bates,christopher.bates@hotmail.com,234-901-0998x66479,Premium,Active,2026-04-01,-29.99
MEMBER-06179,James Smith,james.smith@yahoo.com,001-843-748-7500x2980,BASIC,Active,2026-08-23,29.99
MEMBER-06180,Matthew Johnson,matthew.johnson@gmail.com,001-916-385-1635x7720,VIP,Active,2026-02-11,99.99
MEMBER-06181,Patty Fernandez,patty.fernandez@yahoo.com,464-356-9398,BASIC,Active,2025-07-29,-29.99
MEMBER-06182,Christopher Calhoun,christopher.calhoun@hotmail.com,001-358-282-4278,Basic,Active,2025-11-16,59.99
MEMBER-06183,John Brown,john.brown@gmail.com,853.471.4227x6903,BASIC,Cancelled,2025-07-26,29.99
MEMBER-06184,Olivia Hill,olivia.hill@gmail.com,427.888.5574,,Active,2026-05-20,99.99
MEMBER-06185,Drew Mcmillan,drew.mcmillan@hotmail.com,930.723.6031x650,VIP,Active,2025-06-21,99.99
MEMBER-06186,Theresa Crawford,theresa.crawford@hotmail.com,+1-620-651-7718x887,,Frozen,2025-04-15,99.99
MEMBER-06187,Pamela Thompson,pamela.thompson@gmail.com,511.440.7319x19756,VIP,Active,2025-08-04,-29.99
MEMBER-06188,Lori Castillo,lori.castillo@yahoo.com,(969)487-6348x654,BASIC,Active,2025-01-06,59.99
MEMBER-06189,Jared Brown,jared.brown@gmail.com,001-285-493-8870x56768,VIP,Cancelled,2026-06-18,59.99
MEMBER-06190,Andrew Scott,andrew.scott@hotmail.com,(333)212-2780,,Active,2025-12-05,99.99
MEMBER-06191,Anna Downs,anna.downs@yahoo.com,001-503-644-4807x738,Basic,Frozen,2025-06-24,-29.99
MEMBER-06192,Jacob Nguyen,jacob.nguyen@gmail.com,496-885-6838x90505,Premium,Active,2026-05-05,59.99
MEMBER-06193,William Ortiz,william.ortiz@yahoo.com,(656)240-6009x3037,Premium,Cancelled,2026-04-21,-29.99
MEMBER-06194,Tammy Mccoy,tammy.mccoy@yahoo.com,+1-539-524-9484x0313,Premium,Active,2025-09-28,29.99
MEMBER-06195,Doris Cline,doris.cline@yahoo.com,(784)828-5177,Basic,Frozen,2025-06-08,59.99
MEMBER-06196,Raymond Rivera,raymond.rivera@hotmail.com,001-846-291-8165x463,VIP,Cancelled,2025-06-30,-29.99
MEMBER-06197,Frank Murphy,frank.murphy@hotmail.com,717-506-4952x76165,Premium,Frozen,2025-01-12,99.99
MEMBER-06198,Jill Arellano,jill.arellano@hotmail.com,+1-866-842-6519x76212,VIP,Cancelled,2026-08-20,29.99
MEMBER-06199,John Edwards,john.edwards@yahoo.com,505.591.7876x6342,,Active,2025-01-12,-29.99
MEMBER-06200,Jared Singh,jared.singh@hotmail.com,235.862.7371x19182,,Active,2024-09-28,-29.99
MEMBER-06201,Kenneth Evans,kenneth.evans@gmail.com,+1-868-723-0113x482,Premium,Cancelled,2026-04-18,99.99
MEMBER-06202,Martin Taylor,martin.taylor@hotmail.com,583.948.1957x146,Basic,Active,2024-10-17,99.99
MEMBER-06203,Cathy Gonzalez,cathy.gonzalez@hotmail.com,(429)970-9650x177,Premium,Cancelled,2025-03-30,99.99
MEMBER-06204,Jason Zimmerman,jason.zimmerman@gmail.com,001-576-591-1318,Premium,Cancelled,2025-07-19,99.99
MEMBER-06205,Michael Spencer,michael.spencer@yahoo.com,001-327-683-8164x53766,BASIC,Cancelled,2024-12-19,99.99
MEMBER-06206,Angela Joseph,angela.joseph@gmail.com,874.925.8711,Basic,Frozen,2024-12-08,59.99
MEMBER-06207,Kevin Anderson,kevin.anderson@hotmail.com,754.610.9597x568,Premium,Cancelled,2025-01-17,99.99
MEMBER-06208,Angel Bennett,angel.bennett@gmail.com,(649)444-3485,Premium,Active,2024-10-17,59.99
MEMBER-06209,Jennifer Paul,jennifer.paul@hotmail.com,+1-460-697-8483x8939,Basic,Active,2025-01-25,99.99
MEMBER-06210,Donna Hartman,donna.hartman@gmail.com,923-962-9382,,Active,2025-10-10,-29.99
MEMBER-06211,Amber Summers,amber.summers@yahoo.com,513.550.3574,Basic,Frozen,2026-09-21,99.99
MEMBER-06212,Belinda Peterson,belinda.peterson@gmail.com,+1-339-878-8630x4074,VIP,Active,2025-08-06,-29.99
MEMBER-06213,John Foley,john.foley@hotmail.com,667.646.3303,,Frozen,2025-07-23,-29.99
MEMBER-06214,Steven Lloyd,steven.lloyd@gmail.com,+1-676-580-6704x80383,VIP,Active,2026-05-17,-29.99
MEMBER-06215,Julie Hamilton,julie.hamilton@gmail.com,255.264.1672,,Frozen,2025-08-28,99.99
MEMBER-06216,Anna Hernandez,anna.hernandez@gmail.com,+1-298-303-2631,Premium,Frozen,2026-07-17,59.99
MEMBER-06217,Patricia Wright,patricia.wright@hotmail.com,+1-408-562-9662,BASIC,Frozen,2024-12-26,-29.99
MEMBER-06218,Ashley Fowler,ashley.fowler@gmail.com,(967)555-5383x7357,VIP,Active,2025-05-16,-29.99
MEMBER-06219,Natalie Ross,natalie.ross@hotmail.com,+1-539-818-5214x795,,Active,2025-12-27,29.99
MEMBER-06220,Jason Harris,jason.harris@hotmail.com,7386547289,BASIC,Cancelled,2026-05-26,99.99
MEMBER-06221,Devon Martinez,devon.martinez@yahoo.com,001-258-456-1978x0481,Premium,Active,2025-12-28,59.99
MEMBER-06222,Benjamin Fox,benjamin.fox@gmail.com,+1-514-307-2948,VIP,Frozen,2025-11-07,99.99
MEMBER-06223,Calvin Johnson,calvin.johnson@yahoo.com,+1-205-873-7733x98714,Basic,Active,2024-11-20,99.99
MEMBER-06224,Brittany Mitchell,brittany.mitchell@hotmail.com,001-422-903-2544x08137,,Frozen,2026-03-29,29.99
MEMBER-06225,Thomas Singh,thomas.singh@gmail.com,251-836-6513,VIP,Cancelled,2025-09-28,-29.99
MEMBER-06226,Carol Miller,carol.miller@gmail.com,684.934.6318,,Cancelled,2025-07-25,99.99
MEMBER-06227,Daniel Martin,daniel.martin@gmail.com,(929)537-8954x0477,VIP,Active,2026-08-13,-29.99
MEMBER-06228,George Hanna,george.hanna@gmail.com,928.341.8894x69584,VIP,Active,2025-03-04,59.99
MEMBER-06229,Samantha Powell,samantha.powell@hotmail.com,(743)468-1281x17310,Basic,Cancelled,2026-03-09,29.99
MEMBER-06230,Julie Miller,julie.miller@yahoo.com,(478)831-2342,BASIC,Frozen,2025-04-11,59.99
MEMBER-06231,Monica Cruz,monica.cruz@hotmail.com,(750)730-1850x77309,Premium,Frozen,2026-02-26,29.99
MEMBER-06232,Chelsey Vasquez,chelsey.vasquez@hotmail.com,343-469-1715,VIP,Cancelled,2024-11-09,-29.99
MEMBER-06233,Julian Gray,julian.gray@yahoo.com,562-674-1397x4669,Basic,Frozen,2026-04-03,29.99
MEMBER-06234,Ryan Evans,ryan.evans@gmail.com,(375)520-7248x631,VIP,Cancelled,2025-04-26,59.99
MEMBER-06235,James Roberson,james.roberson@hotmail.com,432-801-6076,Premium,Active,2025-06-16,29.99
MEMBER-06236,Anthony Edwards,anthony.edwards@hotmail.com,4364840697,VIP,Frozen,2025-06-29,99.99
MEMBER-06237,Erika Lopez,erika.lopez@hotmail.com,921-407-2642,Premium,Active,2025-06-03,-29.99
MEMBER-06238,Bryce Johnson,bryce.johnson@hotmail.com,+1-664-877-1653x543,,Active,2026-01-01,59.99
MEMBER-06239,Susan Jacobs,susan.jacobs@yahoo.com,001-980-957-1818x781,BASIC,Cancelled,2024-10-23,29.99
MEMBER-06240,Cassandra Long,cassandra.long@gmail.com,+1-723-673-2351x423,Basic,Active,2025-05-12,29.99
MEMBER-06241,Heather White,heather.white@gmail.com,963.228.3168x26882,BASIC,Frozen,2026-06-09,59.99
MEMBER-06242,William Blankenship,william.blankenship@hotmail.com,(502)313-6080x608,Premium,Active,2026-04-18,29.99
MEMBER-06243,Janet Nelson,janet.nelson@hotmail.com,(374)848-9988,VIP,Active,2026-04-26,29.99
MEMBER-06244,Janice Holt,janice.holt@gmail.com,+1-748-742-6250x4118,,Frozen,2025-08-03,99.99
MEMBER-06245,Michael Patterson,michael.patterson@gmail.com,+1-228-883-4690,Premium,Cancelled,2026-08-07,99.99
MEMBER-06246,Cassidy Nguyen,cassidy.nguyen@yahoo.com,+1-863-335-2526x15982,VIP,Cancelled,2026-03-16,-29.99
MEMBER-06247,Brian Stewart,brian.stewart@yahoo.com,(250)466-8036,,Active,2025-08-09,99.99
MEMBER-06248,Levi Walter,levi.walter@yahoo.com,253.273.2342,VIP,Active,2024-09-27,29.99
MEMBER-06249,Tammy Scott,tammy.scott@yahoo.com,001-269-745-9268x08730,Basic,Active,2025-01-31,59.99
MEMBER-06250,Jason Robinson,jason.robinson@gmail.com,745-746-1522,Premium,Active,2026-07-18,-29.99
MEMBER-06251,Marcus Bradford,marcus.bradford@hotmail.com,(375)277-6164x8042,VIP,Cancelled,2024-10-10,59.99
MEMBER-06252,Courtney Smith,courtney.smith@yahoo.com,(818)523-5863,BASIC,Active,2026-04-18,-29.99
MEMBER-06253,Savannah Wallace,savannah.wallace@hotmail.com,714.489.0449,Premium,Active,2025-08-11,-29.99
MEMBER-06254,Nicholas Price,nicholas.price@yahoo.com,(770)626-9148x040,VIP,Active,2024-12-14,59.99
MEMBER-06255,Edwin Walker,edwin.walker@yahoo.com,(505)863-5384x762,Premium,Active,2025-01-13,29.99
MEMBER-06256,Eric Palmer,eric.palmer@hotmail.com,+1-660-571-3579x669,Basic,Frozen,2025-06-05,29.99
MEMBER-06257,Philip Harrington,philip.harrington@hotmail.com,+1-913-994-7594x34967,Basic,Frozen,2026-02-07,59.99
MEMBER-06258,Jeremy Jones,jeremy.jones@yahoo.com,(973)430-0627,BASIC,Active,2026-01-31,29.99
MEMBER-06259,Steven Brown,steven.brown@gmail.com,569-547-1267x36507,VIP,Frozen,2024-12-27,29.99
MEMBER-06260,Erica Keith,erica.keith@yahoo.com,390-406-8326x202,Basic,Active,2025-03-16,59.99
MEMBER-06261,Andrew Smith,andrew.smith@hotmail.com,(512)708-8583x06563,BASIC,Cancelled,2025-03-01,59.99
MEMBER-06262,Rebecca Rice,rebecca.rice@yahoo.com,001-830-624-1865x723,Basic,Frozen,2026-07-05,59.99
MEMBER-06263,Adam Johnson,adam.johnson@yahoo.com,250.699.1975x5549,VIP,Active,2025-10-10,59.99
MEMBER-06264,Patrick Reid,patrick.reid@gmail.com,001-805-565-2952,Basic,Active,2025-07-10,29.99
MEMBER-06265,Brooke Ramirez,brooke.ramirez@yahoo.com,(507)257-7661,,Frozen,2025-03-19,59.99
MEMBER-06266,Andre Russell,andre.russell@gmail.com,695-467-7318,,Active,2026-05-24,59.99
MEMBER-06267,Douglas Snyder,douglas.snyder@hotmail.com,606.592.9055,BASIC,Active,2025-11-01,-29.99
MEMBER-06268,Chad Hoffman,chad.hoffman@yahoo.com,001-482-894-3800x241,Premium,Active,2026-09-08,59.99
MEMBER-06269,Julia Johnson,julia.johnson@yahoo.com,625-685-9580x1326,Basic,Cancelled,2025-10-07,-29.99
MEMBER-06270,Jason Cain,jason.cain@hotmail.com,770-797-4865x312,,Frozen,2026-09-05,99.99
MEMBER-06271,George Greene,george.greene@hotmail.com,001-636-962-5480x10317,Premium,Active,2024-10-18,59.99
MEMBER-06272,Justin Cobb,justin.cobb@hotmail.com,778.963.0781x806,Basic,Cancelled,2025-03-23,-29.99
MEMBER-06273,Jeffery Moreno,jeffery.moreno@gmail.com,635-397-3351x1552,Premium,Frozen,2025-06-23,59.99
MEMBER-06274,Jessica Griffin,jessica.griffin@gmail.com,+1-458-553-0922x6658,VIP,Frozen,2026-08-24,59.99
MEMBER-06275,Diane Allison,diane.allison@gmail.com,001-244-793-2895x57918,Premium,Cancelled,2025-02-19,59.99
MEMBER-06276,Kaitlin Kennedy,kaitlin.kennedy@hotmail.com,001-251-222-2959x35646,Premium,Active,2026-07-04,59.99
MEMBER-06277,Michael Bruce,michael.bruce@yahoo.com,704-988-6896,,Cancelled,2024-11-14,59.99
MEMBER-06278,Gail Barnes,gail.barnes@hotmail.com,872-989-6308x121,Basic,Frozen,2026-01-30,99.99
MEMBER-06279,Sherry Soto,sherry.soto@yahoo.com,226-337-7273,BASIC,Cancelled,2025-05-11,99.99
MEMBER-06280,Anthony Cox,anthony.cox@hotmail.com,408.951.7675x1610,Premium,Cancelled,2026-02-03,59.99
MEMBER-06281,Olivia Riley,olivia.riley@hotmail.com,453.539.6193x81078,BASIC,Active,2025-08-12,29.99
MEMBER-06282,Shawn Butler,shawn.butler@hotmail.com,520-479-5970,,Frozen,2024-12-16,29.99
MEMBER-06283,Joseph Pierce,joseph.pierce@gmail.com,+1-984-439-7901x74039,BASIC,Active,2026-04-22,29.99
MEMBER-06284,Jacob Ramirez,jacob.ramirez@hotmail.com,+1-815-743-8007x2923,Basic,Active,2026-03-20,29.99
MEMBER-06285,Rachel Ayala,rachel.ayala@hotmail.com,001-414-468-5649,,Cancelled,2025-08-23,-29.99
MEMBER-06286,Mary King,mary.king@gmail.com,525.240.1486x1271,,Active,2025-06-10,29.99
MEMBER-06287,James Anderson,james.anderson@gmail.com,771.635.3899x096,,Cancelled,2026-02-08,59.99
MEMBER-06288,Melissa George,melissa.george@gmail.com,001-824-705-8073,BASIC,Active,2025-07-28,29.99
MEMBER-06289,Christopher Palmer,christopher.palmer@yahoo.com,001-240-374-9911x5539,Basic,Active,2025-06-28,29.99
MEMBER-06290,Barbara Dalton,barbara.dalton@yahoo.com,464.735.0701,Premium,Active,2024-09-28,29.99
MEMBER-06291,Danielle Phelps,danielle.phelps@hotmail.com,(261)709-1650x49398,VIP,Cancelled,2024-10-01,59.99
MEMBER-06292,Kevin Parker,kevin.parker@gmail.com,851.620.3626x53365,Basic,Active,2025-04-02,-29.99
MEMBER-06293,Ryan King,ryan.king@gmail.com,6755425523,VIP,Frozen,2026-03-31,-29.99
MEMBER-06294,Joanne Strickland,joanne.strickland@yahoo.com,756-888-0728,BASIC,Cancelled,2024-10-01,99.99
MEMBER-06295,Anthony Robinson,anthony.robinson@hotmail.com,+1-550-318-0510x511,BASIC,Frozen,2026-05-02,59.99
MEMBER-06296,Jasmine Stewart,jasmine.stewart@yahoo.com,715-982-2825,Premium,Cancelled,2026-03-28,59.99
MEMBER-06297,Seth Smith,seth.smith@hotmail.com,+1-407-719-5605,Premium,Cancelled,2026-09-19,59.99
MEMBER-06298,Dawn Poole,dawn.poole@yahoo.com,(355)281-3666,,Active,2024-11-05,29.99
MEMBER-06299,Christina Bowers,christina.bowers@yahoo.com,(445)395-5212,,Frozen,2026-07-25,99.99
MEMBER-06300,Mark Sullivan,mark.sullivan@gmail.com,944-904-5684,Premium,Frozen,2025-06-05,59.99
MEMBER-06301,Marilyn Martin,marilyn.martin@hotmail.com,842-929-2710,Premium,Cancelled,2025-08-07,99.99
MEMBER-06302,Leah Stewart,leah.stewart@yahoo.com,+1-583-411-0812x3489,BASIC,Active,2025-03-11,-29.99
MEMBER-06303,Peter Little,peter.little@gmail.com,+1-618-865-9817x60807,Premium,Frozen,2025-08-11,59.99
MEMBER-06304,Vicki Joseph,vicki.joseph@gmail.com,5307356221,VIP,Active,2024-10-06,-29.99
MEMBER-06305,Sydney Baker,sydney.baker@gmail.com,+1-709-958-7601x21330,Premium,Active,2026-02-24,59.99
MEMBER-06306,Christopher Terrell,christopher.terrell@yahoo.com,395-593-3725,Basic,Active,2026-07-07,29.99
MEMBER-06307,Jeremy Hamilton,jeremy.hamilton@gmail.com,001-797-954-6823,VIP,Active,2025-02-26,-29.99
MEMBER-06308,David Wood,david.wood@gmail.com,440.853.3990,VIP,Active,2025-06-16,59.99
MEMBER-06309,Catherine Graham,catherine.graham@yahoo.com,909-937-3001x63881,Basic,Active,2025-01-05,99.99
MEMBER-06310,Emily Hernandez,emily.hernandez@gmail.com,5329831110,Premium,Frozen,2025-05-11,29.99
MEMBER-06311,Thomas Stuart,thomas.stuart@hotmail.com,001-295-864-6947x13072,,Frozen,2024-12-17,59.99
MEMBER-06312,Adam Wagner,adam.wagner@gmail.com,596-206-1648x312,Basic,Active,2025-07-31,59.99
MEMBER-06313,William Thompson,william.thompson@yahoo.com,001-387-481-1025x2706,BASIC,Cancelled,2025-01-13,-29.99
MEMBER-06314,Peter Johnson,peter.johnson@yahoo.com,001-414-524-5864x145,Basic,Frozen,2024-11-13,-29.99
MEMBER-06315,James Horton,james.horton@yahoo.com,(587)933-3077,Premium,Active,2026-07-20,99.99
MEMBER-06316,Mike Collins,mike.collins@yahoo.com,446.340.2305x541,BASIC,Active,2025-01-25,99.99
MEMBER-06317,Kyle Thomas,kyle.thomas@gmail.com,994-861-0601x40336,VIP,Active,2025-12-30,29.99
MEMBER-06318,Jennifer Taylor,jennifer.taylor@yahoo.com,+1-879-410-0331x67590,VIP,Frozen,2024-10-22,99.99
MEMBER-06319,Travis Beard,travis.beard@hotmail.com,001-786-779-5143x1658,,Active,2026-04-21,59.99
MEMBER-06320,Samantha Mathews,samantha.mathews@yahoo.com,+1-775-844-8160x71721,Basic,Frozen,2025-08-09,29.99
MEMBER-06321,James Cantu,james.cantu@gmail.com,995.349.3040x648,BASIC,Frozen,2024-10-04,29.99
MEMBER-06322,Douglas Singh,douglas.singh@yahoo.com,+1-639-264-1177x449,Basic,Frozen,2024-12-30,99.99
MEMBER-06323,Lisa James,lisa.james@yahoo.com,2753991100,BASIC,Frozen,2026-06-06,29.99
MEMBER-06324,Douglas Bullock,douglas.bullock@hotmail.com,570.725.6202,,Active,2025-08-06,-29.99
MEMBER-06325,David Schultz,david.schultz@yahoo.com,589.350.0541,,Cancelled,2025-07-25,99.99
MEMBER-06326,Lonnie Nixon,lonnie.nixon@yahoo.com,420-950-1223,BASIC,Active,2024-11-27,99.99
MEMBER-06327,Jessica Hernandez,jessica.hernandez@hotmail.com,3463612963,Premium,Active,2026-09-17,-29.99
MEMBER-06328,Michael Johnston,michael.johnston@yahoo.com,371-662-6782,Basic,Cancelled,2025-06-28,29.99
MEMBER-06329,Debra Owens,debra.owens@yahoo.com,001-875-302-6158x618,VIP,Cancelled,2026-04-21,-29.99
MEMBER-06330,Mary Torres,mary.torres@yahoo.com,876-913-7988,Premium,Active,2026-07-05,29.99
MEMBER-06331,Kenneth King,kenneth.king@hotmail.com,001-959-873-7862x65911,,Active,2025-02-24,29.99
MEMBER-06332,Ashley Jones,ashley.jones@hotmail.com,(738)888-3402,Premium,Active,2025-01-31,59.99
MEMBER-06333,Robert Schmidt,robert.schmidt@hotmail.com,(692)473-2108x7377,VIP,Active,2026-02-06,59.99
MEMBER-06334,Kelly Casey,kelly.casey@yahoo.com,(248)707-8940x62793,,Cancelled,2025-09-22,-29.99
MEMBER-06335,Candice Campos,candice.campos@yahoo.com,638-687-3346x2246,,Active,2025-01-01,-29.99
MEMBER-06336,Amanda Mack,amanda.mack@gmail.com,(331)430-4005,,Active,2026-04-20,-29.99
MEMBER-06337,Christina Rubio,christina.rubio@yahoo.com,+1-735-404-9536x403,Basic,Active,2025-09-02,59.99
MEMBER-06338,Benjamin Nunez,benjamin.nunez@gmail.com,5366136263,Basic,Cancelled,2026-09-09,-29.99
MEMBER-06339,Samantha Lopez,samantha.lopez@hotmail.com,520-708-9541,BASIC,Active,2026-08-04,59.99
MEMBER-06340,Donald Martinez,donald.martinez@gmail.com,898.710.8500x09197,Basic,Cancelled,2025-09-24,59.99
MEMBER-06341,Brooke Wilson,brooke.wilson@yahoo.com,2319971117,BASIC,Active,2026-09-19,29.99
MEMBER-06342,Ann Thomas,ann.thomas@gmail.com,555.647.6847x67506,BASIC,Frozen,2025-04-10,-29.99
MEMBER-06343,Tanner Silva,tanner.silva@yahoo.com,827-340-7664x4410,,Active,2025-12-15,99.99
MEMBER-06344,Gabriel Fritz,gabriel.fritz@hotmail.com,612-422-0387x6738,Premium,Cancelled,2025-12-23,99.99
MEMBER-06345,Jessica Hicks,jessica.hicks@yahoo.com,001-812-723-9182x45140,Premium,Active,2025-03-27,29.99
MEMBER-06346,Kenneth Martin,kenneth.martin@gmail.com,(667)631-6785x0437,BASIC,Frozen,2025-03-30,99.99
MEMBER-06347,Casey George,casey.george@hotmail.com,(242)739-7280x187,Premium,Active,2026-04-20,99.99
MEMBER-06348,George Scott,george.scott@gmail.com,+1-411-358-7079x14813,Premium,Cancelled,2026-01-27,29.99
MEMBER-06349,Adam Novak,adam.novak@yahoo.com,2443159385,Premium,Active,2025-11-06,59.99
MEMBER-06350,Carlos Richards,carlos.richards@hotmail.com,001-964-653-3715,Basic,Active,2026-06-05,99.99
MEMBER-06351,Tammy Perez,tammy.perez@yahoo.com,841.618.2514,Basic,Frozen,2024-10-17,-29.99
MEMBER-06352,Laura Jackson,laura.jackson@hotmail.com,983-602-2048x728,BASIC,Frozen,2026-02-25,99.99
MEMBER-06353,Jeffrey Gilbert,jeffrey.gilbert@yahoo.com,658.362.1318,,Active,2026-08-19,99.99
MEMBER-06354,Jennifer Wyatt,jennifer.wyatt@hotmail.com,617.380.9886x5985,BASIC,Active,2025-10-13,29.99
MEMBER-06355,Kimberly Thompson,kimberly.thompson@gmail.com,325-913-8617x5565,Basic,Cancelled,2025-03-03,-29.99
MEMBER-06356,Debbie Shelton,debbie.shelton@yahoo.com,(662)706-1943,,Active,2025-01-31,-29.99
MEMBER-06357,Anthony Kelly,anthony.kelly@yahoo.com,608.554.1244x788,VIP,Frozen,2024-11-06,-29.99
MEMBER-06358,Andrew Mcdaniel,andrew.mcdaniel@hotmail.com,707-935-3532x44492,BASIC,Active,2026-09-07,99.99
MEMBER-06359,Laurie Stevens,laurie.stevens@yahoo.com,+1-812-486-0034x2225,,Active,2026-06-28,-29.99
MEMBER-06360,Joshua Shepard,joshua.shepard@hotmail.com,001-477-351-6663x0317,VIP,Active,2026-06-22,-29.99
MEMBER-06361,Craig Martin,craig.martin@yahoo.com,001-642-216-9617x6000,Premium,Active,2026-03-24,99.99
MEMBER-06362,Amanda Bauer,amanda.bauer@hotmail.com,766.766.6260,BASIC,Active,2025-11-26,99.99
MEMBER-06363,Stacy Bruce,stacy.bruce@gmail.com,+1-971-503-5584x5377,VIP,Active,2025-05-06,29.99
MEMBER-06364,David Collins,david.collins@yahoo.com,915.292.9121x3588,BASIC,Cancelled,2026-06-07,99.99
MEMBER-06365,Johnny Thomas,johnny.thomas@gmail.com,+1-804-768-9900,VIP,Cancelled,2025-08-27,-29.99
MEMBER-06366,Timothy Hogan,timothy.hogan@gmail.com,001-945-898-4071x7524,Premium,Active,2026-01-03,-29.99
MEMBER-06367,Jesus Arnold,jesus.arnold@yahoo.com,6204052956,VIP,Active,2025-07-27,59.99
MEMBER-06368,Debra Martin,debra.martin@hotmail.com,486-213-4761x54001,BASIC,Active,2024-12-06,29.99
MEMBER-06369,Kelly Torres,kelly.torres@hotmail.com,+1-524-553-8806x77224,Basic,Frozen,2025-12-16,59.99
MEMBER-06370,Alexander Knight,alexander.knight@hotmail.com,522-931-0125x1283,,Active,2026-06-18,59.99
MEMBER-06371,Andre Alexander,andre.alexander@gmail.com,5303224279,VIP,Cancelled,2025-07-29,29.99
MEMBER-06372,Phillip Barber,phillip.barber@gmail.com,418-508-1478x415,VIP,Active,2025-07-01,29.99
MEMBER-06373,William Moore,william.moore@hotmail.com,3319243870,Premium,Frozen,2025-07-31,99.99
MEMBER-06374,Catherine Rodriguez,catherine.rodriguez@gmail.com,(578)549-1929,Basic,Cancelled,2025-10-06,59.99
MEMBER-06375,Gary Mccormick,gary.mccormick@yahoo.com,659-935-5062x9420,BASIC,Active,2025-08-12,59.99
MEMBER-06376,Jamie Smith,jamie.smith@gmail.com,620-451-4498,BASIC,Frozen,2025-09-22,59.99
MEMBER-06377,Pamela Pierce,pamela.pierce@yahoo.com,710.312.7397x864,Basic,Frozen,2025-08-02,99.99
MEMBER-06378,Todd Pierce,todd.pierce@yahoo.com,001-205-218-0970x1315,,Frozen,2025-08-22,-29.99
MEMBER-06379,Fernando Lara,fernando.lara@gmail.com,001-474-512-7822,VIP,Frozen,2025-05-06,-29.99
MEMBER-06380,Sarah Schmitt,sarah.schmitt@gmail.com,(430)397-0126,BASIC,Cancelled,2025-03-27,99.99
MEMBER-06381,James Anderson,james.anderson@gmail.com,243.862.2398x270,VIP,Frozen,2025-08-22,99.99
MEMBER-06382,Douglas Hill,douglas.hill@hotmail.com,924.722.7934x6290,Premium,Frozen,2026-06-10,99.99
MEMBER-06383,Rhonda Jackson,rhonda.jackson@yahoo.com,988-987-1436x53934,Basic,Frozen,2024-11-06,29.99
MEMBER-06384,James Boyd,james.boyd@yahoo.com,001-904-446-5659x4836,BASIC,Cancelled,2026-08-30,59.99
MEMBER-06385,Miranda Stephens,miranda.stephens@hotmail.com,456-812-1075x7918,VIP,Frozen,2025-08-22,-29.99
MEMBER-06386,Erin Wells,erin.wells@gmail.com,+1-936-435-3004x6522,VIP,Cancelled,2025-12-03,99.99
MEMBER-06387,Andrew Moses,andrew.moses@gmail.com,(594)782-7168x213,BASIC,Frozen,2024-12-09,29.99
MEMBER-06388,Teresa Hamilton,teresa.hamilton@gmail.com,949.983.4134x57081,,Cancelled,2025-05-29,59.99
MEMBER-06389,Erin Robinson,erin.robinson@gmail.com,574.279.9455,Premium,Active,2025-12-23,99.99
MEMBER-06390,Mitchell Welch,mitchell.welch@yahoo.com,938-600-5634,,Active,2026-03-16,59.99
MEMBER-06391,Kristin Young,kristin.young@gmail.com,+1-682-759-9785,,Active,2026-06-05,59.99
MEMBER-06392,Michael Smith,michael.smith@yahoo.com,858-279-0480,,Frozen,2026-05-21,29.99
MEMBER-06393,Ricardo Cabrera,ricardo.cabrera@hotmail.com,001-724-249-3923x1820,Premium,Cancelled,2025-05-16,29.99
MEMBER-06394,Sharon Gardner,sharon.gardner@hotmail.com,908-994-0943x4747,Basic,Active,2025-10-31,59.99
MEMBER-06395,Edward Dixon,edward.dixon@yahoo.com,(345)983-1409,Basic,Cancelled,2024-12-20,29.99
MEMBER-06396,Joseph Thompson,joseph.thompson@gmail.com,793.595.4983,BASIC,Active,2025-03-23,-29.99
MEMBER-06397,Ricky Hernandez,ricky.hernandez@yahoo.com,275.606.3793x2554,VIP,Frozen,2024-12-20,99.99
MEMBER-06398,Jennifer Garner,jennifer.garner@yahoo.com,(686)523-9139x677,Premium,Frozen,2025-04-13,-29.99
MEMBER-06399,Emily Garrett,emily.garrett@hotmail.com,567-717-0164x527,VIP,Frozen,2025-01-14,-29.99
MEMBER-06400,Cynthia Holden,cynthia.holden@hotmail.com,8136343694,,Cancelled,2025-06-20,59.99
MEMBER-06401,Ashley Scott,ashley.scott@gmail.com,4402177675,Basic,Cancelled,2024-09-30,29.99
MEMBER-06402,Jesus Lane,jesus.lane@hotmail.com,611-352-9926x440,Basic,Frozen,2024-10-10,99.99
MEMBER-06403,Tiffany Ryan,tiffany.ryan@yahoo.com,(940)930-5465,,Active,2026-05-25,99.99
MEMBER-06404,Kenneth Meyers,kenneth.meyers@yahoo.com,(385)319-3298x63273,BASIC,Active,2026-01-24,59.99
MEMBER-06405,Eric Grant,eric.grant@hotmail.com,001-588-938-0416,,Cancelled,2025-08-13,29.99
MEMBER-06406,Kaitlyn Ramos,kaitlyn.ramos@hotmail.com,(932)695-6758x49319,Basic,Cancelled,2025-04-06,99.99
MEMBER-06407,Patrick Jimenez,patrick.jimenez@gmail.com,917-422-2830x486,Basic,Cancelled,2026-08-10,29.99
MEMBER-06408,Alexandra Rogers,alexandra.rogers@yahoo.com,+1-383-881-4962x3402,Premium,Active,2025-04-13,99.99
MEMBER-06409,Jeanette Bowers,jeanette.bowers@hotmail.com,419.434.2986x248,BASIC,Frozen,2025-02-15,-29.99
MEMBER-06410,Ashley Cisneros,ashley.cisneros@yahoo.com,722.971.1523,Premium,Frozen,2025-11-03,99.99
MEMBER-06411,Chad Benton,chad.benton@hotmail.com,480-920-5405,BASIC,Active,2026-03-03,-29.99
MEMBER-06412,Christina Jones,christina.jones@gmail.com,218-269-0563x804,Basic,Cancelled,2025-05-21,29.99
MEMBER-06413,Michael White,michael.white@yahoo.com,(465)846-0679,VIP,Frozen,2025-10-21,99.99
MEMBER-06414,Amy Merritt,amy.merritt@gmail.com,958-709-6963x0956,Premium,Frozen,2025-06-02,99.99
MEMBER-06415,Brett Harris,brett.harris@yahoo.com,+1-447-889-1339x00746,BASIC,Active,2025-12-13,59.99
MEMBER-06416,Daniel Brown,daniel.brown@yahoo.com,8685358776,Basic,Active,2026-08-16,59.99
MEMBER-06417,Daniel Graham,daniel.graham@hotmail.com,+1-386-740-5376x704,,Frozen,2024-12-23,29.99
MEMBER-06418,Alejandro Davis,alejandro.davis@gmail.com,001-352-606-0579x93412,Premium,Frozen,2025-10-21,59.99
MEMBER-06419,Renee Weaver,renee.weaver@gmail.com,957-995-6056x073,Premium,Active,2024-11-30,59.99
MEMBER-06420,Kathleen Hunter,kathleen.hunter@gmail.com,+1-342-605-1253x2206,Premium,Active,2026-03-09,59.99
MEMBER-06421,Joann Griffin,joann.griffin@gmail.com,214.442.1402x0921,Premium,Frozen,2026-02-10,-29.99
MEMBER-06422,Vanessa Mason,vanessa.mason@hotmail.com,486-735-5775x437,VIP,Cancelled,2026-09-01,99.99
MEMBER-06423,Keith Espinoza,keith.espinoza@gmail.com,221-211-6973x66540,BASIC,Cancelled,2026-09-01,29.99
MEMBER-06424,Joshua Hunt,joshua.hunt@yahoo.com,(568)241-8605,Basic,Frozen,2026-07-31,59.99
MEMBER-06425,Brandon Smith,brandon.smith@yahoo.com,+1-748-813-6956,BASIC,Active,2025-06-19,-29.99
MEMBER-06426,Sydney Foster,sydney.foster@gmail.com,508.302.5437,,Active,2026-07-26,29.99
MEMBER-06427,Peter Barnes,peter.barnes@hotmail.com,251.646.4606x251,,Frozen,2025-11-24,59.99
MEMBER-06428,Sharon Thompson,sharon.thompson@hotmail.com,8174454696,,Frozen,2025-08-21,-29.99
MEMBER-06429,Kelly Herrera,kelly.herrera@hotmail.com,830.912.3199x5662,,Active,2026-01-01,59.99
MEMBER-06430,Matthew Howard,matthew.howard@hotmail.com,(806)249-6219x7658,Basic,Active,2026-03-27,-29.99
MEMBER-06431,Amy Le,amy.le@gmail.com,(211)633-9897x727,VIP,Active,2024-11-17,-29.99
MEMBER-06432,Norman Mccann,norman.mccann@hotmail.com,206-815-7363x5619,VIP,Cancelled,2025-01-15,29.99
MEMBER-06433,Tiffany Fernandez,tiffany.fernandez@yahoo.com,5063511680,VIP,Cancelled,2025-04-15,99.99
MEMBER-06434,Stacy Petty,stacy.petty@gmail.com,+1-975-492-6126x4040,Basic,Cancelled,2026-02-19,59.99
MEMBER-06435,Mary Johnson,mary.johnson@yahoo.com,831.650.6792,,Frozen,2026-08-21,29.99
MEMBER-06436,Gary Becker,gary.becker@gmail.com,(211)538-7127,Premium,Cancelled,2025-12-22,99.99
MEMBER-06437,Stephen Cortez,stephen.cortez@hotmail.com,+1-953-748-7134x0839,BASIC,Active,2026-02-17,99.99
MEMBER-06438,Stephen Miller,stephen.miller@hotmail.com,695-652-2576x5007,Premium,Active,2026-01-12,99.99
MEMBER-06439,Connor Moore,connor.moore@gmail.com,347.919.0574,Premium,Cancelled,2026-01-20,59.99
MEMBER-06440,Lynn Guerrero,lynn.guerrero@gmail.com,+1-354-240-9874x1826,Premium,Cancelled,2026-09-03,59.99
MEMBER-06441,Sara Thomas,sara.thomas@yahoo.com,001-881-748-8710,Basic,Cancelled,2026-03-31,29.99
MEMBER-06442,Maria Lopez,maria.lopez@gmail.com,965-389-2696x3177,Premium,Frozen,2025-11-05,-29.99
MEMBER-06443,Christopher Johnson,christopher.johnson@yahoo.com,521-326-8342,,Active,2026-08-17,59.99
MEMBER-06444,Barbara Graham,barbara.graham@hotmail.com,7055874994,Premium,Active,2024-12-11,59.99
MEMBER-06445,Daniel Blanchard,daniel.blanchard@hotmail.com,3365684074,Basic,Cancelled,2025-10-27,59.99
MEMBER-06446,Renee Alexander,renee.alexander@yahoo.com,001-931-787-9878x11132,VIP,Active,2026-01-26,-29.99
MEMBER-06447,Andrea Lopez,andrea.lopez@gmail.com,(426)812-6240x89260,BASIC,Active,2026-03-01,29.99
MEMBER-06448,Julie Phillips,julie.phillips@hotmail.com,+1-287-424-9580x6953,BASIC,Active,2024-11-01,99.99
MEMBER-06449,Danielle Clark,danielle.clark@hotmail.com,541-739-3850x37970,Basic,Active,2025-05-18,-29.99
MEMBER-06450,Melinda Stark,melinda.stark@yahoo.com,001-875-214-0444x537,Premium,Active,2026-05-29,99.99
MEMBER-06451,Eileen Villegas,eileen.villegas@yahoo.com,873.330.6655x6212,VIP,Cancelled,2025-02-19,29.99
MEMBER-06452,Steven Foster,steven.foster@gmail.com,224.287.3570,Premium,Frozen,2026-05-29,99.99
MEMBER-06453,Steven Davis,steven.davis@yahoo.com,001-991-574-1878x6148,Premium,Active,2024-12-07,29.99
MEMBER-06454,Justin Colon,justin.colon@yahoo.com,3106475753,Premium,Cancelled,2026-02-07,99.99
MEMBER-06455,Joel Smith,joel.smith@gmail.com,411.406.5838x5277,BASIC,Cancelled,2026-09-11,59.99
MEMBER-06456,Zachary Freeman,zachary.freeman@yahoo.com,555.612.2449x48870,Basic,Cancelled,2025-08-05,99.99
MEMBER-06457,Tina Phillips,tina.phillips@hotmail.com,484-269-0936x366,Premium,Active,2025-07-05,59.99
MEMBER-06458,Shannon Holt,shannon.holt@yahoo.com,(378)877-1127,,Frozen,2024-12-25,-29.99
MEMBER-06459,James Garcia,james.garcia@hotmail.com,+1-781-739-9017,Basic,Active,2025-08-20,29.99
MEMBER-06460,Patrick Bryant,patrick.bryant@gmail.com,4716208133,BASIC,Cancelled,2024-12-23,59.99
MEMBER-06461,Lisa Flores,lisa.flores@hotmail.com,(901)933-4853x68190,Premium,Frozen,2026-06-26,29.99
MEMBER-06462,Ronald Roberts,ronald.roberts@yahoo.com,219.247.1250x937,VIP,Active,2026-01-07,-29.99
MEMBER-06463,Daniel Wilson,daniel.wilson@hotmail.com,537-475-4628x40616,BASIC,Frozen,2026-03-30,-29.99
MEMBER-06464,Kristen Shaw,kristen.shaw@gmail.com,001-767-675-7298,Basic,Active,2024-10-08,-29.99
MEMBER-06465,Steven Rodriguez,steven.rodriguez@hotmail.com,001-591-489-1621x529,VIP,Frozen,2025-03-19,-29.99
MEMBER-06466,Lacey Barnett,lacey.barnett@gmail.com,210-846-8715x6122,Basic,Cancelled,2025-08-25,99.99
MEMBER-06467,Jennifer West,jennifer.west@yahoo.com,(756)850-4676x550,Basic,Active,2024-11-05,99.99
MEMBER-06468,Matthew Ford,matthew.ford@gmail.com,(947)348-3092x9076,,Cancelled,2026-03-23,-29.99
MEMBER-06469,Kevin Snow,kevin.snow@yahoo.com,(635)611-8222,Premium,Active,2026-06-01,59.99
MEMBER-06470,Matthew Wilson,matthew.wilson@yahoo.com,+1-427-571-1315x17678,VIP,Active,2026-05-21,59.99
MEMBER-06471,Michael Jones,michael.jones@yahoo.com,627.259.2351,Premium,Frozen,2025-03-18,29.99
MEMBER-06472,William Bishop,william.bishop@hotmail.com,001-478-578-5145x3885,,Frozen,2025-11-10,-29.99
MEMBER-06473,Omar Gray,omar.gray@hotmail.com,709.786.3679x433,BASIC,Frozen,2026-04-14,99.99
MEMBER-06474,Oscar Hernandez,oscar.hernandez@gmail.com,444-790-8172,,Cancelled,2025-10-31,59.99
MEMBER-06475,Brian Lopez,brian.lopez@hotmail.com,001-772-878-1962x364,BASIC,Cancelled,2026-01-05,59.99
MEMBER-06476,Mindy Davis,mindy.davis@yahoo.com,584.801.3662x2063,BASIC,Active,2026-06-07,59.99
MEMBER-06477,Anthony Winters,anthony.winters@gmail.com,(575)594-5425,Basic,Cancelled,2026-02-04,29.99
MEMBER-06478,Veronica Swanson,veronica.swanson@hotmail.com,+1-705-930-8169,Basic,Active,2026-09-07,29.99
MEMBER-06479,Sherry Kelley,sherry.kelley@gmail.com,207.744.5983,,Active,2024-12-10,29.99
MEMBER-06480,Nancy Frazier,nancy.frazier@gmail.com,7634870781,Premium,Frozen,2024-11-25,-29.99
MEMBER-06481,Alicia Bennett,alicia.bennett@yahoo.com,252.857.4641x5748,,Active,2025-07-20,29.99
MEMBER-06482,James Reynolds,james.reynolds@yahoo.com,995.393.5361x03874,BASIC,Active,2025-07-26,-29.99
MEMBER-06483,Jonathan Reed,jonathan.reed@yahoo.com,+1-990-820-0533x16400,VIP,Active,2025-07-11,59.99
MEMBER-06484,Willie Jones,willie.jones@hotmail.com,565.919.0174x993,,Cancelled,2025-12-22,99.99
MEMBER-06485,Seth Cooper,seth.cooper@hotmail.com,2842707977,Basic,Frozen,2025-05-14,99.99
MEMBER-06486,Michelle Trujillo,michelle.trujillo@hotmail.com,(376)295-9534,Premium,Frozen,2025-09-23,29.99
MEMBER-06487,Kendra Torres,kendra.torres@gmail.com,620.381.4018,BASIC,Active,2025-12-01,59.99
MEMBER-06488,Richard Villanueva,richard.villanueva@gmail.com,(835)496-0539,Premium,Cancelled,2025-05-17,-29.99
MEMBER-06489,Lindsey Hanson,lindsey.hanson@yahoo.com,882-994-8712x6342,BASIC,Frozen,2025-01-19,59.99
MEMBER-06490,Joseph Woods,joseph.woods@hotmail.com,208-328-6631x8929,Premium,Active,2025-06-04,59.99
MEMBER-06491,Kimberly Phillips,kimberly.phillips@gmail.com,240-215-2503,Premium,Active,2026-04-12,99.99
MEMBER-06492,Raymond Fritz,raymond.fritz@yahoo.com,717-831-3580x994,VIP,Cancelled,2025-09-27,59.99
MEMBER-06493,Cynthia Valencia,cynthia.valencia@hotmail.com,(281)811-0414x5174,Basic,Active,2025-04-17,59.99
MEMBER-06494,Kimberly Graham,kimberly.graham@yahoo.com,001-511-340-1908x4853,BASIC,Frozen,2025-03-13,99.99
MEMBER-06495,Deanna Carpenter,deanna.carpenter@yahoo.com,417.994.3655x323,,Active,2025-03-22,59.99
MEMBER-06496,James Greene,james.greene@hotmail.com,4254022665,Premium,Active,2026-06-12,59.99
MEMBER-06497,Richard Shields,richard.shields@gmail.com,812.724.3049,Premium,Frozen,2025-08-27,99.99
MEMBER-06498,Sheila Phillips,sheila.phillips@yahoo.com,+1-713-422-0710x84256,VIP,Active,2025-11-22,29.99
MEMBER-06499,Justin Shaw,justin.shaw@hotmail.com,001-315-690-6192x922,VIP,Active,2025-01-31,99.99
MEMBER-06500,Ray Stone,ray.stone@hotmail.com,964.517.3141x088,Basic,Frozen,2026-09-20,-29.99
MEMBER-06501,Kristopher Velez,kristopher.velez@hotmail.com,345.924.3452x43680,Basic,Cancelled,2026-08-27,29.99
MEMBER-06502,Theresa Arnold,theresa.arnold@hotmail.com,997.700.4085x321,VIP,Active,2025-09-20,99.99
MEMBER-06503,Michael Mitchell,michael.mitchell@hotmail.com,(795)946-0768x2314,Basic,Frozen,2025-08-30,59.99
MEMBER-06504,David Rodriguez,david.rodriguez@gmail.com,(351)544-6484,BASIC,Active,2026-07-14,99.99
MEMBER-06505,Julie Jackson,julie.jackson@hotmail.com,917.393.2858x642,,Cancelled,2026-02-11,-29.99
MEMBER-06506,Mark Allison,mark.allison@gmail.com,363-394-3665,BASIC,Cancelled,2026-09-05,59.99
MEMBER-06507,David Martinez,david.martinez@yahoo.com,431.998.7406x215,,Frozen,2026-08-12,-29.99
MEMBER-06508,John Love,john.love@hotmail.com,985-356-9545,Premium,Frozen,2026-05-16,59.99
MEMBER-06509,Tyler Jackson,tyler.jackson@gmail.com,422-407-9827x307,BASIC,Active,2026-04-05,-29.99
MEMBER-06510,Benjamin Smith,benjamin.smith@gmail.com,720-326-3496x070,VIP,Cancelled,2025-12-27,59.99
MEMBER-06511,Stephanie Fowler,stephanie.fowler@gmail.com,303-815-5383,VIP,Cancelled,2024-12-26,29.99
MEMBER-06512,Michael Tate,michael.tate@hotmail.com,8836022377,BASIC,Active,2025-04-20,-29.99
MEMBER-06513,Kristin Harris,kristin.harris@hotmail.com,+1-612-209-2371x7035,VIP,Active,2025-10-05,59.99
MEMBER-06514,Charles Carpenter,charles.carpenter@hotmail.com,319.764.0760,,Cancelled,2026-03-06,29.99
MEMBER-06515,Bill Herring,bill.herring@hotmail.com,+1-938-252-8691x4132,VIP,Cancelled,2025-05-20,59.99
MEMBER-06516,John Wise,john.wise@gmail.com,598.930.3231x109,,Frozen,2025-11-14,29.99
MEMBER-06517,Angela Davis,angela.davis@gmail.com,001-595-365-6359x729,Basic,Frozen,2026-06-30,-29.99
MEMBER-06518,Isaac Sandoval,isaac.sandoval@yahoo.com,692.697.5698x86471,Premium,Active,2026-01-09,59.99
MEMBER-06519,Samuel Campos,samuel.campos@hotmail.com,001-523-976-0179x4343,,Frozen,2025-11-17,99.99
MEMBER-06520,Patricia Smith,patricia.smith@hotmail.com,001-807-529-3122,,Active,2025-05-28,59.99
MEMBER-06521,Christopher Thomas,christopher.thomas@gmail.com,+1-242-256-3443x1216,BASIC,Cancelled,2025-09-19,-29.99
MEMBER-06522,Breanna Carpenter,breanna.carpenter@yahoo.com,001-906-882-8700,Premium,Active,2025-02-07,59.99
MEMBER-06523,Martin Carr,martin.carr@yahoo.com,(714)392-6142,,Frozen,2026-01-07,59.99
MEMBER-06524,Keith Hunt,keith.hunt@hotmail.com,556.483.6333x1933,Basic,Active,2026-05-28,-29.99
MEMBER-06525,Sabrina Frye,sabrina.frye@yahoo.com,(209)837-3282x0155,Basic,Frozen,2025-10-18,99.99
MEMBER-06526,Michael Stanton,michael.stanton@gmail.com,886-703-2144,,Active,2025-04-13,99.99
MEMBER-06527,Justin Burke,justin.burke@hotmail.com,001-569-306-5227x204,Basic,Cancelled,2025-05-11,59.99
MEMBER-06528,Christopher Jones,christopher.jones@yahoo.com,266-244-5772x00805,Basic,Cancelled,2025-04-16,29.99
MEMBER-06529,Michael Weber,michael.weber@yahoo.com,(585)423-1589,Basic,Frozen,2025-01-15,59.99
MEMBER-06530,Kevin Martin,kevin.martin@yahoo.com,001-273-386-6616,Premium,Active,2026-07-23,29.99
MEMBER-06531,Anthony Oliver,anthony.oliver@hotmail.com,001-750-898-5499x1579,Premium,Cancelled,2026-06-07,29.99
MEMBER-06532,Nancy Branch,nancy.branch@yahoo.com,721.678.9402x6676,Premium,Active,2025-03-20,99.99
MEMBER-06533,Alexandria Murphy,alexandria.murphy@hotmail.com,4539343265,VIP,Active,2025-08-09,99.99
MEMBER-06534,William Martinez,william.martinez@yahoo.com,2889500299,,Cancelled,2025-09-08,-29.99
MEMBER-06535,Robert Gillespie,robert.gillespie@gmail.com,+1-907-627-3586,,Active,2025-01-13,-29.99
MEMBER-06536,Zachary Johnson,zachary.johnson@yahoo.com,486.591.5030x91371,BASIC,Frozen,2025-10-13,29.99
MEMBER-06537,Cathy Williams,cathy.williams@gmail.com,636.537.9358x9441,Basic,Active,2025-09-20,99.99
MEMBER-06538,Eric Carlson,eric.carlson@yahoo.com,001-741-292-2892,VIP,Active,2026-08-31,-29.99
MEMBER-06539,Gregory Castillo,gregory.castillo@yahoo.com,001-594-806-0678x3703,VIP,Frozen,2026-04-04,59.99
MEMBER-06540,Angela Ramsey,angela.ramsey@yahoo.com,222-537-3922,Basic,Active,2026-02-03,-29.99
MEMBER-06541,Brian Morse,brian.morse@yahoo.com,2574026607,Premium,Active,2026-01-16,-29.99
MEMBER-06542,Alexandra Murray,alexandra.murray@gmail.com,(416)804-9018,,Active,2026-07-14,59.99
MEMBER-06543,Matthew Johnson,matthew.johnson@hotmail.com,001-915-368-3434,VIP,Frozen,2026-06-17,-29.99
MEMBER-06544,Elizabeth Clark,elizabeth.clark@hotmail.com,339-859-2746,BASIC,Frozen,2025-01-21,-29.99
MEMBER-06545,Adam Hamilton,adam.hamilton@hotmail.com,001-637-915-7140x692,VIP,Active,2024-12-28,-29.99
MEMBER-06546,Daniel Wright,daniel.wright@gmail.com,835.595.7244x937,Premium,Cancelled,2026-09-17,99.99
MEMBER-06547,Carl Harris,carl.harris@gmail.com,+1-955-860-4991,Premium,Active,2025-06-22,59.99
MEMBER-06548,Kenneth Wong,kenneth.wong@yahoo.com,877-775-8231,BASIC,Cancelled,2025-11-15,59.99
MEMBER-06549,Sherri Nelson,sherri.nelson@gmail.com,(660)516-8047,Basic,Cancelled,2025-08-11,59.99
MEMBER-06550,Brandi Winters,brandi.winters@hotmail.com,(780)554-6354x1530,Basic,Frozen,2026-02-18,29.99
MEMBER-06551,Allison Allen,allison.allen@yahoo.com,725.339.2914x696,Basic,Frozen,2025-01-13,59.99
MEMBER-06552,Megan Ayala,megan.ayala@gmail.com,001-908-669-4383,,Frozen,2024-10-28,59.99
MEMBER-06553,Jennifer Diaz,jennifer.diaz@yahoo.com,(684)600-3532,Basic,Frozen,2025-06-01,-29.99
MEMBER-06554,Samuel Mason,samuel.mason@hotmail.com,535.816.6077,,Active,2025-07-27,29.99
MEMBER-06555,Rachel Gibson,rachel.gibson@yahoo.com,486.586.7197x13209,BASIC,Active,2026-05-18,59.99
MEMBER-06556,Kelsey Lopez,kelsey.lopez@hotmail.com,(277)922-7672x32329,BASIC,Frozen,2025-06-14,29.99
MEMBER-06557,Emily Reynolds,emily.reynolds@gmail.com,+1-681-995-5774,Premium,Cancelled,2025-07-22,29.99
MEMBER-06558,Heidi Gutierrez,heidi.gutierrez@hotmail.com,+1-401-669-2109x830,,Active,2026-07-24,29.99
MEMBER-06559,Sheila Williams,sheila.williams@gmail.com,496-487-0893x6162,Premium,Active,2025-09-09,-29.99
MEMBER-06560,Molly Brown,molly.brown@hotmail.com,(561)466-9534,BASIC,Active,2026-01-22,59.99
MEMBER-06561,Matthew Love,matthew.love@hotmail.com,460-801-5516x607,Basic,Active,2025-06-05,29.99
MEMBER-06562,William Perez,william.perez@hotmail.com,536.764.1650x76567,VIP,Cancelled,2025-09-16,59.99
MEMBER-06563,Micheal Sexton,micheal.sexton@gmail.com,552-224-1491x0905,,Frozen,2025-05-04,59.99
MEMBER-06564,Bobby Roach,bobby.roach@hotmail.com,941-281-7693x5083,,Active,2024-11-02,59.99
MEMBER-06565,Kristen Edwards,kristen.edwards@yahoo.com,001-289-923-3792x063,Basic,Active,2026-06-17,99.99
MEMBER-06566,Phillip Ortiz,phillip.ortiz@yahoo.com,(490)406-4384,Basic,Frozen,2025-04-07,59.99
MEMBER-06567,Brittany Simmons,brittany.simmons@hotmail.com,763-488-8870,VIP,Cancelled,2025-10-02,59.99
MEMBER-06568,Raymond Gonzalez,raymond.gonzalez@hotmail.com,454.786.6914,,Active,2026-06-05,99.99
MEMBER-06569,Samantha Parker,samantha.parker@yahoo.com,+1-755-999-2853x3876,,Cancelled,2025-07-12,-29.99
MEMBER-06570,Angela Scott,angela.scott@hotmail.com,541.858.5839,,Cancelled,2025-08-04,29.99
MEMBER-06571,Brandon Dodson,brandon.dodson@hotmail.com,+1-837-482-9159x5071,Basic,Active,2025-09-14,-29.99
MEMBER-06572,William Roberson,william.roberson@yahoo.com,742.490.5789x5842,,Active,2025-05-04,59.99
MEMBER-06573,Christina Stokes,christina.stokes@gmail.com,(596)519-1238x0508,BASIC,Active,2025-05-28,59.99
MEMBER-06574,Andre Jackson,andre.jackson@hotmail.com,001-553-986-8351x19035,Premium,Cancelled,2026-06-09,59.99
MEMBER-06575,Maria Dickson,maria.dickson@yahoo.com,588.756.8531,,Active,2026-09-10,59.99
MEMBER-06576,Michael Simmons,michael.simmons@yahoo.com,001-329-627-7823x6813,Premium,Active,2025-04-02,-29.99
MEMBER-06577,Larry Smith,larry.smith@gmail.com,293-897-6848x4900,Basic,Frozen,2026-03-02,29.99
MEMBER-06578,Norma Welch,norma.welch@gmail.com,(629)769-8931,,Active,2025-07-18,59.99
MEMBER-06579,Heidi Moore,heidi.moore@gmail.com,625.616.4653x01938,BASIC,Active,2024-10-16,29.99
MEMBER-06580,Rebecca Torres,rebecca.torres@hotmail.com,001-475-715-2566x2885,Premium,Active,2025-03-15,99.99
MEMBER-06581,Kayla Thompson,kayla.thompson@gmail.com,(373)580-4767x78390,Basic,Active,2026-03-24,29.99
MEMBER-06582,Laura Campbell,laura.campbell@yahoo.com,2394010349,Premium,Cancelled,2025-02-12,59.99
MEMBER-06583,Kristy Murphy,kristy.murphy@hotmail.com,7615887223,Premium,Cancelled,2026-04-24,59.99
MEMBER-06584,Brandon Walker,brandon.walker@yahoo.com,001-383-428-9166,Basic,Cancelled,2025-07-21,99.99
MEMBER-06585,Lisa Mills,lisa.mills@gmail.com,482-749-3283,Premium,Active,2025-06-02,29.99
MEMBER-06586,Tina Pearson,tina.pearson@yahoo.com,545-469-3583x5410,,Active,2026-04-19,99.99
MEMBER-06587,Ryan Tran,ryan.tran@yahoo.com,+1-366-211-3014x444,Basic,Active,2025-05-22,-29.99
MEMBER-06588,Sarah Koch,sarah.koch@yahoo.com,890.763.7661x44890,BASIC,Active,2025-12-20,29.99
MEMBER-06589,Jerome Rocha,jerome.rocha@gmail.com,6135105716,Basic,Active,2025-12-08,99.99
MEMBER-06590,Olivia Fletcher,olivia.fletcher@hotmail.com,968-767-4847x58621,,Cancelled,2025-05-04,29.99
MEMBER-06591,Gina Smith,gina.smith@yahoo.com,001-557-202-2458x52771,,Active,2026-02-12,99.99
MEMBER-06592,Michael Carr,michael.carr@yahoo.com,(318)701-5513x34123,Premium,Active,2024-11-04,59.99
MEMBER-06593,Erica Clark,erica.clark@yahoo.com,+1-277-247-4673x8960,BASIC,Active,2025-02-24,-29.99
MEMBER-06594,Kimberly Johnson,kimberly.johnson@yahoo.com,617.671.2280,Basic,Active,2025-01-01,29.99
MEMBER-06595,Joshua Mcclure,joshua.mcclure@yahoo.com,(707)829-9895x53457,VIP,Active,2025-11-11,59.99
MEMBER-06596,Mallory Perez,mallory.perez@hotmail.com,(627)578-9348,,Frozen,2025-02-28,99.99
MEMBER-06597,Nicole Lee,nicole.lee@gmail.com,989-800-0190x938,BASIC,Cancelled,2026-03-04,29.99
MEMBER-06598,Donna Miller,donna.miller@hotmail.com,001-547-633-2206x33995,Premium,Active,2024-12-16,-29.99
MEMBER-06599,Adrian Sparks,adrian.sparks@hotmail.com,001-245-255-0145x3073,VIP,Active,2025-02-08,-29.99
MEMBER-06600,Dennis Brock,dennis.brock@gmail.com,2776376555,Premium,Frozen,2026-08-16,29.99
MEMBER-06601,Kevin Nash,kevin.nash@yahoo.com,001-222-403-6999x57538,Premium,Frozen,2026-01-11,-29.99
MEMBER-06602,Breanna Sampson,breanna.sampson@gmail.com,001-320-328-0213x2640,Premium,Frozen,2025-07-28,59.99
MEMBER-06603,Sarah Taylor,sarah.taylor@hotmail.com,001-827-393-0815x55078,VIP,Frozen,2026-05-31,59.99
MEMBER-06604,Jennifer Shelton,jennifer.shelton@hotmail.com,985-400-1769x20990,,Frozen,2026-08-24,-29.99
MEMBER-06605,Karen Lozano,karen.lozano@hotmail.com,8905852594,Basic,Active,2024-10-24,99.99
MEMBER-06606,Jessica Small,jessica.small@yahoo.com,469-762-4341x3499,Premium,Active,2025-06-30,-29.99
MEMBER-06607,Kelly Kelly,kelly.kelly@hotmail.com,(228)492-1672x234,VIP,Active,2026-06-05,59.99
MEMBER-06608,Lindsey Ellis,lindsey.ellis@hotmail.com,(673)863-7599x532,,Active,2025-07-21,-29.99
MEMBER-06609,Andrea Robles,andrea.robles@yahoo.com,(513)761-7369x6540,,Frozen,2025-08-26,29.99
MEMBER-06610,Kathryn Chase,kathryn.chase@yahoo.com,001-242-391-2930x43113,BASIC,Active,2025-01-17,-29.99
MEMBER-06611,Kelsey Conner,kelsey.conner@yahoo.com,(300)917-9225x664,Basic,Active,2026-08-22,-29.99
MEMBER-06612,Kristin Baker,kristin.baker@hotmail.com,888-606-4068x580,VIP,Active,2025-03-28,99.99
MEMBER-06613,Rhonda Little,rhonda.little@yahoo.com,+1-679-858-2324x711,,Frozen,2025-01-01,99.99
MEMBER-06614,Crystal Collier,crystal.collier@yahoo.com,(708)707-9483,BASIC,Frozen,2025-02-23,29.99
MEMBER-06615,Valerie Miller,valerie.miller@yahoo.com,(561)728-1641x32096,,Cancelled,2025-11-22,99.99
MEMBER-06616,Susan Watts,susan.watts@yahoo.com,001-292-712-9591x60399,Basic,Active,2026-02-07,-29.99
MEMBER-06617,Gabriel Morgan,gabriel.morgan@gmail.com,(874)319-2291x534,Premium,Frozen,2026-01-15,-29.99
MEMBER-06618,Christopher Norton,christopher.norton@yahoo.com,275.282.7356x23261,,Frozen,2025-02-14,59.99
MEMBER-06619,Taylor Johnson,taylor.johnson@gmail.com,001-244-725-1011x090,BASIC,Active,2025-03-05,-29.99
MEMBER-06620,Connie Gonzales,connie.gonzales@hotmail.com,001-498-561-7292x8832,VIP,Active,2026-05-08,99.99
MEMBER-06621,Tracy Fisher,tracy.fisher@gmail.com,(307)907-3197,VIP,Frozen,2025-06-04,29.99
MEMBER-06622,Janet Sanders,janet.sanders@hotmail.com,979.867.5663,,Cancelled,2025-03-28,-29.99
MEMBER-06623,Jessica Rush,jessica.rush@gmail.com,001-335-247-2401x89159,Basic,Frozen,2025-12-02,59.99
MEMBER-06624,Gina Perry,gina.perry@hotmail.com,+1-488-261-5553x5135,Basic,Active,2025-09-18,59.99
MEMBER-06625,Randy Freeman,randy.freeman@hotmail.com,001-889-896-8427x584,BASIC,Cancelled,2026-01-31,-29.99
MEMBER-06626,David Torres,david.torres@hotmail.com,(222)378-7618x7057,Basic,Active,2024-11-12,-29.99
MEMBER-06627,Beth Clark,beth.clark@gmail.com,329-466-4312x1885,VIP,Active,2024-12-02,29.99
MEMBER-06628,Joyce Powell,joyce.powell@gmail.com,8009909878,,Cancelled,2025-01-26,99.99
MEMBER-06629,Amanda Smith,amanda.smith@hotmail.com,(678)910-1035x304,,Frozen,2025-08-10,99.99
MEMBER-06630,Brittany Briggs,brittany.briggs@hotmail.com,297.916.4799,,Active,2025-05-05,59.99
MEMBER-06631,Donald Mckinney,donald.mckinney@gmail.com,(402)391-3930x239,Basic,Cancelled,2025-05-14,29.99
MEMBER-06632,Ashley Ford,ashley.ford@gmail.com,706-600-9621,VIP,Active,2026-05-06,99.99
MEMBER-06633,Amber Flores,amber.flores@yahoo.com,001-391-895-6393x865,,Cancelled,2024-10-22,-29.99
MEMBER-06634,Jonathan York,jonathan.york@hotmail.com,(391)529-0658x2821,VIP,Active,2025-06-26,99.99
MEMBER-06635,Susan Martinez,susan.martinez@yahoo.com,436-457-0594,BASIC,Cancelled,2026-01-14,29.99
MEMBER-06636,Alexandra Chavez,alexandra.chavez@gmail.com,901-469-3933x61590,Premium,Active,2025-08-31,99.99
MEMBER-06637,Valerie Hurst,valerie.hurst@hotmail.com,001-371-862-5626x657,Basic,Active,2025-07-09,29.99
MEMBER-06638,Steven Campbell,steven.campbell@yahoo.com,902.282.4021x01923,Premium,Active,2025-01-20,99.99
MEMBER-06639,Rachel Mckay,rachel.mckay@hotmail.com,+1-419-615-7265x21365,BASIC,Active,2025-03-07,29.99
MEMBER-06640,Ashley Zamora,ashley.zamora@gmail.com,568-740-0658x61584,,Frozen,2025-12-04,59.99
MEMBER-06641,Loretta Mcdaniel,loretta.mcdaniel@yahoo.com,+1-218-882-4367x580,Basic,Frozen,2025-08-12,-29.99
MEMBER-06642,Eric Freeman,eric.freeman@gmail.com,001-721-802-0743x210,VIP,Active,2026-01-15,99.99
MEMBER-06643,Janet Roy,janet.roy@gmail.com,001-571-664-5441x12517,,Cancelled,2024-11-30,-29.99
MEMBER-06644,Deanna Brooks,deanna.brooks@hotmail.com,(727)483-1169,,Frozen,2025-04-06,-29.99
MEMBER-06645,Shari Oconnor,shari.oconnor@hotmail.com,001-939-422-0903x2400,BASIC,Active,2026-03-12,-29.99
MEMBER-06646,Tonya Wade,tonya.wade@gmail.com,487-285-4270,Basic,Active,2025-12-27,-29.99
MEMBER-06647,Patricia Calderon,patricia.calderon@yahoo.com,474-263-9904x33168,Premium,Active,2025-09-16,29.99
MEMBER-06648,Scott Richardson,scott.richardson@yahoo.com,532-906-1341x92713,Basic,Active,2026-02-22,59.99
MEMBER-06649,Jordan Morgan,jordan.morgan@gmail.com,645-931-1597,BASIC,Frozen,2025-12-01,29.99
MEMBER-06650,Danielle Leon,danielle.leon@hotmail.com,(443)791-3261x45509,Basic,Cancelled,2025-04-28,99.99
MEMBER-06651,Patricia Smith,patricia.smith@gmail.com,451-829-1958x7095,VIP,Frozen,2025-03-07,99.99
MEMBER-06652,Nicholas Schneider,nicholas.schneider@yahoo.com,422-558-5396x350,Premium,Active,2026-03-08,-29.99
MEMBER-06653,Rebecca Petersen,rebecca.petersen@yahoo.com,608.574.7652x8683,BASIC,Frozen,2025-01-26,99.99
MEMBER-06654,Stephanie Mendoza,stephanie.mendoza@hotmail.com,(911)643-4383x35068,BASIC,Active,2025-05-13,99.99
MEMBER-06655,Emily Coleman,emily.coleman@hotmail.com,+1-971-374-9095x52980,Premium,Frozen,2025-10-10,29.99
MEMBER-06656,Raven Oliver,raven.oliver@hotmail.com,(832)617-0911x778,BASIC,Cancelled,2026-01-07,59.99
MEMBER-06657,Martha Holt,martha.holt@yahoo.com,765-988-9492x1475,Basic,Frozen,2024-11-10,99.99
MEMBER-06658,Stephanie Buckley,stephanie.buckley@hotmail.com,709-792-6436x902,,Active,2026-05-22,-29.99
MEMBER-06659,Mark Chang,mark.chang@yahoo.com,961-729-5401,Premium,Frozen,2025-07-04,-29.99
MEMBER-06660,Samantha Boyd,samantha.boyd@hotmail.com,001-498-534-3702x4105,Premium,Cancelled,2025-07-06,59.99
MEMBER-06661,Christie Bowen,christie.bowen@gmail.com,3036741727,Basic,Active,2026-07-19,99.99
MEMBER-06662,Katherine Stevens,katherine.stevens@gmail.com,+1-260-620-1581x287,Premium,Cancelled,2025-09-07,99.99
MEMBER-06663,Susan Lane,susan.lane@hotmail.com,820.502.4263,BASIC,Active,2026-08-30,99.99
MEMBER-06664,Henry Jones,henry.jones@hotmail.com,576-706-9371x218,BASIC,Frozen,2026-05-29,-29.99
MEMBER-06665,Jessica Navarro,jessica.navarro@hotmail.com,312-273-1063x815,BASIC,Frozen,2026-03-30,99.99
MEMBER-06666,Kayla Ramirez,kayla.ramirez@hotmail.com,(237)470-2700x21005,VIP,Frozen,2025-07-24,59.99
MEMBER-06667,Julia Patterson,julia.patterson@yahoo.com,(980)342-8503x88536,,Active,2025-09-15,99.99
MEMBER-06668,Perry Clark,perry.clark@yahoo.com,338.535.2141x8047,Premium,Active,2024-10-14,59.99
MEMBER-06669,Stephanie Hall,stephanie.hall@hotmail.com,701-612-7470,,Cancelled,2024-11-09,99.99
MEMBER-06670,Ellen Stokes,ellen.stokes@yahoo.com,+1-967-806-2154x4647,Basic,Active,2024-12-17,29.99
MEMBER-06671,Amy Mendoza,amy.mendoza@yahoo.com,686.762.5028,Premium,Frozen,2024-12-02,99.99
MEMBER-06672,Amy Todd,amy.todd@hotmail.com,238-712-4383x11410,VIP,Cancelled,2025-09-22,29.99
MEMBER-06673,Alyssa Ball,alyssa.ball@yahoo.com,001-419-397-6530x4827,Premium,Active,2025-06-14,29.99
MEMBER-06674,Michael Juarez,michael.juarez@hotmail.com,+1-268-801-1682x1874,Premium,Active,2026-04-21,59.99
MEMBER-06675,Morgan Carroll,morgan.carroll@hotmail.com,(407)435-5620,Premium,Active,2025-12-24,29.99
MEMBER-06676,Johnathan Campbell,johnathan.campbell@yahoo.com,931-298-9484,BASIC,Cancelled,2026-03-29,59.99
MEMBER-06677,Thomas Thornton,thomas.thornton@gmail.com,6219560139,BASIC,Active,2025-08-06,59.99
MEMBER-06678,Matthew Hicks,matthew.hicks@yahoo.com,862.810.5206x810,BASIC,Frozen,2024-12-15,59.99
MEMBER-06679,James Ochoa,james.ochoa@gmail.com,+1-643-957-1102x34770,,Frozen,2026-04-09,99.99
MEMBER-06680,Derek Armstrong,derek.armstrong@gmail.com,388.913.9372,VIP,Frozen,2025-07-28,59.99
MEMBER-06681,John Hancock,john.hancock@hotmail.com,208-814-4093,Premium,Frozen,2026-09-04,59.99
MEMBER-06682,Kristin Hudson,kristin.hudson@hotmail.com,882-472-1484x634,VIP,Cancelled,2025-09-11,99.99
MEMBER-06683,Kristen Davis,kristen.davis@gmail.com,(746)833-0727x312,Basic,Active,2025-12-11,29.99
MEMBER-06684,Michelle Maxwell,michelle.maxwell@yahoo.com,846-895-6142,,Frozen,2026-02-08,-29.99
MEMBER-06685,Jessica Day,jessica.day@yahoo.com,539.820.3300,VIP,Active,2026-06-06,-29.99
MEMBER-06686,Daniel Rivera,daniel.rivera@yahoo.com,434-228-8118x4629,Basic,Active,2024-12-21,99.99
MEMBER-06687,Brent Henry,brent.henry@gmail.com,+1-587-911-6488x78983,Basic,Active,2025-03-21,99.99
MEMBER-06688,Kelli White,kelli.white@gmail.com,(835)739-6540x278,VIP,Active,2026-03-08,99.99
MEMBER-06689,Stephanie Butler,stephanie.butler@yahoo.com,616-388-1134x698,BASIC,Active,2026-01-20,99.99
MEMBER-06690,Tina Guerra,tina.guerra@yahoo.com,(838)393-1750x095,VIP,Active,2026-07-30,59.99
MEMBER-06691,Jonathan Lamb,jonathan.lamb@gmail.com,+1-619-639-4349x38713,VIP,Cancelled,2025-04-01,99.99
MEMBER-06692,Annette Peterson,annette.peterson@hotmail.com,667.753.5946,Premium,Frozen,2025-10-02,-29.99
MEMBER-06693,Michael Warner,michael.warner@hotmail.com,(413)238-7960,,Frozen,2025-05-23,29.99
MEMBER-06694,Darrell Rogers,darrell.rogers@hotmail.com,301.491.6463,BASIC,Active,2024-11-14,99.99
MEMBER-06695,Judy Ferguson,judy.ferguson@hotmail.com,710.390.6929,,Frozen,2025-01-12,-29.99
MEMBER-06696,Sara Nelson,sara.nelson@hotmail.com,+1-509-421-8900x091,Premium,Frozen,2025-07-12,99.99
MEMBER-06697,Tanya Jones,tanya.jones@gmail.com,(590)347-2700,,Cancelled,2026-05-29,29.99
MEMBER-06698,Katherine Howard,katherine.howard@gmail.com,(750)753-0346,VIP,Cancelled,2025-07-06,-29.99
MEMBER-06699,Michael Johnson,michael.johnson@gmail.com,836-204-1103x7408,,Active,2026-06-09,59.99
MEMBER-06700,Katrina Williams,katrina.williams@hotmail.com,312-266-4978x44376,Premium,Active,2025-12-21,59.99
MEMBER-06701,Kimberly Cox,kimberly.cox@hotmail.com,545-628-7914x881,BASIC,Active,2026-05-28,29.99
MEMBER-06702,Sheila Davis,sheila.davis@yahoo.com,001-891-992-9126x8471,Premium,Cancelled,2024-12-15,59.99
MEMBER-06703,Charles Williams,charles.williams@hotmail.com,+1-551-892-1804,BASIC,Active,2025-12-22,-29.99
MEMBER-06704,Eric Burns,eric.burns@gmail.com,569.734.3175x230,,Cancelled,2026-02-28,29.99
MEMBER-06705,Eric Butler,eric.butler@gmail.com,(948)569-6635,VIP,Cancelled,2026-05-06,-29.99
MEMBER-06706,Larry Oconnor,larry.oconnor@gmail.com,921.768.2419,,Active,2025-04-07,59.99
MEMBER-06707,Jason Taylor,jason.taylor@yahoo.com,5935942350,Basic,Frozen,2025-02-19,-29.99
MEMBER-06708,Robert Preston,robert.preston@yahoo.com,918-816-2309x270,Premium,Frozen,2025-11-12,29.99
MEMBER-06709,Candace Williams,candace.williams@hotmail.com,2878292429,VIP,Cancelled,2025-03-01,29.99
MEMBER-06710,Jessica Roman,jessica.roman@yahoo.com,573.592.3251x1268,BASIC,Frozen,2026-05-27,-29.99
MEMBER-06711,Christopher Wallace,christopher.wallace@hotmail.com,930-617-1991x0651,VIP,Cancelled,2025-06-17,99.99
MEMBER-06712,Mary Tran,mary.tran@hotmail.com,+1-774-516-4927x305,Premium,Active,2024-12-24,29.99
MEMBER-06713,Christina Rollins,christina.rollins@yahoo.com,9217812995,Basic,Active,2025-11-27,99.99
MEMBER-06714,Christina Smith,christina.smith@hotmail.com,867-480-7395,BASIC,Active,2025-03-19,59.99
MEMBER-06715,Katelyn Ingram,katelyn.ingram@gmail.com,001-927-678-4016x88972,VIP,Frozen,2025-11-17,-29.99
MEMBER-06716,Michael Miller,michael.miller@yahoo.com,(326)428-7344x8762,BASIC,Active,2026-05-19,-29.99
MEMBER-06717,Charles Lowe,charles.lowe@gmail.com,278-459-0126,BASIC,Active,2025-05-31,59.99
MEMBER-06718,Jeffery Hogan,jeffery.hogan@hotmail.com,205-899-1470x9265,,Active,2025-04-28,29.99
MEMBER-06719,Kayla Weiss,kayla.weiss@gmail.com,479.861.3578,VIP,Cancelled,2026-04-21,59.99
MEMBER-06720,Stephanie Schwartz,stephanie.schwartz@hotmail.com,829.841.1168,BASIC,Cancelled,2026-09-23,99.99
MEMBER-06721,Danielle Conner,danielle.conner@hotmail.com,001-790-294-9516x8040,BASIC,Active,2026-03-27,99.99
MEMBER-06722,Christie Erickson,christie.erickson@yahoo.com,928.266.3453x004,VIP,Active,2025-03-15,29.99
MEMBER-06723,Kristy Klein,kristy.klein@yahoo.com,001-616-844-4335x842,Basic,Active,2025-09-02,29.99
MEMBER-06724,Jody Yates,jody.yates@hotmail.com,350-343-7371x256,,Frozen,2024-10-04,-29.99
MEMBER-06725,Jasmine Harrison,jasmine.harrison@yahoo.com,+1-253-318-2467,Premium,Active,2025-09-15,59.99
MEMBER-06726,Wesley Garcia,wesley.garcia@yahoo.com,+1-943-721-8126x4150,VIP,Cancelled,2025-08-09,29.99
MEMBER-06727,Tracy Duran,tracy.duran@yahoo.com,+1-476-491-2013x5834,Basic,Active,2026-08-06,99.99
MEMBER-06728,Ashley Thomas,ashley.thomas@yahoo.com,+1-396-519-5254x58728,VIP,Cancelled,2025-08-26,99.99
MEMBER-06729,David Thomas,david.thomas@yahoo.com,992.679.0541x331,BASIC,Frozen,2026-04-28,99.99
MEMBER-06730,Ruben Sanchez,ruben.sanchez@hotmail.com,563.369.0507,,Active,2025-05-24,99.99
MEMBER-06731,Joseph Davis,joseph.davis@gmail.com,374-863-9524x6632,BASIC,Cancelled,2024-10-11,99.99
MEMBER-06732,Jason Shaw,jason.shaw@hotmail.com,4739651133,BASIC,Frozen,2026-09-03,99.99
MEMBER-06733,Joseph Jacobs,joseph.jacobs@hotmail.com,(201)348-2188x097,,Cancelled,2025-04-23,29.99
MEMBER-06734,Melanie Dillon,melanie.dillon@yahoo.com,857.540.0122,,Active,2025-03-25,59.99
MEMBER-06735,Laura Wu,laura.wu@gmail.com,001-219-729-8809x28820,Premium,Active,2025-06-08,-29.99
MEMBER-06736,Andrew Gomez,andrew.gomez@yahoo.com,+1-418-475-9462x613,,Active,2024-12-16,29.99
MEMBER-06737,Ryan Rose,ryan.rose@hotmail.com,2814621730,Premium,Frozen,2025-09-13,59.99
MEMBER-06738,Chad Young,chad.young@yahoo.com,(753)484-4366,,Active,2026-04-30,29.99
MEMBER-06739,Brian Rodriguez,brian.rodriguez@gmail.com,(980)433-0769x5008,BASIC,Active,2026-04-05,99.99
MEMBER-06740,John Gaines,john.gaines@hotmail.com,001-551-378-8014,,Frozen,2025-02-08,99.99
MEMBER-06741,Kristine Hernandez,kristine.hernandez@hotmail.com,619.882.6425x82624,VIP,Active,2025-02-21,99.99
MEMBER-06742,Carol Gould,carol.gould@hotmail.com,001-277-515-6510x018,Premium,Active,2025-05-26,-29.99
MEMBER-06743,Russell Norris,russell.norris@hotmail.com,(515)724-0938,Premium,Active,2025-01-07,29.99
MEMBER-06744,Tyler Stewart,tyler.stewart@gmail.com,613.397.9672x770,Basic,Cancelled,2026-08-23,59.99
MEMBER-06745,Isaac Morris,isaac.morris@yahoo.com,(748)978-1993,Basic,Cancelled,2026-08-14,99.99
MEMBER-06746,Franklin Gomez,franklin.gomez@hotmail.com,570.308.2512,BASIC,Active,2026-04-30,29.99
MEMBER-06747,Yolanda Myers,yolanda.myers@gmail.com,(433)565-3847x77336,,Cancelled,2025-05-04,-29.99
MEMBER-06748,Gregory Bell,gregory.bell@hotmail.com,001-728-996-6064x75325,,Active,2025-03-04,99.99
MEMBER-06749,Angela Roberts,angela.roberts@yahoo.com,001-736-752-8998,VIP,Active,2024-10-27,29.99
MEMBER-06750,Nancy Gallagher,nancy.gallagher@gmail.com,+1-706-733-7067x91042,,Cancelled,2026-06-16,29.99
MEMBER-06751,Tom Gamble,tom.gamble@yahoo.com,221.562.8230,BASIC,Active,2025-07-07,29.99
MEMBER-06752,Micheal Spencer,micheal.spencer@yahoo.com,842-819-2364,VIP,Frozen,2025-08-01,59.99
MEMBER-06753,Brian Schwartz,brian.schwartz@hotmail.com,+1-645-932-8435x788,,Active,2026-05-18,-29.99
MEMBER-06754,Julie Watson,julie.watson@yahoo.com,659-770-5413,,Cancelled,2025-03-22,59.99
MEMBER-06755,Benjamin Ball,benjamin.ball@hotmail.com,435.766.5726,VIP,Active,2026-05-10,99.99
MEMBER-06756,Robert Sanders,robert.sanders@yahoo.com,+1-359-262-5608,,Active,2025-12-06,-29.99
MEMBER-06757,Marco Roth,marco.roth@hotmail.com,800.345.9889x34199,Basic,Frozen,2025-09-08,59.99
MEMBER-06758,Elizabeth Roberts,elizabeth.roberts@yahoo.com,629.607.6582,Premium,Active,2026-04-20,29.99
MEMBER-06759,Amanda Lester,amanda.lester@yahoo.com,349.685.4850x678,Basic,Active,2025-05-11,59.99
MEMBER-06760,Tamara Copeland,tamara.copeland@yahoo.com,+1-394-759-9248x59106,,Active,2026-02-22,29.99
MEMBER-06761,Jeremy Campbell,jeremy.campbell@gmail.com,(667)412-8810x7910,Premium,Cancelled,2025-05-18,-29.99
MEMBER-06762,Daniel Knight,daniel.knight@yahoo.com,+1-552-225-6629x52305,VIP,Cancelled,2025-06-21,99.99
MEMBER-06763,Christopher Pratt,christopher.pratt@gmail.com,808.372.5466x2230,VIP,Active,2026-09-24,59.99
MEMBER-06764,Matthew Clements,matthew.clements@hotmail.com,(750)971-3339,BASIC,Active,2025-05-30,29.99
MEMBER-06765,David Robinson,david.robinson@yahoo.com,001-979-765-9314x91707,,Frozen,2026-02-11,29.99
MEMBER-06766,Taylor Campbell,taylor.campbell@hotmail.com,960.224.2011,,Active,2025-01-08,29.99
MEMBER-06767,Luis Mullins,luis.mullins@gmail.com,864.206.3863,VIP,Frozen,2026-09-09,29.99
MEMBER-06768,Nathan Evans,nathan.evans@gmail.com,001-976-970-3100x51112,Premium,Frozen,2025-08-30,59.99
MEMBER-06769,Katie Harris,katie.harris@yahoo.com,001-472-693-8358x65581,BASIC,Cancelled,2025-11-16,-29.99
MEMBER-06770,Sally Murphy,sally.murphy@yahoo.com,9565353067,Basic,Frozen,2025-12-05,-29.99
MEMBER-06771,Kelly Jones,kelly.jones@hotmail.com,534.529.4641x171,Premium,Active,2025-11-22,-29.99
MEMBER-06772,Peter Stephenson,peter.stephenson@hotmail.com,+1-358-825-9298x28122,Premium,Active,2026-04-20,29.99
MEMBER-06773,Darren Schmidt,darren.schmidt@hotmail.com,232.294.1946,Premium,Frozen,2026-07-12,-29.99
MEMBER-06774,Timothy Pearson,timothy.pearson@gmail.com,915.577.5041x19050,,Cancelled,2024-12-25,59.99
MEMBER-06775,George Guzman,george.guzman@gmail.com,001-939-866-8729x3631,VIP,Cancelled,2025-11-24,29.99
MEMBER-06776,Brian Douglas,brian.douglas@hotmail.com,682.339.0052x23892,Basic,Frozen,2026-08-26,99.99
MEMBER-06777,Victoria Martin,victoria.martin@yahoo.com,001-963-274-7626x61840,BASIC,Active,2026-06-19,99.99
MEMBER-06778,Stacy Chandler,stacy.chandler@hotmail.com,571.716.1741,VIP,Active,2026-03-17,59.99
MEMBER-06779,Deborah West,deborah.west@gmail.com,578.603.2409x71628,Basic,Frozen,2025-10-15,-29.99
MEMBER-06780,Matthew Ferguson,matthew.ferguson@gmail.com,(891)246-7260,BASIC,Cancelled,2024-11-24,-29.99
MEMBER-06781,Mary Johnson,mary.johnson@gmail.com,(438)297-0895,,Cancelled,2026-01-25,99.99
MEMBER-06782,Patricia Bishop,patricia.bishop@hotmail.com,411.849.0018x71091,VIP,Active,2026-04-16,29.99
MEMBER-06783,Debra Ross,debra.ross@hotmail.com,582-383-1031,BASIC,Frozen,2024-10-06,59.99
MEMBER-06784,Michele Nixon,michele.nixon@yahoo.com,241.323.1577x0733,BASIC,Active,2026-08-10,59.99
MEMBER-06785,Valerie Montgomery,valerie.montgomery@hotmail.com,629.213.1031x6309,,Cancelled,2025-10-20,-29.99
MEMBER-06786,Rodney Williams,rodney.williams@hotmail.com,+1-293-964-5885x69344,BASIC,Cancelled,2025-10-22,-29.99
MEMBER-06787,Amanda Herrera,amanda.herrera@hotmail.com,389-431-9293,Basic,Cancelled,2025-08-24,-29.99
MEMBER-06788,Debra Williams,debra.williams@yahoo.com,+1-594-501-2361x660,BASIC,Active,2025-04-07,29.99
MEMBER-06789,Tamara Hayes,tamara.hayes@hotmail.com,+1-605-388-6156x53123,VIP,Cancelled,2025-06-10,99.99
MEMBER-06790,Todd Ewing,todd.ewing@hotmail.com,2149416993,Premium,Active,2026-05-11,-29.99
MEMBER-06791,Trevor Miller,trevor.miller@gmail.com,(612)975-0924,VIP,Frozen,2026-02-06,29.99
MEMBER-06792,Felicia Caldwell,felicia.caldwell@yahoo.com,(227)270-1559,BASIC,Active,2026-03-09,29.99
MEMBER-06793,Marco Wolf,marco.wolf@yahoo.com,+1-813-608-1677x2080,Basic,Active,2025-12-18,99.99
MEMBER-06794,Frank Solomon,frank.solomon@gmail.com,(572)696-9136x0953,Premium,Frozen,2026-01-08,99.99
MEMBER-06795,Ivan Smith,ivan.smith@yahoo.com,694.867.3316x7198,BASIC,Frozen,2025-08-16,29.99
MEMBER-06796,Danny Roach,danny.roach@gmail.com,001-792-462-8918x3789,VIP,Active,2025-07-18,29.99
MEMBER-06797,Joshua Anderson,joshua.anderson@hotmail.com,001-854-552-5241x616,Premium,Active,2025-10-20,59.99
MEMBER-06798,Tony Glover,tony.glover@hotmail.com,(817)945-1848x132,BASIC,Cancelled,2026-02-10,29.99
MEMBER-06799,Rebecca Clark,rebecca.clark@yahoo.com,768-637-8926,VIP,Cancelled,2026-08-08,-29.99
MEMBER-06800,Carolyn Cooke,carolyn.cooke@gmail.com,597.513.2031x3310,BASIC,Cancelled,2025-09-12,-29.99
MEMBER-06801,John Figueroa,john.figueroa@yahoo.com,391-934-3169,Premium,Active,2026-06-09,99.99
MEMBER-06802,Jeff Willis,jeff.willis@hotmail.com,+1-732-455-0118,VIP,Frozen,2025-11-23,-29.99
MEMBER-06803,Shawn Freeman,shawn.freeman@yahoo.com,+1-838-625-3077x60132,Basic,Cancelled,2025-03-26,99.99
MEMBER-06804,Daniel Baird,daniel.baird@yahoo.com,+1-906-204-6793x236,Premium,Active,2025-07-10,-29.99
MEMBER-06805,Sherry Bean,sherry.bean@hotmail.com,+1-410-751-5134x9072,,Active,2025-06-11,-29.99
MEMBER-06806,Erica Collins,erica.collins@hotmail.com,001-806-315-3399,BASIC,Active,2025-02-22,99.99
MEMBER-06807,Jeremy Gibson,jeremy.gibson@gmail.com,633-897-1902x23334,,Active,2024-10-10,59.99
MEMBER-06808,Bryan Henderson,bryan.henderson@gmail.com,4089638649,Premium,Frozen,2026-01-17,-29.99
MEMBER-06809,Douglas Anderson,douglas.anderson@hotmail.com,+1-498-218-5609x18944,VIP,Frozen,2025-07-30,99.99
MEMBER-06810,Ashley Walsh,ashley.walsh@yahoo.com,(652)991-9305x6751,Basic,Cancelled,2025-02-10,99.99
MEMBER-06811,Kathleen Parks,kathleen.parks@hotmail.com,001-690-344-2209x768,,Active,2025-12-24,59.99
MEMBER-06812,Jacqueline Johnson,jacqueline.johnson@gmail.com,671-780-3516,BASIC,Active,2025-04-13,-29.99
MEMBER-06813,Ralph Murphy,ralph.murphy@gmail.com,399.216.0373,VIP,Cancelled,2025-02-10,29.99
MEMBER-06814,Stacey Douglas,stacey.douglas@gmail.com,001-473-253-7771x249,BASIC,Active,2026-04-01,29.99
MEMBER-06815,Melissa Nguyen,melissa.nguyen@yahoo.com,559-950-4181x0754,BASIC,Frozen,2026-03-16,29.99
MEMBER-06816,Alexander Haley,alexander.haley@hotmail.com,+1-537-283-2198x00937,Premium,Frozen,2025-03-30,59.99
MEMBER-06817,John Grant,john.grant@gmail.com,213.627.9033x2253,,Active,2026-01-10,-29.99
MEMBER-06818,Tracey Jones,tracey.jones@gmail.com,+1-891-245-8230,Premium,Active,2025-07-22,-29.99
MEMBER-06819,Kenneth Garner,kenneth.garner@hotmail.com,(377)625-9472,VIP,Cancelled,2026-09-07,59.99
MEMBER-06820,Curtis Mullins,curtis.mullins@gmail.com,(729)257-2865,Premium,Active,2025-02-05,99.99
MEMBER-06821,Victoria Thornton,victoria.thornton@yahoo.com,916.485.8084x891,BASIC,Active,2026-08-12,29.99
MEMBER-06822,William Key,william.key@yahoo.com,(418)381-4313x328,VIP,Active,2026-03-20,59.99
MEMBER-06823,Jessica Sims,jessica.sims@hotmail.com,310.973.0555x4139,Basic,Active,2024-12-13,29.99
MEMBER-06824,Joseph Coleman,joseph.coleman@gmail.com,439-474-2458,VIP,Cancelled,2026-07-20,-29.99
MEMBER-06825,Scott Garner,scott.garner@gmail.com,001-273-943-3272x2203,Basic,Cancelled,2025-07-19,59.99
MEMBER-06826,Diana West,diana.west@yahoo.com,649-717-9228x0351,BASIC,Cancelled,2026-08-15,99.99
MEMBER-06827,Andrea Martinez,andrea.martinez@yahoo.com,874-609-6168x62775,VIP,Cancelled,2026-09-02,29.99
MEMBER-06828,John Hughes,john.hughes@gmail.com,8726510434,VIP,Active,2025-07-01,59.99
MEMBER-06829,Robert Huff,robert.huff@hotmail.com,(500)942-7499x8613,Premium,Active,2024-10-16,29.99
MEMBER-06830,Xavier Norris,xavier.norris@gmail.com,404-250-6736x324,VIP,Active,2025-03-07,-29.99
MEMBER-06831,Ryan Griffin,ryan.griffin@yahoo.com,520.316.5762x85777,Premium,Active,2026-02-20,99.99
MEMBER-06832,Jeffrey Campbell,jeffrey.campbell@yahoo.com,627-516-5719x3284,VIP,Active,2025-11-24,29.99
MEMBER-06833,Dennis Fernandez,dennis.fernandez@hotmail.com,+1-368-231-7482x768,Basic,Active,2024-11-20,99.99
MEMBER-06834,Kenneth Stephens,kenneth.stephens@gmail.com,8227507895,Basic,Cancelled,2024-12-16,59.99
MEMBER-06835,Laura Schmidt,laura.schmidt@yahoo.com,566-634-2554,VIP,Frozen,2024-11-20,59.99
MEMBER-06836,Tony Smith,tony.smith@yahoo.com,(487)330-1468,,Active,2025-01-15,29.99
MEMBER-06837,Justin Pearson,justin.pearson@gmail.com,+1-920-893-1738x80222,,Active,2025-12-08,99.99
MEMBER-06838,David Munoz,david.munoz@gmail.com,+1-600-831-9102x65421,Basic,Cancelled,2025-10-15,59.99
MEMBER-06839,Mariah Estes,mariah.estes@yahoo.com,564-672-9539,VIP,Active,2025-02-07,29.99
MEMBER-06840,Nicholas Pruitt,nicholas.pruitt@yahoo.com,4082879174,,Active,2025-09-25,59.99
MEMBER-06841,Michael Velasquez,michael.velasquez@yahoo.com,001-236-838-0310x6213,BASIC,Frozen,2025-07-26,-29.99
MEMBER-06842,Frank Buck,frank.buck@gmail.com,(634)470-1363x52776,Premium,Cancelled,2026-06-08,59.99
MEMBER-06843,Ryan Parsons,ryan.parsons@gmail.com,001-507-513-2975,VIP,Active,2025-06-16,-29.99
MEMBER-06844,Todd Gregory,todd.gregory@gmail.com,6506844068,VIP,Cancelled,2025-03-05,59.99
MEMBER-06845,Michael Johnson,michael.johnson@yahoo.com,+1-283-285-8512x99065,VIP,Active,2024-12-04,99.99
MEMBER-06846,Matthew Walsh,matthew.walsh@yahoo.com,+1-792-888-6609,Premium,Cancelled,2025-02-06,-29.99
MEMBER-06847,Michael Frederick,michael.frederick@gmail.com,+1-249-795-6663x7243,Basic,Active,2026-02-18,29.99
MEMBER-06848,Susan Porter,susan.porter@hotmail.com,676.565.0783,Basic,Cancelled,2025-04-11,99.99
MEMBER-06849,Angela Boyd,angela.boyd@gmail.com,683-503-7125x845,BASIC,Active,2024-11-21,29.99
MEMBER-06850,Kimberly Warner,kimberly.warner@gmail.com,542.502.8281x0884,BASIC,Cancelled,2025-02-09,29.99
MEMBER-06851,Jennifer Garrett,jennifer.garrett@hotmail.com,721.431.9107,BASIC,Active,2026-03-19,59.99
MEMBER-06852,Samantha Castro,samantha.castro@yahoo.com,(888)747-8158,,Active,2026-01-10,-29.99
MEMBER-06853,John Mcclure,john.mcclure@yahoo.com,001-426-508-2135x912,Premium,Active,2024-12-29,59.99
MEMBER-06854,Melinda Stevens,melinda.stevens@hotmail.com,966-595-6171x8232,Basic,Active,2025-11-25,99.99
MEMBER-06855,Angela Anderson,angela.anderson@yahoo.com,001-297-841-3973x177,Premium,Active,2025-09-06,-29.99
MEMBER-06856,Mark Rodriguez,mark.rodriguez@hotmail.com,+1-604-585-8452x11294,Premium,Active,2025-06-21,99.99
MEMBER-06857,Joseph Brown,joseph.brown@gmail.com,001-917-848-8190x960,Premium,Active,2026-05-18,29.99
MEMBER-06858,Joyce Daniel,joyce.daniel@hotmail.com,(865)601-6385x731,Basic,Frozen,2025-09-18,-29.99
MEMBER-06859,Hannah Arnold,hannah.arnold@yahoo.com,+1-750-582-3783x85263,BASIC,Frozen,2025-01-28,29.99
MEMBER-06860,Melvin Roberson,melvin.roberson@yahoo.com,+1-299-331-7309,Basic,Active,2026-03-30,-29.99
MEMBER-06861,Claudia Garner,claudia.garner@gmail.com,868-200-3691x5542,Premium,Cancelled,2025-01-26,99.99
MEMBER-06862,Ryan Foster,ryan.foster@hotmail.com,251-681-9331,,Active,2025-03-24,29.99
MEMBER-06863,Linda Wright,linda.wright@yahoo.com,(859)313-1638x1288,BASIC,Cancelled,2026-05-24,-29.99
MEMBER-06864,Juan Willis,juan.willis@gmail.com,001-924-689-8545,Basic,Cancelled,2026-05-16,29.99
MEMBER-06865,Ashley Grant,ashley.grant@yahoo.com,838.380.2544x408,BASIC,Cancelled,2026-08-25,59.99
MEMBER-06866,Carrie Glover,carrie.glover@yahoo.com,001-255-256-7794x204,Basic,Active,2026-06-26,59.99
MEMBER-06867,Christine Andrews,christine.andrews@hotmail.com,944-305-6555x1971,,Active,2025-11-18,29.99
MEMBER-06868,Patty Taylor,patty.taylor@hotmail.com,930-907-8152,,Active,2026-02-19,29.99
MEMBER-06869,Amy Beltran,amy.beltran@gmail.com,(926)485-4027,BASIC,Active,2025-03-21,59.99
MEMBER-06870,Monica Hicks,monica.hicks@hotmail.com,001-202-962-1819x8924,Premium,Active,2025-10-13,29.99
MEMBER-06871,Amber Church,amber.church@hotmail.com,786.636.4589,VIP,Frozen,2026-08-27,99.99
MEMBER-06872,Christy Gross,christy.gross@yahoo.com,416.308.9064x7242,BASIC,Active,2026-05-05,-29.99
MEMBER-06873,Jeffery Martinez,jeffery.martinez@hotmail.com,850-690-2307x50491,Basic,Cancelled,2025-01-19,29.99
MEMBER-06874,Ruben King,ruben.king@hotmail.com,+1-599-475-3365x98964,BASIC,Active,2025-01-31,-29.99
MEMBER-06875,Kiara Evans,kiara.evans@hotmail.com,9172936354,VIP,Frozen,2025-05-14,59.99
MEMBER-06876,Brian Brown,brian.brown@gmail.com,001-628-823-8266,BASIC,Active,2025-01-26,59.99
MEMBER-06877,Christian Ritter,christian.ritter@gmail.com,+1-499-844-5078x490,Premium,Frozen,2025-07-04,99.99
MEMBER-06878,Catherine Castillo,catherine.castillo@yahoo.com,521-243-0028,Premium,Cancelled,2025-07-21,99.99
MEMBER-06879,Courtney Walters,courtney.walters@yahoo.com,001-223-481-2775x843,Premium,Active,2026-06-05,-29.99
MEMBER-06880,Joseph Hill,joseph.hill@gmail.com,769.698.7904,Basic,Cancelled,2025-08-23,99.99
MEMBER-06881,Kelly Lee,kelly.lee@hotmail.com,981.867.4742,Premium,Cancelled,2025-11-20,99.99
MEMBER-06882,Mike Murphy,mike.murphy@gmail.com,461-324-4658x0868,Basic,Cancelled,2025-07-26,29.99
MEMBER-06883,Connie Rodriguez,connie.rodriguez@yahoo.com,(564)525-9154,,Frozen,2025-12-20,99.99
MEMBER-06884,Thomas Christian,thomas.christian@hotmail.com,001-508-677-0069x184,BASIC,Active,2026-06-23,59.99
MEMBER-06885,Matthew Lucero,matthew.lucero@gmail.com,692.696.8772x9188,BASIC,Active,2025-02-23,59.99
MEMBER-06886,Meagan Solomon,meagan.solomon@yahoo.com,001-627-472-8640x93223,Premium,Active,2026-08-08,99.99
MEMBER-06887,Robert Wagner,robert.wagner@gmail.com,422.641.1883,VIP,Active,2025-06-17,59.99
MEMBER-06888,Tammy Fields,tammy.fields@yahoo.com,(628)840-8876x4749,Premium,Active,2025-06-19,-29.99
MEMBER-06889,Candace Patton,candace.patton@hotmail.com,001-330-306-9858x8713,Basic,Active,2024-12-12,99.99
MEMBER-06890,Alyssa Ramirez,alyssa.ramirez@hotmail.com,001-623-336-5508x153,,Active,2025-03-07,59.99
MEMBER-06891,Anthony Garcia,anthony.garcia@yahoo.com,(550)873-9318,VIP,Frozen,2025-06-03,99.99
MEMBER-06892,Rebecca Adkins,rebecca.adkins@yahoo.com,001-462-438-7070x3369,,Frozen,2026-03-04,29.99
MEMBER-06893,Katrina Barker,katrina.barker@hotmail.com,001-747-528-6501x8850,BASIC,Active,2025-07-10,59.99
MEMBER-06894,Joseph Levy,joseph.levy@yahoo.com,(636)322-8093x751,Basic,Active,2026-07-23,29.99
MEMBER-06895,Alejandro Swanson,alejandro.swanson@hotmail.com,+1-472-854-2907x4338,VIP,Active,2025-05-30,59.99
MEMBER-06896,Deborah Jackson,deborah.jackson@gmail.com,293-699-2015,BASIC,Active,2024-11-28,99.99
MEMBER-06897,Derek Davis,derek.davis@gmail.com,(484)498-2149x51294,,Active,2025-08-08,99.99
MEMBER-06898,Robert Andrews,robert.andrews@hotmail.com,498-462-6405,BASIC,Active,2025-08-10,-29.99
MEMBER-06899,Mark Newton,mark.newton@gmail.com,+1-993-448-8271x84670,Premium,Cancelled,2025-09-07,-29.99
MEMBER-06900,Edward Munoz,edward.munoz@hotmail.com,744.701.2161x0606,BASIC,Active,2025-11-16,29.99
MEMBER-06901,Brittany Warren,brittany.warren@hotmail.com,001-640-369-4221x813,,Frozen,2024-10-04,99.99
MEMBER-06902,Mario George,mario.george@gmail.com,881.723.6245x27610,BASIC,Frozen,2026-07-26,29.99
MEMBER-06903,Anthony Nunez,anthony.nunez@yahoo.com,(580)608-8399,,Cancelled,2026-03-29,-29.99
MEMBER-06904,Rose Mcmahon,rose.mcmahon@hotmail.com,829.399.2335x3643,,Active,2026-06-23,29.99
MEMBER-06905,Benjamin Allen,benjamin.allen@gmail.com,864-383-6843x71640,,Active,2025-01-01,-29.99
MEMBER-06906,Barbara Strickland,barbara.strickland@gmail.com,4557177575,VIP,Cancelled,2024-12-20,29.99
MEMBER-06907,Mark Watson,mark.watson@yahoo.com,582-522-8107,BASIC,Frozen,2025-08-24,29.99
MEMBER-06908,Tyler Sharp,tyler.sharp@gmail.com,+1-312-222-4627x181,Basic,Active,2024-11-09,59.99
MEMBER-06909,Michelle Hogan,michelle.hogan@yahoo.com,579-817-0795,BASIC,Cancelled,2025-12-05,59.99
MEMBER-06910,Scott Zavala,scott.zavala@gmail.com,001-788-897-7797x6750,VIP,Cancelled,2026-09-01,99.99
MEMBER-06911,Troy Wolfe,troy.wolfe@hotmail.com,+1-452-674-5036x353,,Frozen,2025-03-02,-29.99
MEMBER-06912,Ann Flores,ann.flores@gmail.com,563-470-3954,VIP,Active,2026-09-04,29.99
MEMBER-06913,Cynthia Hudson,cynthia.hudson@gmail.com,467.990.8211,,Cancelled,2025-01-19,29.99
MEMBER-06914,Brittany Duncan,brittany.duncan@gmail.com,862-576-0280x4306,Premium,Active,2025-10-26,99.99
MEMBER-06915,Rachael Snyder,rachael.snyder@hotmail.com,370-831-4518,VIP,Active,2025-11-20,59.99
MEMBER-06916,Robert Mckay,robert.mckay@hotmail.com,(571)932-5629x2892,Premium,Active,2024-11-15,59.99
MEMBER-06917,Denise Williams,denise.williams@gmail.com,394.292.5839,Basic,Cancelled,2025-10-07,59.99
MEMBER-06918,Jesse Anderson,jesse.anderson@hotmail.com,+1-880-371-4884x660,BASIC,Cancelled,2026-06-14,29.99
MEMBER-06919,Lindsey Nelson,lindsey.nelson@gmail.com,768-676-0947x42306,VIP,Frozen,2026-07-11,29.99
MEMBER-06920,Monica Ortega,monica.ortega@gmail.com,001-696-409-7952x5521,Premium,Cancelled,2026-04-27,29.99
MEMBER-06921,Samantha Romero,samantha.romero@yahoo.com,925-490-0710,Basic,Active,2025-10-27,29.99
MEMBER-06922,Sarah Miller,sarah.miller@gmail.com,(828)205-3243x8004,,Active,2025-10-01,59.99
MEMBER-06923,Michael Jimenez,michael.jimenez@hotmail.com,(486)617-6704x3913,VIP,Active,2026-06-01,-29.99
MEMBER-06924,Holly Wilkins,holly.wilkins@yahoo.com,(758)617-9948x9954,Premium,Active,2026-08-26,29.99
MEMBER-06925,April Gibson,april.gibson@hotmail.com,001-625-731-4112x47887,Basic,Active,2025-11-08,29.99
MEMBER-06926,Paul Alexander,paul.alexander@hotmail.com,778.311.4111,VIP,Active,2025-10-30,-29.99
MEMBER-06927,Melissa Brown,melissa.brown@gmail.com,708-778-6878x68953,Basic,Active,2025-06-14,29.99
MEMBER-06928,Michele Smith,michele.smith@hotmail.com,593-839-3093x67607,BASIC,Cancelled,2025-11-26,59.99
MEMBER-06929,Karen Jensen,karen.jensen@yahoo.com,8364834691,Premium,Active,2025-09-07,59.99
MEMBER-06930,Jeremy Johnson,jeremy.johnson@gmail.com,+1-812-309-6714x52732,BASIC,Active,2026-01-14,29.99
MEMBER-06931,Patricia Miller,patricia.miller@hotmail.com,(436)934-8345,BASIC,Active,2024-11-05,99.99
MEMBER-06932,Michelle Bush,michelle.bush@gmail.com,001-843-736-5333x9029,VIP,Active,2026-03-04,-29.99
MEMBER-06933,Christopher Jordan,christopher.jordan@gmail.com,793.762.1695,BASIC,Frozen,2026-02-16,-29.99
MEMBER-06934,Ralph Carroll,ralph.carroll@gmail.com,001-733-948-2645x2400,Premium,Active,2026-07-11,29.99
MEMBER-06935,Jason Howard,jason.howard@gmail.com,001-979-252-7079x5152,Basic,Frozen,2026-03-11,59.99
MEMBER-06936,Mary Hicks,mary.hicks@hotmail.com,880.977.3584,Premium,Active,2025-10-03,29.99
MEMBER-06937,Maria Johns,maria.johns@yahoo.com,360.718.8678x265,Basic,Cancelled,2024-09-28,-29.99
MEMBER-06938,Rebecca Kelly,rebecca.kelly@hotmail.com,+1-935-809-3971x147,Basic,Active,2026-02-04,29.99
MEMBER-06939,Roy Guerra,roy.guerra@yahoo.com,927-672-2144x438,VIP,Active,2025-10-12,99.99
MEMBER-06940,Matthew Walters,matthew.walters@yahoo.com,(454)371-2993,VIP,Frozen,2025-05-25,59.99
MEMBER-06941,Briana Vaughn,briana.vaughn@hotmail.com,(947)819-6041,,Frozen,2025-11-04,59.99
MEMBER-06942,Julie Rodriguez,julie.rodriguez@gmail.com,200.606.9626x855,Basic,Cancelled,2025-05-23,99.99
MEMBER-06943,Bryan Smith,bryan.smith@hotmail.com,001-967-822-2166x548,Basic,Active,2026-03-08,99.99
MEMBER-06944,Joseph Powell,joseph.powell@hotmail.com,959-266-8492,Premium,Frozen,2026-08-18,59.99
MEMBER-06945,Nancy Dennis,nancy.dennis@yahoo.com,(525)747-0759,VIP,Active,2025-01-04,-29.99
MEMBER-06946,Mary Owens,mary.owens@hotmail.com,3666259582,Basic,Active,2025-03-05,99.99
MEMBER-06947,Bradley Manning,bradley.manning@yahoo.com,001-934-417-4279,BASIC,Frozen,2025-06-28,99.99
MEMBER-06948,Monica Williamson,monica.williamson@hotmail.com,(727)986-2915x81474,,Frozen,2025-04-05,-29.99
MEMBER-06949,Timothy Campbell,timothy.campbell@yahoo.com,(813)510-1010x071,BASIC,Active,2024-11-26,59.99
MEMBER-06950,Tammy Jones,tammy.jones@gmail.com,(467)977-1133x204,Basic,Active,2024-10-03,29.99
MEMBER-06951,Jerry Cruz,jerry.cruz@hotmail.com,(433)826-6205x2562,,Cancelled,2025-06-11,99.99
MEMBER-06952,Christopher Yoder,christopher.yoder@hotmail.com,+1-872-880-6159x168,Basic,Cancelled,2024-12-23,29.99
MEMBER-06953,Gloria Glenn,gloria.glenn@hotmail.com,(450)629-4062x898,,Cancelled,2026-09-01,59.99
MEMBER-06954,Kathryn Sparks,kathryn.sparks@yahoo.com,(651)949-7463,Premium,Active,2025-05-27,99.99
MEMBER-06955,Jerry Sanchez,jerry.sanchez@yahoo.com,001-652-952-5608,Basic,Cancelled,2026-03-11,-29.99
MEMBER-06956,Donna Tucker,donna.tucker@gmail.com,376-733-6618,Premium,Active,2024-11-16,99.99
MEMBER-06957,Matthew Sexton,matthew.sexton@yahoo.com,(784)512-9585,,Active,2024-10-11,-29.99
MEMBER-06958,Andrew Hudson,andrew.hudson@gmail.com,(837)260-0589x4551,VIP,Frozen,2025-12-15,59.99
MEMBER-06959,Casey Ford,casey.ford@hotmail.com,+1-749-738-2328x715,BASIC,Cancelled,2025-04-13,99.99
MEMBER-06960,Timothy Washington,timothy.washington@hotmail.com,270-619-7881x1090,Premium,Active,2025-02-28,99.99
MEMBER-06961,John Brown,john.brown@yahoo.com,997-687-2821,Premium,Cancelled,2025-10-07,99.99
MEMBER-06962,Timothy Boone,timothy.boone@gmail.com,001-936-876-1179x616,BASIC,Active,2025-07-15,29.99
MEMBER-06963,Thomas Garcia,thomas.garcia@yahoo.com,918.771.8201x7883,VIP,Active,2025-11-25,59.99
MEMBER-06964,Tracy Turner,tracy.turner@hotmail.com,(719)302-2793x4674,,Active,2025-11-22,59.99
MEMBER-06965,William Miller,william.miller@yahoo.com,562.313.7969,,Frozen,2024-12-10,29.99
MEMBER-06966,Travis Hartman,travis.hartman@yahoo.com,556-536-9347x94403,,Active,2025-08-16,-29.99
MEMBER-06967,Nicole Williams,nicole.williams@yahoo.com,537-561-0352,Basic,Cancelled,2024-11-28,99.99
MEMBER-06968,Carolyn Snyder,carolyn.snyder@gmail.com,001-670-210-3389,VIP,Active,2025-03-30,99.99
MEMBER-06969,Thomas Morales,thomas.morales@gmail.com,280-319-6226,BASIC,Active,2026-03-25,29.99
MEMBER-06970,Betty Barker,betty.barker@hotmail.com,001-385-518-6766x7495,Basic,Active,2025-04-24,59.99
MEMBER-06971,Karen Castro,karen.castro@hotmail.com,+1-527-432-3776,Premium,Active,2026-03-14,99.99
MEMBER-06972,Richard Arnold,richard.arnold@yahoo.com,(719)246-1106,BASIC,Active,2026-02-11,29.99
MEMBER-06973,Melissa Medina,melissa.medina@gmail.com,(872)269-6774x565,Basic,Active,2025-04-07,59.99
MEMBER-06974,Kristen Rojas,kristen.rojas@gmail.com,(863)948-3795x233,,Cancelled,2026-09-18,59.99
MEMBER-06975,Jill Griffin,jill.griffin@yahoo.com,(303)835-7177x266,BASIC,Active,2026-07-28,29.99
MEMBER-06976,Juan James,juan.james@gmail.com,5569159980,Basic,Cancelled,2025-07-08,59.99
MEMBER-06977,Kimberly Buckley,kimberly.buckley@hotmail.com,6395311026,Premium,Active,2024-12-19,29.99
MEMBER-06978,Timothy Sandoval,timothy.sandoval@hotmail.com,+1-325-622-2991,VIP,Active,2026-06-05,59.99
MEMBER-06979,Brett Smith,brett.smith@gmail.com,(820)674-3464x818,Basic,Frozen,2025-01-03,99.99
MEMBER-06980,Meghan Howard,meghan.howard@gmail.com,299.873.8805x285,Basic,Active,2025-06-23,-29.99
MEMBER-06981,Randall Gray,randall.gray@gmail.com,+1-590-924-7232,BASIC,Frozen,2025-09-08,59.99
MEMBER-06982,Roberto Andrews,roberto.andrews@gmail.com,001-498-706-8213,VIP,Frozen,2026-09-26,-29.99
MEMBER-06983,Mark Delacruz,mark.delacruz@yahoo.com,5919593164,Basic,Frozen,2025-11-19,59.99
MEMBER-06984,Brian Howard,brian.howard@yahoo.com,+1-800-589-4157x221,Premium,Active,2025-12-03,-29.99
MEMBER-06985,Samantha Powers,samantha.powers@gmail.com,502-951-8582,Premium,Frozen,2026-01-06,-29.99
MEMBER-06986,Craig Burnett,craig.burnett@hotmail.com,467-784-2721x798,Basic,Active,2026-07-19,29.99
MEMBER-06987,Bradley Murray,bradley.murray@gmail.com,(608)215-9373,VIP,Cancelled,2024-12-27,29.99
MEMBER-06988,Diane Gonzalez,diane.gonzalez@gmail.com,(274)765-3652x053,VIP,Active,2024-10-31,59.99
MEMBER-06989,Joseph Cook,joseph.cook@gmail.com,970-792-8893x0599,VIP,Active,2025-05-29,59.99
MEMBER-06990,Brittany Hubbard,brittany.hubbard@gmail.com,(412)786-9820,VIP,Cancelled,2025-05-10,99.99
MEMBER-06991,Evan Smith,evan.smith@gmail.com,607-280-1561x64131,,Active,2025-02-28,29.99
MEMBER-06992,David Thomas,david.thomas@hotmail.com,727-378-1084x6842,BASIC,Active,2026-09-04,59.99
MEMBER-06993,Patrick Lewis,patrick.lewis@hotmail.com,508-446-5642,Premium,Frozen,2025-05-24,29.99
MEMBER-06994,Jessica Kane,jessica.kane@yahoo.com,841-391-3545x42272,Premium,Active,2025-11-25,59.99
MEMBER-06995,Melissa Thomas,melissa.thomas@yahoo.com,001-989-335-9985x1017,BASIC,Active,2024-12-30,29.99
MEMBER-06996,Joshua West,joshua.west@yahoo.com,279-637-2187x73595,,Active,2026-03-29,-29.99
MEMBER-06997,Patricia Carlson,patricia.carlson@yahoo.com,866-496-0174x0966,BASIC,Frozen,2025-01-23,-29.99
MEMBER-06998,John Bautista,john.bautista@gmail.com,001-379-915-1430,Premium,Cancelled,2026-04-30,99.99
MEMBER-06999,Jill Winters,jill.winters@hotmail.com,+1-360-909-3916,Basic,Active,2025-11-20,-29.99
MEMBER-07000,Kayla Bonilla,kayla.bonilla@gmail.com,4645954416,,Active,2026-02-18,99.99
MEMBER-07001,Alexandra Delacruz,alexandra.delacruz@gmail.com,+1-504-521-4080x174,,Frozen,2025-08-22,-29.99
MEMBER-07002,Christopher Neal,christopher.neal@gmail.com,627.848.0730,BASIC,Active,2026-03-30,59.99
MEMBER-07003,Jeffery Hooper,jeffery.hooper@yahoo.com,353.743.5760x540,,Active,2024-10-12,59.99
MEMBER-07004,Jamie Sanchez,jamie.sanchez@hotmail.com,933-284-1949x563,VIP,Active,2025-09-17,29.99
MEMBER-07005,Juan Diaz,juan.diaz@yahoo.com,+1-398-665-7317x9985,BASIC,Active,2025-09-01,99.99
MEMBER-07006,Rodney Garcia,rodney.garcia@gmail.com,+1-266-351-6166,,Active,2026-07-19,99.99
MEMBER-07007,Danielle Terry,danielle.terry@gmail.com,001-463-560-3048x210,Premium,Cancelled,2025-07-19,59.99
MEMBER-07008,Lori Schmidt,lori.schmidt@hotmail.com,+1-218-592-7757x906,VIP,Frozen,2026-04-12,59.99
MEMBER-07009,Dustin Bradley,dustin.bradley@gmail.com,721-759-5646x09238,VIP,Active,2026-08-12,99.99
MEMBER-07010,James Fernandez,james.fernandez@gmail.com,(586)644-1418,BASIC,Active,2025-08-04,59.99
MEMBER-07011,Russell Rogers,russell.rogers@hotmail.com,8846184360,Basic,Cancelled,2025-02-20,29.99
MEMBER-07012,Andrea Carlson,andrea.carlson@gmail.com,543.250.8340x030,VIP,Active,2024-11-12,99.99
MEMBER-07013,Katie Dennis,katie.dennis@hotmail.com,+1-695-662-5894,,Frozen,2026-03-21,59.99
MEMBER-07014,Matthew Mcgrath,matthew.mcgrath@gmail.com,790-555-9981,VIP,Frozen,2026-07-19,59.99
MEMBER-07015,Jennifer King,jennifer.king@hotmail.com,385-890-0727x4959,Basic,Active,2025-12-20,99.99
MEMBER-07016,Samuel Brewer,samuel.brewer@hotmail.com,711-914-4074x0522,VIP,Active,2026-08-05,29.99
MEMBER-07017,David Chapman,david.chapman@hotmail.com,600.703.7529,Basic,Active,2025-06-10,59.99
MEMBER-07018,Alexandria Cole,alexandria.cole@gmail.com,(362)537-1275,,Active,2025-08-27,59.99
MEMBER-07019,Cheryl Wagner,cheryl.wagner@yahoo.com,863-359-6795,BASIC,Cancelled,2025-06-22,29.99
MEMBER-07020,Christopher Lynch,christopher.lynch@gmail.com,2229848793,BASIC,Cancelled,2025-04-28,99.99
MEMBER-07021,Lynn Lewis,lynn.lewis@hotmail.com,001-876-781-0324x71735,Premium,Frozen,2025-11-15,99.99
MEMBER-07022,Robert Bray,robert.bray@hotmail.com,001-982-923-5167x0925,,Cancelled,2026-05-31,29.99
MEMBER-07023,Sylvia Torres,sylvia.torres@yahoo.com,791.461.9723x71833,,Frozen,2025-11-08,-29.99
MEMBER-07024,Andrew Ferguson,andrew.ferguson@yahoo.com,001-417-949-7065,,Active,2026-01-05,-29.99
MEMBER-07025,Lisa Garcia,lisa.garcia@yahoo.com,+1-322-303-9210x1614,BASIC,Frozen,2025-09-27,29.99
MEMBER-07026,Reginald Cunningham,reginald.cunningham@yahoo.com,+1-327-863-0965x00401,VIP,Active,2025-05-14,29.99
MEMBER-07027,Michael Rush,michael.rush@yahoo.com,+1-497-582-2941x4061,Basic,Cancelled,2026-01-28,29.99
MEMBER-07028,Christopher Zimmerman,christopher.zimmerman@yahoo.com,330-438-9773,Premium,Frozen,2025-07-22,99.99
MEMBER-07029,Michael Brown,michael.brown@hotmail.com,940-463-1225x55119,Premium,Frozen,2025-08-13,29.99
MEMBER-07030,Jason Gonzales,jason.gonzales@gmail.com,001-572-806-5519x497,Premium,Cancelled,2025-02-24,29.99
MEMBER-07031,Roger Mccarthy,roger.mccarthy@gmail.com,(213)686-7252x83187,Basic,Active,2025-07-11,29.99
MEMBER-07032,Brian Gonzalez,brian.gonzalez@yahoo.com,001-640-534-7633x475,VIP,Active,2025-03-05,29.99
MEMBER-07033,Jeffrey Suarez,jeffrey.suarez@hotmail.com,(850)938-2052x70008,Premium,Active,2025-08-05,59.99
MEMBER-07034,Heather Young,heather.young@yahoo.com,+1-248-882-5951x911,Basic,Active,2025-11-16,29.99
MEMBER-07035,Nancy Duncan,nancy.duncan@gmail.com,205-393-0783,Basic,Cancelled,2025-08-07,59.99
MEMBER-07036,Gregory Hunt,gregory.hunt@yahoo.com,001-777-444-8307x5584,Basic,Cancelled,2026-04-15,29.99
MEMBER-07037,Jeffery Allen,jeffery.allen@yahoo.com,9429515870,,Active,2025-01-05,29.99
MEMBER-07038,Erica Joyce,erica.joyce@yahoo.com,691.740.9265x11920,Basic,Active,2025-03-13,99.99
MEMBER-07039,Sarah Cooper,sarah.cooper@yahoo.com,+1-903-739-0046x4567,Basic,Active,2025-05-11,59.99
MEMBER-07040,Randall Smith,randall.smith@hotmail.com,9377276639,VIP,Active,2026-01-15,29.99
MEMBER-07041,Brandi Parker,brandi.parker@gmail.com,+1-906-989-4790x84058,Premium,Active,2025-03-06,-29.99
MEMBER-07042,Stephen Contreras,stephen.contreras@yahoo.com,+1-812-902-1091x491,Basic,Active,2025-06-02,-29.99
MEMBER-07043,Connie Ramos,connie.ramos@hotmail.com,001-892-622-0084x416,Basic,Active,2025-07-13,-29.99
MEMBER-07044,Maria Henson,maria.henson@hotmail.com,(467)629-1554x8728,Premium,Frozen,2026-02-25,29.99
MEMBER-07045,Roy Perez,roy.perez@yahoo.com,(667)898-4750x882,,Frozen,2026-09-19,29.99
MEMBER-07046,Jacob Hamilton,jacob.hamilton@hotmail.com,500.383.1183x2722,,Frozen,2026-03-30,-29.99
MEMBER-07047,Thomas Cooper,thomas.cooper@hotmail.com,001-613-348-2767x699,,Frozen,2026-05-15,99.99
MEMBER-07048,Tim Smith,tim.smith@gmail.com,+1-563-897-6407x829,Basic,Active,2026-08-22,29.99
MEMBER-07049,Raymond Huffman,raymond.huffman@gmail.com,+1-540-895-0264x1872,Premium,Active,2026-03-21,99.99
MEMBER-07050,Ashley Patterson,ashley.patterson@hotmail.com,261.359.2064x23218,Premium,Frozen,2026-02-10,59.99
MEMBER-07051,Jessica Bright,jessica.bright@yahoo.com,+1-509-464-8603,Basic,Active,2025-01-21,-29.99
MEMBER-07052,James Armstrong,james.armstrong@yahoo.com,001-627-490-8347x080,Premium,Active,2026-01-13,29.99
MEMBER-07053,Amber Donovan,amber.donovan@gmail.com,2347934233,BASIC,Cancelled,2026-04-29,-29.99
MEMBER-07054,Patrick Cross,patrick.cross@gmail.com,+1-310-523-1038x0869,,Active,2025-08-19,59.99
MEMBER-07055,Justin Martinez,justin.martinez@gmail.com,001-264-202-2082x5791,BASIC,Active,2026-02-08,-29.99
MEMBER-07056,Francisco Thompson,francisco.thompson@gmail.com,926-675-3624,Basic,Active,2025-10-25,29.99
MEMBER-07057,Michael Martinez,michael.martinez@gmail.com,+1-874-899-1760,,Active,2025-02-20,-29.99
MEMBER-07058,Logan Kelly,logan.kelly@gmail.com,3116738992,Premium,Cancelled,2025-08-13,59.99
MEMBER-07059,Michelle Miller,michelle.miller@gmail.com,001-383-791-3423,,Active,2025-03-10,99.99
MEMBER-07060,Austin Garcia,austin.garcia@hotmail.com,732-631-2014x873,BASIC,Active,2025-05-03,29.99
MEMBER-07061,Margaret Thomas,margaret.thomas@hotmail.com,440.415.1714x356,,Cancelled,2025-06-21,-29.99
MEMBER-07062,Michelle Cox,michelle.cox@yahoo.com,7833563014,VIP,Cancelled,2025-08-05,29.99
MEMBER-07063,Jose Salazar,jose.salazar@hotmail.com,767.346.8479x9062,BASIC,Active,2025-05-10,29.99
MEMBER-07064,Michael Robinson,michael.robinson@gmail.com,+1-918-248-8242x110,Basic,Cancelled,2025-01-07,99.99
MEMBER-07065,Amber Mills,amber.mills@yahoo.com,695-763-3645,,Active,2026-08-25,99.99
MEMBER-07066,Andrew Elliott,andrew.elliott@yahoo.com,314.881.8645,VIP,Active,2025-02-17,29.99
MEMBER-07067,Neil Johnson,neil.johnson@gmail.com,(427)474-1440,Basic,Cancelled,2024-12-25,99.99
MEMBER-07068,Melanie Frazier,melanie.frazier@hotmail.com,211-292-1520,VIP,Cancelled,2025-12-27,59.99
MEMBER-07069,Rhonda Doyle,rhonda.doyle@yahoo.com,(968)354-6834x478,Premium,Active,2025-02-13,59.99
MEMBER-07070,Traci Castillo,traci.castillo@yahoo.com,+1-967-827-1067x8853,Premium,Active,2025-11-24,-29.99
MEMBER-07071,Jacob Ross,jacob.ross@gmail.com,(988)646-2207x6937,,Active,2025-05-31,-29.99
MEMBER-07072,Victoria Burgess,victoria.burgess@hotmail.com,9996723658,,Active,2025-08-02,99.99
MEMBER-07073,Tanner Sullivan,tanner.sullivan@hotmail.com,234-208-2241,BASIC,Frozen,2025-01-10,-29.99
MEMBER-07074,Christopher Hall,christopher.hall@yahoo.com,001-600-257-8838x5027,BASIC,Active,2025-12-13,-29.99
MEMBER-07075,Tamara Evans,tamara.evans@hotmail.com,720.247.6590x8882,BASIC,Frozen,2025-08-28,29.99
MEMBER-07076,Richard Townsend,richard.townsend@hotmail.com,(946)678-2680x37941,BASIC,Active,2026-06-27,59.99
MEMBER-07077,Mark Lewis,mark.lewis@gmail.com,001-745-989-1433x741,,Frozen,2025-01-21,59.99
MEMBER-07078,Alyssa Thompson,alyssa.thompson@yahoo.com,478-674-8763x294,Basic,Frozen,2025-10-11,29.99
MEMBER-07079,Savannah Lloyd,savannah.lloyd@hotmail.com,288.327.9631,Basic,Active,2025-01-27,99.99
MEMBER-07080,Jeremiah Lewis,jeremiah.lewis@yahoo.com,624-895-5926x9469,Premium,Active,2025-11-24,29.99
MEMBER-07081,John Glover,john.glover@yahoo.com,001-813-811-6913x5881,Basic,Active,2025-06-22,29.99
MEMBER-07082,Cindy Davis,cindy.davis@yahoo.com,607.510.8555x407,Premium,Cancelled,2026-07-29,99.99
MEMBER-07083,Kayla Carter,kayla.carter@yahoo.com,991.883.9634x162,Basic,Frozen,2025-02-16,59.99
MEMBER-07084,Eric Jimenez,eric.jimenez@hotmail.com,001-591-316-6189,VIP,Cancelled,2024-12-06,29.99
MEMBER-07085,Scott Hill,scott.hill@gmail.com,+1-943-239-2608x62267,,Cancelled,2025-12-09,59.99
MEMBER-07086,Andrew Joseph,andrew.joseph@gmail.com,+1-616-536-0052,VIP,Frozen,2025-12-02,29.99
MEMBER-07087,James Bradshaw,james.bradshaw@hotmail.com,7383215862,Premium,Active,2024-11-11,29.99
MEMBER-07088,Kristina Lowery,kristina.lowery@gmail.com,(215)957-3279,VIP,Active,2024-11-06,-29.99
MEMBER-07089,Kathy Davis,kathy.davis@yahoo.com,001-282-223-3703x9095,,Active,2026-08-22,29.99
MEMBER-07090,Laura Freeman,laura.freeman@gmail.com,+1-201-559-5591x98597,VIP,Cancelled,2025-09-24,29.99
MEMBER-07091,Ernest Wong,ernest.wong@hotmail.com,308-529-5946x064,Premium,Active,2026-08-11,99.99
MEMBER-07092,Jeffery Townsend,jeffery.townsend@yahoo.com,001-855-921-5502x7713,Basic,Active,2024-11-16,-29.99
MEMBER-07093,Ashley Cabrera,ashley.cabrera@yahoo.com,+1-551-534-1306x336,VIP,Active,2025-12-29,99.99
MEMBER-07094,Gwendolyn Wade,gwendolyn.wade@gmail.com,001-244-461-5563x70277,BASIC,Cancelled,2025-06-05,59.99
MEMBER-07095,John Lowery,john.lowery@yahoo.com,(689)876-1847,,Frozen,2024-11-27,59.99
MEMBER-07096,Jessica Thompson,jessica.thompson@yahoo.com,3504360936,VIP,Active,2025-02-21,29.99
MEMBER-07097,Blake Jones,blake.jones@yahoo.com,(450)912-8077x21212,Basic,Frozen,2025-08-29,29.99
MEMBER-07098,Joshua Cooper,joshua.cooper@gmail.com,626-873-9041x3122,Basic,Frozen,2024-12-09,-29.99
MEMBER-07099,Taylor Griffith,taylor.griffith@hotmail.com,+1-367-716-0356x966,BASIC,Frozen,2025-05-09,59.99
MEMBER-07100,Raymond Martin,raymond.martin@hotmail.com,714-912-9275x65711,BASIC,Active,2026-02-26,29.99
MEMBER-07101,Brittany Miller,brittany.miller@gmail.com,550.767.8642,VIP,Active,2026-01-17,59.99
MEMBER-07102,Chad Espinoza,chad.espinoza@yahoo.com,987.371.4279x730,,Frozen,2025-05-31,99.99
MEMBER-07103,Thomas Martinez,thomas.martinez@hotmail.com,+1-369-234-4536x10513,Basic,Cancelled,2024-12-14,29.99
MEMBER-07104,Stephanie Higgins,stephanie.higgins@gmail.com,(834)615-5512x3422,BASIC,Active,2025-01-30,99.99
MEMBER-07105,Amber Jackson,amber.jackson@yahoo.com,716-605-0741x50723,Basic,Cancelled,2025-02-01,59.99
MEMBER-07106,Amy Murphy,amy.murphy@hotmail.com,(293)504-2071,,Frozen,2024-12-29,-29.99
MEMBER-07107,Sarah Hernandez,sarah.hernandez@gmail.com,(253)590-3915x9596,,Active,2026-05-11,99.99
MEMBER-07108,Amber Roberts,amber.roberts@yahoo.com,+1-605-758-9351x67500,VIP,Frozen,2026-09-02,59.99
MEMBER-07109,Ricky Miller,ricky.miller@yahoo.com,487-734-3249x238,BASIC,Active,2024-10-06,-29.99
MEMBER-07110,Julia Wolfe,julia.wolfe@gmail.com,463-267-1457x8963,Premium,Cancelled,2025-08-23,-29.99
MEMBER-07111,Stephen Davis,stephen.davis@gmail.com,516-326-9222x553,Basic,Cancelled,2026-03-03,99.99
MEMBER-07112,Laurie Smith,laurie.smith@gmail.com,976.531.2042x6285,VIP,Active,2025-09-08,99.99
MEMBER-07113,Louis Rubio,louis.rubio@hotmail.com,001-446-696-2512x180,VIP,Active,2024-09-27,-29.99
MEMBER-07114,Leonard Parks,leonard.parks@yahoo.com,(543)427-1959,BASIC,Cancelled,2025-11-25,29.99
MEMBER-07115,David Johnson,david.johnson@yahoo.com,(760)328-7902x3149,VIP,Active,2026-03-26,-29.99
MEMBER-07116,Steven Howard,steven.howard@hotmail.com,(557)302-3162x8329,Basic,Active,2026-03-22,-29.99
MEMBER-07117,Greg Sanchez,greg.sanchez@hotmail.com,+1-752-208-1197x97507,Premium,Active,2025-10-25,-29.99
MEMBER-07118,Michael Cohen,michael.cohen@yahoo.com,958.482.4416,Basic,Frozen,2025-12-28,-29.99
MEMBER-07119,Darlene Gordon,darlene.gordon@gmail.com,494.705.3572,VIP,Active,2025-09-09,59.99
MEMBER-07120,Lauren Gaines,lauren.gaines@gmail.com,(975)780-5520x4197,BASIC,Active,2026-09-21,59.99
MEMBER-07121,Tanner Frey,tanner.frey@gmail.com,610-885-2819,Basic,Active,2026-02-02,99.99
MEMBER-07122,Leslie Parker,leslie.parker@gmail.com,001-716-414-3709x1256,VIP,Cancelled,2026-07-21,29.99
MEMBER-07123,Leon Simmons,leon.simmons@hotmail.com,576-316-7414,Premium,Active,2025-06-12,99.99
MEMBER-07124,Steve Wagner,steve.wagner@hotmail.com,(326)206-4490x038,Basic,Frozen,2025-09-10,99.99
MEMBER-07125,Claire Petersen,claire.petersen@yahoo.com,(879)259-6147x7814,BASIC,Cancelled,2025-01-23,-29.99
MEMBER-07126,John Smith,john.smith@yahoo.com,(217)995-8322,Basic,Cancelled,2026-02-04,59.99
MEMBER-07127,Michelle Mcbride,michelle.mcbride@hotmail.com,382-912-5702x6580,VIP,Frozen,2025-05-24,-29.99
MEMBER-07128,Doris Ortiz,doris.ortiz@hotmail.com,385.839.8067x924,,Active,2025-08-10,59.99
MEMBER-07129,Amanda Love,amanda.love@hotmail.com,(539)212-2356,BASIC,Cancelled,2026-01-21,99.99
MEMBER-07130,Thomas Ortega,thomas.ortega@yahoo.com,+1-579-306-3806x173,Basic,Active,2024-12-25,-29.99
MEMBER-07131,Lisa Hudson,lisa.hudson@hotmail.com,001-433-424-8236x8831,BASIC,Frozen,2026-02-26,59.99
MEMBER-07132,Jessica Silva,jessica.silva@hotmail.com,620.944.0834,Basic,Active,2025-05-07,-29.99
MEMBER-07133,Jonathan Graham,jonathan.graham@hotmail.com,+1-368-639-2926x7134,Premium,Cancelled,2026-05-24,-29.99
MEMBER-07134,Megan Fletcher,megan.fletcher@yahoo.com,223-242-2389x367,Basic,Cancelled,2025-02-24,99.99
MEMBER-07135,Robert Smith,robert.smith@hotmail.com,(360)850-5725,Premium,Active,2025-10-20,-29.99
MEMBER-07136,Joshua Carrillo,joshua.carrillo@hotmail.com,814.768.2570,BASIC,Cancelled,2025-08-17,99.99
MEMBER-07137,John Johnson,john.johnson@gmail.com,345.720.9147x908,,Cancelled,2025-10-26,59.99
MEMBER-07138,Kathleen Morrison,kathleen.morrison@gmail.com,001-420-692-2717,,Active,2025-04-12,-29.99
MEMBER-07139,Eric Young,eric.young@hotmail.com,001-535-292-7916x0053,,Active,2026-04-24,-29.99
MEMBER-07140,Andres Cooper,andres.cooper@hotmail.com,(330)223-8509x9290,Basic,Frozen,2026-03-25,-29.99
MEMBER-07141,Kristen Aguilar,kristen.aguilar@yahoo.com,+1-578-680-6252x91877,,Cancelled,2025-01-27,59.99
MEMBER-07142,Lori Pham,lori.pham@gmail.com,970.732.9517x0767,Basic,Frozen,2025-12-15,99.99
MEMBER-07143,Michael Marshall,michael.marshall@yahoo.com,832.815.6323x73912,Premium,Frozen,2025-01-20,29.99
MEMBER-07144,Paul Kirby,paul.kirby@gmail.com,626.631.0681x5444,VIP,Active,2026-02-23,59.99
MEMBER-07145,Michael Thomas,michael.thomas@hotmail.com,+1-437-764-6831x8971,BASIC,Cancelled,2026-06-12,-29.99
MEMBER-07146,Daniel Wilcox,daniel.wilcox@yahoo.com,(953)244-4092x30132,Basic,Frozen,2025-10-20,-29.99
MEMBER-07147,Jessica Griffith,jessica.griffith@gmail.com,8073142447,BASIC,Frozen,2025-09-16,29.99
MEMBER-07148,Morgan Smith,morgan.smith@yahoo.com,586-259-2446x02609,VIP,Cancelled,2025-04-23,99.99
MEMBER-07149,Alison Jackson,alison.jackson@gmail.com,547.608.4748,BASIC,Active,2025-12-11,29.99
MEMBER-07150,Daniel Hicks,daniel.hicks@yahoo.com,274-674-9267x132,BASIC,Active,2024-12-27,-29.99
MEMBER-07151,Mary Rosales,mary.rosales@yahoo.com,783-442-4110,VIP,Frozen,2026-07-27,99.99
MEMBER-07152,William Arnold,william.arnold@yahoo.com,(848)606-5667,Premium,Active,2026-03-11,29.99
MEMBER-07153,Anthony Robinson,anthony.robinson@gmail.com,626-260-1834,,Active,2026-01-16,59.99
MEMBER-07154,Robin Harris,robin.harris@yahoo.com,645-402-0905,,Frozen,2025-04-11,59.99
MEMBER-07155,John Smith,john.smith@gmail.com,441-327-8097,Premium,Active,2024-10-22,59.99
MEMBER-07156,Catherine Parsons,catherine.parsons@gmail.com,6325730634,BASIC,Cancelled,2025-08-23,-29.99
MEMBER-07157,Kathy Bradley,kathy.bradley@gmail.com,994.881.1129,Premium,Cancelled,2025-04-10,29.99
MEMBER-07158,Adrian Marshall,adrian.marshall@gmail.com,+1-651-658-5331x5419,Premium,Cancelled,2025-08-09,59.99
MEMBER-07159,Samantha Walton,samantha.walton@hotmail.com,830-210-0830,BASIC,Active,2026-08-14,29.99
MEMBER-07160,Joel Harris,joel.harris@yahoo.com,5368162235,Basic,Active,2026-06-08,99.99
MEMBER-07161,Mary Moore,mary.moore@gmail.com,001-298-774-0802,BASIC,Active,2026-02-14,29.99
MEMBER-07162,Gregory Phillips,gregory.phillips@yahoo.com,647.399.1727x80272,BASIC,Active,2026-05-25,-29.99
MEMBER-07163,Brandi Bond,brandi.bond@hotmail.com,656.422.5673x421,Premium,Active,2026-07-26,99.99
MEMBER-07164,Paul Crawford,paul.crawford@hotmail.com,671.510.5773x08582,Premium,Frozen,2024-10-31,29.99
MEMBER-07165,Leroy Becker,leroy.becker@hotmail.com,886-738-2543,VIP,Frozen,2026-09-22,-29.99
MEMBER-07166,Ashley Richardson,ashley.richardson@gmail.com,456.426.9226x8420,,Cancelled,2026-06-11,29.99
MEMBER-07167,Tammy Davis,tammy.davis@yahoo.com,4575979270,VIP,Cancelled,2025-10-15,29.99
MEMBER-07168,Crystal Weber,crystal.weber@gmail.com,732-920-4763x944,BASIC,Active,2025-01-19,59.99
MEMBER-07169,Lisa Moore,lisa.moore@gmail.com,667.896.7927x25998,,Cancelled,2024-09-28,59.99
MEMBER-07170,Christopher Wells,christopher.wells@hotmail.com,001-256-722-1714x67418,Basic,Cancelled,2024-10-18,-29.99
MEMBER-07171,Matthew Gonzalez,matthew.gonzalez@hotmail.com,+1-714-962-1894x179,,Active,2025-07-11,29.99
MEMBER-07172,Alexandria Bowman,alexandria.bowman@hotmail.com,(936)590-7669x9361,VIP,Cancelled,2025-01-18,-29.99
MEMBER-07173,Judy Ruiz,judy.ruiz@yahoo.com,(783)691-8732x514,VIP,Active,2025-08-16,29.99
MEMBER-07174,Patricia Jordan,patricia.jordan@gmail.com,664.990.3791x894,Basic,Active,2024-10-24,29.99
MEMBER-07175,Stephen Parker,stephen.parker@yahoo.com,001-548-721-3549x759,Basic,Active,2025-02-26,-29.99
MEMBER-07176,Vincent Elliott,vincent.elliott@yahoo.com,001-912-355-5922x14632,Basic,Cancelled,2026-09-16,29.99
MEMBER-07177,Charles Anderson,charles.anderson@hotmail.com,+1-483-591-3508x323,BASIC,Cancelled,2026-03-03,-29.99
MEMBER-07178,Mark Miller,mark.miller@yahoo.com,+1-261-807-4644x3992,Basic,Frozen,2024-12-29,29.99
MEMBER-07179,Laura Huerta,laura.huerta@yahoo.com,001-786-257-8295x78775,Basic,Frozen,2025-09-15,59.99
MEMBER-07180,Daniel Jones,daniel.jones@gmail.com,(655)608-4323,Premium,Cancelled,2025-12-19,-29.99
MEMBER-07181,Steven Moore,steven.moore@yahoo.com,+1-255-667-0709x1617,BASIC,Cancelled,2026-06-29,99.99
MEMBER-07182,Theresa Graham,theresa.graham@hotmail.com,556-575-8094x8301,VIP,Active,2026-01-03,59.99
MEMBER-07183,Melissa Mcclure,melissa.mcclure@gmail.com,654.811.8324x102,Basic,Active,2025-05-11,59.99
MEMBER-07184,Alejandro Walker,alejandro.walker@hotmail.com,690.641.9025x11902,,Frozen,2026-06-29,-29.99
MEMBER-07185,Penny Waller,penny.waller@gmail.com,(516)472-6877x2078,BASIC,Cancelled,2025-05-09,29.99
MEMBER-07186,Rhonda Robinson,rhonda.robinson@yahoo.com,316-317-3387,,Cancelled,2025-11-01,29.99
MEMBER-07187,Sheryl Allen,sheryl.allen@yahoo.com,+1-933-926-8763,BASIC,Frozen,2025-03-31,99.99
MEMBER-07188,Brian Johnson,brian.johnson@gmail.com,(917)792-8604x7732,Basic,Cancelled,2025-02-12,99.99
MEMBER-07189,Alice Chandler,alice.chandler@gmail.com,001-909-250-9749x90580,,Frozen,2026-02-02,29.99
MEMBER-07190,Steven Miranda,steven.miranda@hotmail.com,491-658-8345,,Cancelled,2026-07-07,59.99
MEMBER-07191,Lawrence Russell,lawrence.russell@hotmail.com,252.410.8219x1438,Premium,Active,2024-10-15,59.99
MEMBER-07192,Susan Gilbert,susan.gilbert@yahoo.com,919.719.1609x1268,BASIC,Cancelled,2025-03-31,29.99
MEMBER-07193,Bonnie Rivas,bonnie.rivas@yahoo.com,422.970.8658,Premium,Active,2024-11-27,-29.99
MEMBER-07194,Jennifer Espinoza,jennifer.espinoza@yahoo.com,669.351.9491x9996,Premium,Frozen,2026-05-25,29.99
MEMBER-07195,Christie Walters,christie.walters@yahoo.com,+1-977-781-4658x973,VIP,Active,2026-06-16,29.99
MEMBER-07196,Brandon Smith,brandon.smith@gmail.com,682.881.9759x9230,Premium,Active,2025-06-19,-29.99
MEMBER-07197,Patricia Barron,patricia.barron@hotmail.com,(839)331-2487x09720,BASIC,Active,2026-02-28,99.99
MEMBER-07198,Theresa Ford,theresa.ford@hotmail.com,331-426-4738x6880,Premium,Active,2025-08-09,59.99
MEMBER-07199,Julie Davis,julie.davis@hotmail.com,7793007748,,Frozen,2026-06-18,99.99
MEMBER-07200,Debra Jones,debra.jones@hotmail.com,316-376-8342x69035,Premium,Active,2024-11-06,99.99
MEMBER-07201,Christopher Ramirez,christopher.ramirez@gmail.com,420-338-8292x65716,,Frozen,2025-03-11,29.99
MEMBER-07202,Alexander Blake,alexander.blake@yahoo.com,3482874696,BASIC,Active,2026-02-12,-29.99
MEMBER-07203,Marc Oliver,marc.oliver@gmail.com,976.877.2705,VIP,Active,2025-06-21,-29.99
MEMBER-07204,Matthew Holt,matthew.holt@gmail.com,2548837469,BASIC,Frozen,2026-05-06,-29.99
MEMBER-07205,Kevin Hampton,kevin.hampton@yahoo.com,5598044083,Basic,Cancelled,2025-12-24,29.99
MEMBER-07206,Shelia Jones,shelia.jones@hotmail.com,(460)264-4162,,Active,2025-02-23,29.99
MEMBER-07207,Jose Ryan,jose.ryan@yahoo.com,289.654.7716,,Cancelled,2025-11-09,29.99
MEMBER-07208,Anthony Mcdonald,anthony.mcdonald@gmail.com,988-244-5481x24615,Premium,Cancelled,2025-12-24,29.99
MEMBER-07209,Amanda Alvarez,amanda.alvarez@hotmail.com,3895290318,VIP,Frozen,2025-07-03,59.99
MEMBER-07210,Michael Gallagher,michael.gallagher@hotmail.com,+1-610-439-0988x0325,,Active,2025-10-22,99.99
MEMBER-07211,Ronnie Garner,ronnie.garner@hotmail.com,+1-944-594-7661x42585,VIP,Active,2025-05-19,59.99
MEMBER-07212,Steve Johnston,steve.johnston@yahoo.com,724-217-9424,Premium,Cancelled,2025-12-27,99.99
MEMBER-07213,Donald Allen,donald.allen@gmail.com,+1-452-928-5024x715,Premium,Cancelled,2026-09-13,59.99
MEMBER-07214,Lauren Sanchez,lauren.sanchez@yahoo.com,(687)909-8904x5083,Premium,Active,2025-02-13,59.99
MEMBER-07215,Lori Ford,lori.ford@hotmail.com,(536)489-2228x987,Premium,Frozen,2026-07-11,29.99
MEMBER-07216,Patrick Riley,patrick.riley@gmail.com,467.758.8135,Basic,Cancelled,2026-01-20,99.99
MEMBER-07217,Anthony Olson,anthony.olson@yahoo.com,+1-955-290-0953x984,VIP,Frozen,2025-05-13,29.99
MEMBER-07218,Tiffany Kennedy,tiffany.kennedy@gmail.com,001-734-405-2941x914,Basic,Cancelled,2026-01-24,99.99
MEMBER-07219,Shawn Schneider,shawn.schneider@gmail.com,+1-306-580-8636x6213,VIP,Frozen,2024-10-27,29.99
MEMBER-07220,Stephen Burgess,stephen.burgess@hotmail.com,(721)456-0569x873,Premium,Active,2025-08-09,99.99
MEMBER-07221,Anne Brown,anne.brown@gmail.com,348-397-5484,Premium,Cancelled,2025-12-25,59.99
MEMBER-07222,Ashley Cervantes,ashley.cervantes@yahoo.com,363-238-7933x23569,Premium,Cancelled,2025-09-14,99.99
MEMBER-07223,Daniel Crawford,daniel.crawford@hotmail.com,(645)562-9212x21069,Premium,Active,2025-09-19,59.99
MEMBER-07224,Chloe Christian,chloe.christian@yahoo.com,(470)946-4878,,Active,2026-02-16,59.99
MEMBER-07225,Tiffany Griffin,tiffany.griffin@yahoo.com,+1-865-482-3630,Basic,Active,2025-09-12,99.99
MEMBER-07226,Spencer Garrison,spencer.garrison@hotmail.com,+1-428-538-8129x856,,Cancelled,2024-12-12,29.99
MEMBER-07227,Jessica Bennett,jessica.bennett@yahoo.com,+1-950-322-6796x991,Premium,Frozen,2026-05-25,99.99
MEMBER-07228,Paul Archer,paul.archer@yahoo.com,+1-848-471-1256x738,Basic,Cancelled,2025-09-17,29.99
MEMBER-07229,Todd Lopez,todd.lopez@yahoo.com,(359)839-6218x35924,BASIC,Frozen,2026-03-13,-29.99
MEMBER-07230,Daniel Davis,daniel.davis@gmail.com,(668)418-2392x4576,VIP,Cancelled,2026-02-05,29.99
MEMBER-07231,Deborah Sloan,deborah.sloan@hotmail.com,(506)779-3857,Basic,Cancelled,2026-05-02,59.99
MEMBER-07232,Carolyn Walton,carolyn.walton@gmail.com,539-686-5551x06116,BASIC,Active,2026-06-27,59.99
MEMBER-07233,Felicia Lane,felicia.lane@yahoo.com,830-324-9372,Basic,Active,2025-02-17,-29.99
MEMBER-07234,Dawn Higgins,dawn.higgins@hotmail.com,(327)453-2626,VIP,Frozen,2024-10-20,99.99
MEMBER-07235,Kristina Graham,kristina.graham@gmail.com,001-676-847-6722x4548,Premium,Active,2025-08-22,29.99
MEMBER-07236,James Fernandez,james.fernandez@hotmail.com,501.632.1423,BASIC,Cancelled,2026-06-10,99.99
MEMBER-07237,Matthew Bowers,matthew.bowers@hotmail.com,550.421.9032x4413,Basic,Cancelled,2026-06-04,-29.99
MEMBER-07238,Cynthia Green,cynthia.green@hotmail.com,477-783-3793x70863,VIP,Active,2026-09-26,59.99
MEMBER-07239,Dean Gentry,dean.gentry@hotmail.com,001-267-321-1132,Premium,Active,2025-06-04,-29.99
MEMBER-07240,Johnny Morales,johnny.morales@yahoo.com,9015968468,Basic,Cancelled,2025-09-04,29.99
MEMBER-07241,Karen Patterson,karen.patterson@gmail.com,(781)443-7547x40140,BASIC,Frozen,2026-08-24,59.99
MEMBER-07242,Matthew Walker,matthew.walker@yahoo.com,250.592.6369,BASIC,Cancelled,2026-09-23,-29.99
MEMBER-07243,Norman Gates,norman.gates@yahoo.com,463.903.2718x4383,VIP,Active,2025-06-21,99.99
MEMBER-07244,Heather Sutton,heather.sutton@hotmail.com,8862044297,Premium,Active,2025-03-10,99.99
MEMBER-07245,Jonathan Garcia,jonathan.garcia@gmail.com,538.263.5563x1559,BASIC,Active,2025-05-16,59.99
MEMBER-07246,Chris Meyer,chris.meyer@gmail.com,001-907-367-2809x50483,Basic,Active,2024-11-19,29.99
MEMBER-07247,Erika Watkins,erika.watkins@hotmail.com,(931)947-9143x9425,BASIC,Cancelled,2026-02-16,29.99
MEMBER-07248,Michael Miller,michael.miller@hotmail.com,+1-824-844-2934x5462,Basic,Cancelled,2025-07-11,99.99
MEMBER-07249,Sherry Gibbs,sherry.gibbs@yahoo.com,201-772-0944x0302,VIP,Cancelled,2025-06-28,99.99
MEMBER-07250,Carrie Orr,carrie.orr@gmail.com,210-267-9433x2031,Basic,Cancelled,2026-04-13,59.99
MEMBER-07251,Patricia Day,patricia.day@gmail.com,421.613.2304,Basic,Active,2025-05-23,99.99
MEMBER-07252,Jennifer Ramirez,jennifer.ramirez@gmail.com,717.592.3393x992,Premium,Frozen,2025-07-09,99.99
MEMBER-07253,Sarah Dunn,sarah.dunn@yahoo.com,392-203-6584,Basic,Frozen,2026-09-06,29.99
MEMBER-07254,Stephen Anderson,stephen.anderson@hotmail.com,516-426-1171,VIP,Cancelled,2026-08-02,59.99
MEMBER-07255,Frank Lee,frank.lee@hotmail.com,568-488-5116,Basic,Active,2025-09-22,99.99
MEMBER-07256,Cory Turner,cory.turner@hotmail.com,(276)251-6035,Premium,Active,2025-10-30,-29.99
MEMBER-07257,Karen Davenport,karen.davenport@yahoo.com,001-574-446-2565,BASIC,Active,2026-03-25,59.99
MEMBER-07258,Anthony Black,anthony.black@gmail.com,+1-254-209-7434x41788,VIP,Active,2026-07-11,59.99
MEMBER-07259,Todd Wiley,todd.wiley@hotmail.com,+1-821-207-1491x823,VIP,Frozen,2026-04-11,59.99
MEMBER-07260,Michelle Moore,michelle.moore@gmail.com,590-606-9547,Premium,Active,2026-08-25,59.99
MEMBER-07261,Brian Miller,brian.miller@yahoo.com,518.789.8743x15772,VIP,Frozen,2025-01-12,29.99
MEMBER-07262,Karen Gonzalez,karen.gonzalez@hotmail.com,506-969-9475,,Cancelled,2025-09-26,29.99
MEMBER-07263,Debra Reed,debra.reed@gmail.com,9593621047,VIP,Active,2025-08-25,-29.99
MEMBER-07264,Tiffany Anthony,tiffany.anthony@yahoo.com,(463)332-4827,Basic,Active,2024-10-23,-29.99
MEMBER-07265,Matthew Pollard,matthew.pollard@hotmail.com,708.226.0155,BASIC,Cancelled,2024-12-03,59.99
MEMBER-07266,Michael Lamb,michael.lamb@yahoo.com,001-838-553-1934x86476,Premium,Cancelled,2026-07-07,-29.99
MEMBER-07267,Stacy Padilla,stacy.padilla@yahoo.com,(219)215-8792,VIP,Active,2026-09-17,99.99
MEMBER-07268,Angela Hamilton,angela.hamilton@yahoo.com,(664)519-4197,,Active,2025-08-30,59.99
MEMBER-07269,Diane Hurley,diane.hurley@gmail.com,001-921-737-1459x19322,VIP,Active,2025-12-24,99.99
MEMBER-07270,Justin Sullivan,justin.sullivan@hotmail.com,721-356-9108,BASIC,Frozen,2026-03-08,29.99
MEMBER-07271,Christopher Dillon,christopher.dillon@yahoo.com,+1-264-696-7119x6140,,Frozen,2025-06-01,99.99
MEMBER-07272,Natasha Hunter,natasha.hunter@gmail.com,474-836-7152x83264,,Cancelled,2026-05-25,59.99
MEMBER-07273,Chloe White,chloe.white@yahoo.com,400-291-4176x2563,VIP,Active,2024-12-05,-29.99
MEMBER-07274,Brenda Jones,brenda.jones@gmail.com,+1-845-996-7659x296,Premium,Active,2024-12-17,59.99
MEMBER-07275,Joseph Curry,joseph.curry@hotmail.com,(439)776-8457x4941,Basic,Frozen,2024-12-21,-29.99
MEMBER-07276,Elizabeth Robinson,elizabeth.robinson@yahoo.com,+1-217-485-3563x30980,BASIC,Cancelled,2026-05-14,59.99
MEMBER-07277,Kari Brady,kari.brady@yahoo.com,7188099055,VIP,Frozen,2025-03-15,59.99
MEMBER-07278,Lindsey Howard,lindsey.howard@yahoo.com,287.421.4770,VIP,Frozen,2025-10-31,29.99
MEMBER-07279,Megan Russell,megan.russell@gmail.com,001-600-803-6647,,Active,2025-10-25,59.99
MEMBER-07280,Gary Taylor,gary.taylor@gmail.com,597.665.3017x7009,,Cancelled,2025-07-03,59.99
MEMBER-07281,Jenny Hill,jenny.hill@yahoo.com,523-820-8025x61333,Premium,Frozen,2025-07-10,29.99
MEMBER-07282,Kristy Graham,kristy.graham@gmail.com,605-387-1513x923,Basic,Cancelled,2025-10-30,99.99
MEMBER-07283,Roger Graham,roger.graham@yahoo.com,224-759-0564x165,BASIC,Cancelled,2026-08-01,99.99
MEMBER-07284,Samuel Wong,samuel.wong@gmail.com,848.632.2545x3800,BASIC,Cancelled,2025-08-10,-29.99
MEMBER-07285,Noah Tucker,noah.tucker@gmail.com,705-771-8866x8926,Premium,Frozen,2024-12-05,59.99
MEMBER-07286,Travis Martin,travis.martin@yahoo.com,(402)436-6191,Basic,Active,2026-07-16,59.99
MEMBER-07287,William Brewer,william.brewer@yahoo.com,+1-388-926-4302x372,Premium,Cancelled,2026-08-05,99.99
MEMBER-07288,Tracey Gross,tracey.gross@gmail.com,(573)736-4722,Basic,Frozen,2025-02-26,59.99
MEMBER-07289,Michele Adkins,michele.adkins@hotmail.com,(582)988-3495,,Active,2025-08-05,29.99
MEMBER-07290,Tara Wilcox,tara.wilcox@gmail.com,+1-791-448-9024x239,,Active,2025-10-20,-29.99
MEMBER-07291,Brenda Cruz,brenda.cruz@hotmail.com,+1-955-381-3243x365,Premium,Active,2025-08-01,29.99
MEMBER-07292,Holly Lewis,holly.lewis@hotmail.com,327.433.1784,Premium,Active,2025-07-30,-29.99
MEMBER-07293,Andrew Banks,andrew.banks@yahoo.com,001-791-931-3038x89965,Basic,Frozen,2025-08-12,99.99
MEMBER-07294,Karen Mcfarland,karen.mcfarland@hotmail.com,206-220-3646,Basic,Frozen,2026-09-12,-29.99
MEMBER-07295,Rachel Combs,rachel.combs@hotmail.com,001-987-777-3564x484,Premium,Cancelled,2025-10-20,29.99
MEMBER-07296,Elizabeth Butler,elizabeth.butler@gmail.com,001-879-206-4546,BASIC,Frozen,2026-06-07,29.99
MEMBER-07297,Barbara Mahoney,barbara.mahoney@hotmail.com,974-751-5660x097,Basic,Cancelled,2026-01-28,29.99
MEMBER-07298,Rhonda Stevens,rhonda.stevens@gmail.com,+1-693-350-5786,Basic,Active,2024-10-15,59.99
MEMBER-07299,Timothy Chan,timothy.chan@hotmail.com,+1-763-986-9100,Premium,Frozen,2026-01-10,59.99
MEMBER-07300,Samuel Phillips,samuel.phillips@gmail.com,341-814-3376x669,,Cancelled,2026-06-01,59.99
MEMBER-07301,Sean Villarreal,sean.villarreal@yahoo.com,597.362.3978,Premium,Frozen,2026-08-25,-29.99
MEMBER-07302,Deborah Clayton,deborah.clayton@yahoo.com,9237818446,Basic,Active,2025-03-30,59.99
MEMBER-07303,James Norton,james.norton@yahoo.com,301-612-8507x969,BASIC,Active,2025-09-07,29.99
MEMBER-07304,Robert Castaneda,robert.castaneda@yahoo.com,+1-592-984-6178x80413,BASIC,Active,2026-08-11,59.99
MEMBER-07305,Melissa Osborn,melissa.osborn@hotmail.com,7146355509,BASIC,Active,2025-05-19,29.99
MEMBER-07306,Matthew Hudson,matthew.hudson@yahoo.com,(659)586-4924,VIP,Active,2026-03-11,99.99
MEMBER-07307,Cathy Horton,cathy.horton@gmail.com,001-793-674-6648x75032,BASIC,Active,2024-12-22,-29.99
MEMBER-07308,Lynn Williams,lynn.williams@yahoo.com,259.395.5965x1312,Basic,Active,2026-09-18,-29.99
MEMBER-07309,Jennifer Bell,jennifer.bell@gmail.com,653-885-3603,Premium,Active,2026-06-03,99.99
MEMBER-07310,Sara Richardson,sara.richardson@yahoo.com,319-424-6594x151,Premium,Frozen,2025-01-15,29.99
MEMBER-07311,Janet Jackson,janet.jackson@hotmail.com,001-909-357-5022,Basic,Frozen,2026-01-08,59.99
MEMBER-07312,Kimberly Hammond,kimberly.hammond@yahoo.com,+1-809-433-7732x8647,BASIC,Cancelled,2026-05-16,59.99
MEMBER-07313,Annette Holland,annette.holland@gmail.com,(584)405-5542,VIP,Active,2026-04-14,29.99
MEMBER-07314,Joyce Moore,joyce.moore@hotmail.com,302.678.6491x3316,BASIC,Active,2025-07-01,59.99
MEMBER-07315,Shelley Ball,shelley.ball@hotmail.com,+1-274-471-5589x9254,Premium,Active,2025-08-27,59.99
MEMBER-07316,Juan Thomas,juan.thomas@hotmail.com,586-541-4537,Premium,Active,2025-08-31,29.99
MEMBER-07317,Allison Williams,allison.williams@gmail.com,001-640-925-1345x796,Basic,Frozen,2024-12-17,99.99
MEMBER-07318,Christine Garcia,christine.garcia@yahoo.com,810-314-5061,Basic,Active,2025-06-10,99.99
MEMBER-07319,Bradley Lopez,bradley.lopez@hotmail.com,001-619-460-6144,Premium,Cancelled,2025-01-17,29.99
MEMBER-07320,Alexander Schmitt,alexander.schmitt@yahoo.com,(444)910-9935x852,BASIC,Frozen,2025-05-01,99.99
MEMBER-07321,Monica Martinez,monica.martinez@yahoo.com,971-399-2128x185,VIP,Active,2025-07-22,59.99
MEMBER-07322,Sandra Boone,sandra.boone@gmail.com,201.503.3997,BASIC,Cancelled,2026-09-04,-29.99
MEMBER-07323,Mark Garcia,mark.garcia@yahoo.com,(379)353-6421x379,BASIC,Active,2026-04-14,99.99
MEMBER-07324,Linda Stewart,linda.stewart@hotmail.com,+1-971-350-8407x669,BASIC,Active,2026-09-12,29.99
MEMBER-07325,Tina Poole,tina.poole@hotmail.com,874.964.3803,BASIC,Cancelled,2026-02-08,99.99
MEMBER-07326,Douglas Brown,douglas.brown@yahoo.com,+1-415-946-0601x548,,Frozen,2026-06-29,59.99
MEMBER-07327,Eric Smith,eric.smith@yahoo.com,+1-697-887-8489x90086,,Active,2025-10-03,99.99
MEMBER-07328,Michael Dunn,michael.dunn@yahoo.com,942-501-4296x99885,BASIC,Active,2025-11-19,-29.99
MEMBER-07329,Erin Walker,erin.walker@gmail.com,681.739.1405,VIP,Frozen,2025-08-27,29.99
MEMBER-07330,Amy Moore,amy.moore@yahoo.com,+1-440-918-9805x388,,Active,2025-01-08,29.99
MEMBER-07331,Jason Miller,jason.miller@hotmail.com,577-579-5124x17984,Basic,Active,2026-02-19,59.99
MEMBER-07332,Michelle Hoffman,michelle.hoffman@gmail.com,+1-404-519-2245x0644,Premium,Frozen,2026-06-04,59.99
MEMBER-07333,Dana Martinez,dana.martinez@hotmail.com,202.481.1675x022,Basic,Cancelled,2025-04-13,99.99
MEMBER-07334,Vanessa Williams,vanessa.williams@yahoo.com,(863)327-4925,,Cancelled,2025-02-03,-29.99
MEMBER-07335,Amanda Young,amanda.young@gmail.com,211.732.0082,VIP,Frozen,2025-11-25,99.99
MEMBER-07336,Curtis Leonard,curtis.leonard@hotmail.com,869.338.1360x291,Basic,Active,2025-08-21,59.99
MEMBER-07337,Craig Morris,craig.morris@yahoo.com,(247)327-5819,Premium,Frozen,2025-06-08,99.99
MEMBER-07338,Kimberly Holmes,kimberly.holmes@gmail.com,+1-203-910-8277x3164,BASIC,Frozen,2025-06-07,59.99
MEMBER-07339,Michael Compton,michael.compton@gmail.com,600-903-4094x8844,,Active,2025-03-20,99.99
MEMBER-07340,Christopher Harrison,christopher.harrison@hotmail.com,385.333.9568x237,BASIC,Active,2026-02-26,59.99
MEMBER-07341,Krystal Mendoza,krystal.mendoza@hotmail.com,463.995.3211x5130,VIP,Frozen,2025-05-20,99.99
MEMBER-07342,Jessica Gilmore,jessica.gilmore@yahoo.com,+1-398-695-9562x875,Premium,Active,2025-03-25,59.99
MEMBER-07343,Joshua Robertson,joshua.robertson@yahoo.com,001-461-592-1029x9572,BASIC,Active,2025-06-06,99.99
MEMBER-07344,Mark Frost,mark.frost@hotmail.com,(505)736-9857x04302,BASIC,Cancelled,2026-09-17,59.99
MEMBER-07345,Kenneth Jones,kenneth.jones@hotmail.com,881-247-9221,,Active,2026-09-19,99.99
MEMBER-07346,Courtney Johnson,courtney.johnson@gmail.com,001-600-337-7308x711,Basic,Active,2026-08-25,29.99
MEMBER-07347,Ian Valdez,ian.valdez@hotmail.com,497.546.9596,,Frozen,2025-10-15,59.99
MEMBER-07348,Tara Bird,tara.bird@hotmail.com,(520)243-4364,,Frozen,2026-02-18,99.99
MEMBER-07349,Edward Sanchez,edward.sanchez@gmail.com,001-330-252-7347,BASIC,Frozen,2025-02-09,59.99
MEMBER-07350,David Acosta,david.acosta@hotmail.com,693-670-7744x2084,Basic,Active,2025-04-22,99.99
MEMBER-07351,Antonio Gonzalez,antonio.gonzalez@yahoo.com,403-379-5712,Premium,Frozen,2025-09-26,29.99
MEMBER-07352,Michelle Malone,michelle.malone@gmail.com,258-311-6657x927,Basic,Cancelled,2024-10-19,-29.99
MEMBER-07353,Noah Bentley,noah.bentley@hotmail.com,295-812-3662x37404,,Active,2025-12-13,99.99
MEMBER-07354,Deborah Nguyen,deborah.nguyen@yahoo.com,+1-371-958-7700x6935,BASIC,Active,2025-04-13,99.99
MEMBER-07355,Joann White,joann.white@hotmail.com,318.422.3995,BASIC,Active,2026-04-02,29.99
MEMBER-07356,Amanda Robinson,amanda.robinson@yahoo.com,001-431-685-5775x15473,VIP,Cancelled,2026-05-11,-29.99
MEMBER-07357,Rachael Nelson,rachael.nelson@yahoo.com,207.623.1750x40128,,Frozen,2025-10-05,99.99
MEMBER-07358,Brenda Duke,brenda.duke@hotmail.com,+1-942-505-1778x5263,Premium,Active,2024-11-12,29.99
MEMBER-07359,Douglas Cook,douglas.cook@gmail.com,672.331.5702,BASIC,Active,2025-06-03,29.99
MEMBER-07360,Kendra Duncan,kendra.duncan@hotmail.com,(461)213-3739,,Active,2024-12-16,99.99
MEMBER-07361,Samuel Garcia,samuel.garcia@gmail.com,830-244-5762x3232,BASIC,Frozen,2026-01-09,-29.99
MEMBER-07362,Caleb Allen,caleb.allen@gmail.com,6804945025,BASIC,Cancelled,2026-06-02,-29.99
MEMBER-07363,Maria Elliott,maria.elliott@hotmail.com,346.315.5374x1030,Premium,Active,2026-02-22,29.99
MEMBER-07364,Jeffery Stevenson,jeffery.stevenson@hotmail.com,001-722-671-5957x6963,VIP,Frozen,2026-02-19,29.99
MEMBER-07365,Peggy Smith,peggy.smith@yahoo.com,(440)989-6230,,Frozen,2026-05-23,29.99
MEMBER-07366,Nancy Kidd,nancy.kidd@hotmail.com,731-300-8224x502,Basic,Cancelled,2025-02-15,-29.99
MEMBER-07367,Bethany Alvarez,bethany.alvarez@gmail.com,844.951.4931x88561,BASIC,Cancelled,2026-05-10,29.99
MEMBER-07368,Corey Clarke,corey.clarke@gmail.com,844-433-8285x4582,Basic,Frozen,2025-09-20,99.99
MEMBER-07369,Charles Gardner,charles.gardner@gmail.com,+1-296-711-8502x17703,Basic,Active,2025-04-21,-29.99
MEMBER-07370,John Bell,john.bell@hotmail.com,606-445-1258x1445,Basic,Frozen,2025-02-11,59.99
MEMBER-07371,Brandon Wright,brandon.wright@gmail.com,001-640-711-3499x7622,VIP,Active,2026-07-29,-29.99
MEMBER-07372,Jennifer Arnold,jennifer.arnold@yahoo.com,510.454.0478x94392,Basic,Frozen,2025-10-21,29.99
MEMBER-07373,Mark Glenn,mark.glenn@gmail.com,370.237.5077x27990,Premium,Cancelled,2025-12-14,-29.99
MEMBER-07374,Daniel Pham,daniel.pham@yahoo.com,(363)278-9200,VIP,Active,2026-07-11,59.99
MEMBER-07375,Cassandra Sampson,cassandra.sampson@yahoo.com,4939685134,Premium,Active,2025-02-28,-29.99
MEMBER-07376,Joseph Anderson,joseph.anderson@hotmail.com,+1-244-664-3994x49978,BASIC,Active,2025-11-24,59.99
MEMBER-07377,Nicole Horn,nicole.horn@hotmail.com,3568546364,Basic,Active,2025-08-10,-29.99
MEMBER-07378,Daisy Phillips,daisy.phillips@yahoo.com,(943)267-1077x017,Basic,Cancelled,2024-11-26,59.99
MEMBER-07379,William Luna,william.luna@gmail.com,346-965-8912x387,Premium,Active,2025-02-18,-29.99
MEMBER-07380,Shawn Tyler,shawn.tyler@yahoo.com,(578)541-2315x6119,BASIC,Frozen,2025-05-01,29.99
MEMBER-07381,Tammy Parker,tammy.parker@gmail.com,001-770-804-4641x98081,,Active,2026-07-24,-29.99
MEMBER-07382,Larry Colon,larry.colon@hotmail.com,(311)292-1330,,Active,2025-07-23,99.99
MEMBER-07383,Tracy Ramos,tracy.ramos@yahoo.com,603.290.7561x13890,Premium,Frozen,2025-08-10,29.99
MEMBER-07384,Dustin Fry,dustin.fry@yahoo.com,001-991-874-5546x81595,BASIC,Active,2026-01-20,59.99
MEMBER-07385,Robert Lloyd,robert.lloyd@gmail.com,(286)566-3049x661,,Active,2026-06-08,59.99
MEMBER-07386,Edward Johnson,edward.johnson@yahoo.com,906.649.0858,VIP,Cancelled,2026-08-24,-29.99
MEMBER-07387,Christopher Evans,christopher.evans@gmail.com,8836024887,BASIC,Active,2026-07-12,99.99
MEMBER-07388,Paul Miller,paul.miller@gmail.com,001-988-233-3616,VIP,Active,2024-10-11,99.99
MEMBER-07389,Nicole Vaughan,nicole.vaughan@hotmail.com,001-611-477-5802x1883,,Cancelled,2026-02-23,59.99
MEMBER-07390,Stacy Johnson,stacy.johnson@gmail.com,+1-306-395-1319,Basic,Active,2025-10-12,29.99
MEMBER-07391,Kristine Burke,kristine.burke@gmail.com,910-531-0026,VIP,Active,2025-05-28,29.99
MEMBER-07392,Heather Johnson,heather.johnson@hotmail.com,+1-876-231-9761x38690,,Active,2024-12-25,-29.99
MEMBER-07393,Victor Cabrera,victor.cabrera@yahoo.com,(790)362-9814,Basic,Active,2024-10-28,-29.99
MEMBER-07394,Louis Gray,louis.gray@gmail.com,(644)290-8780x158,Premium,Cancelled,2026-08-05,29.99
MEMBER-07395,Daniel Brown,daniel.brown@gmail.com,001-691-725-0375,Basic,Active,2024-11-08,59.99
MEMBER-07396,Mitchell Williams,mitchell.williams@hotmail.com,2155555149,,Active,2025-04-12,-29.99
MEMBER-07397,Tracy Woodard,tracy.woodard@yahoo.com,376.946.3772x2745,Premium,Cancelled,2025-09-12,29.99
MEMBER-07398,Peter Church,peter.church@yahoo.com,+1-331-953-1141x233,,Cancelled,2026-03-10,-29.99
MEMBER-07399,Jason Walters,jason.walters@yahoo.com,+1-942-985-5153x0633,Basic,Cancelled,2025-03-30,-29.99
MEMBER-07400,Michelle Dunn,michelle.dunn@hotmail.com,532.581.3840,VIP,Cancelled,2026-08-23,59.99
MEMBER-07401,Kathryn Torres,kathryn.torres@yahoo.com,+1-611-879-0875x77774,BASIC,Active,2025-02-04,-29.99
MEMBER-07402,Debra Cruz,debra.cruz@hotmail.com,001-701-200-9958,Basic,Active,2025-12-16,99.99
MEMBER-07403,Christopher Rodriguez,christopher.rodriguez@hotmail.com,622.976.0348,,Frozen,2026-04-29,59.99
MEMBER-07404,Amanda Simon,amanda.simon@gmail.com,8479245712,BASIC,Frozen,2025-09-23,59.99
MEMBER-07405,Geoffrey Smith,geoffrey.smith@hotmail.com,(800)290-1546,Basic,Cancelled,2025-10-08,59.99
MEMBER-07406,Katelyn Chavez,katelyn.chavez@hotmail.com,925-253-9611x684,Basic,Cancelled,2025-05-24,99.99
MEMBER-07407,Adrian Alvarez,adrian.alvarez@yahoo.com,001-958-597-4196x45375,VIP,Active,2026-01-07,29.99
MEMBER-07408,Lisa Scott,lisa.scott@yahoo.com,(310)599-5833x0539,VIP,Frozen,2025-09-11,-29.99
MEMBER-07409,Nicole Mendoza,nicole.mendoza@hotmail.com,001-492-571-1479x344,BASIC,Active,2025-07-27,-29.99
MEMBER-07410,Joanna Solis,joanna.solis@hotmail.com,001-394-623-2361x7896,,Cancelled,2024-11-25,29.99
MEMBER-07411,Brittany Hill,brittany.hill@yahoo.com,(244)553-7075x22185,,Frozen,2026-05-05,-29.99
MEMBER-07412,Jacob Conner,jacob.conner@yahoo.com,(370)427-3761x4998,Premium,Active,2025-12-09,99.99
MEMBER-07413,Christopher Jacobs,christopher.jacobs@hotmail.com,001-889-908-8390,VIP,Cancelled,2026-03-26,99.99
MEMBER-07414,Mikayla Graham,mikayla.graham@yahoo.com,(370)862-1987,Premium,Frozen,2026-05-13,59.99
MEMBER-07415,Lisa Williams,lisa.williams@gmail.com,445-405-1499,Basic,Cancelled,2026-03-15,29.99
MEMBER-07416,Amanda Spence,amanda.spence@gmail.com,541-355-8415,BASIC,Active,2026-03-04,-29.99
MEMBER-07417,Stephen Donovan,stephen.donovan@gmail.com,+1-759-608-5641x75046,BASIC,Active,2025-09-18,-29.99
MEMBER-07418,Manuel Torres,manuel.torres@gmail.com,(702)812-9907,BASIC,Frozen,2024-12-13,59.99
MEMBER-07419,Richard Gutierrez,richard.gutierrez@hotmail.com,771.722.9070x028,Basic,Frozen,2026-02-03,29.99
MEMBER-07420,Wayne Colon,wayne.colon@gmail.com,585.516.0190,Basic,Active,2025-01-09,99.99
MEMBER-07421,Jacqueline Davis,jacqueline.davis@hotmail.com,966.364.1634x230,,Cancelled,2024-12-24,29.99
MEMBER-07422,Sharon Manning,sharon.manning@yahoo.com,(844)388-0873x612,VIP,Active,2025-02-11,59.99
MEMBER-07423,Jennifer Salinas,jennifer.salinas@hotmail.com,733.950.4936x77763,BASIC,Active,2026-07-04,29.99
MEMBER-07424,Tara Kim,tara.kim@yahoo.com,5566141892,BASIC,Active,2024-11-15,59.99
MEMBER-07425,Crystal Jones,crystal.jones@hotmail.com,001-562-999-2842x50876,BASIC,Frozen,2026-06-13,29.99
MEMBER-07426,Nancy Davis,nancy.davis@hotmail.com,903-638-9280,BASIC,Active,2024-12-31,59.99
MEMBER-07427,Claudia Gamble,claudia.gamble@gmail.com,001-324-851-9917x393,Basic,Active,2025-12-18,29.99
MEMBER-07428,Stephen Haynes,stephen.haynes@yahoo.com,+1-462-679-8877x90918,BASIC,Cancelled,2026-03-06,-29.99
MEMBER-07429,Becky Johnson,becky.johnson@yahoo.com,(953)436-3301x9965,Premium,Cancelled,2025-05-17,-29.99
MEMBER-07430,Melissa Barnes,melissa.barnes@yahoo.com,368-785-0162x614,,Cancelled,2025-01-08,99.99
MEMBER-07431,Jasmine Wright,jasmine.wright@hotmail.com,6224517509,VIP,Frozen,2025-01-08,29.99
MEMBER-07432,Christopher Mooney,christopher.mooney@gmail.com,274-445-5009x86191,Basic,Active,2025-05-27,59.99
MEMBER-07433,Kerri Donovan,kerri.donovan@gmail.com,777-479-0554x96015,,Frozen,2025-10-15,59.99
MEMBER-07434,Rachel Johnson,rachel.johnson@hotmail.com,+1-774-633-3565,BASIC,Frozen,2026-09-18,29.99
MEMBER-07435,Deanna Ryan,deanna.ryan@yahoo.com,(555)741-3260x494,Basic,Active,2025-01-23,29.99
MEMBER-07436,Christine Wright,christine.wright@hotmail.com,461-815-2727x73820,BASIC,Active,2026-07-15,-29.99
MEMBER-07437,Jonathan Owens,jonathan.owens@yahoo.com,(258)203-9858x720,Basic,Cancelled,2024-09-30,-29.99
MEMBER-07438,Nancy Harris,nancy.harris@hotmail.com,314-632-3535x5755,BASIC,Active,2026-04-25,59.99
MEMBER-07439,Donald Smith,donald.smith@gmail.com,883.237.9084,Basic,Active,2025-12-24,59.99
MEMBER-07440,Jacqueline Colon,jacqueline.colon@hotmail.com,(975)884-5769x41586,Basic,Cancelled,2026-06-05,29.99
MEMBER-07441,Michael Garcia,michael.garcia@gmail.com,+1-671-718-1298x7169,BASIC,Active,2026-06-29,59.99
MEMBER-07442,Matthew Colon,matthew.colon@yahoo.com,+1-212-944-3222,BASIC,Cancelled,2025-09-11,99.99
MEMBER-07443,Elizabeth Carter,elizabeth.carter@hotmail.com,001-629-469-3472x150,VIP,Frozen,2024-12-21,59.99
MEMBER-07444,Jon Jones,jon.jones@gmail.com,001-909-273-5200x06333,VIP,Active,2024-11-09,59.99
MEMBER-07445,Madison Williams,madison.williams@yahoo.com,001-601-731-9850,VIP,Frozen,2025-01-12,-29.99
MEMBER-07446,Lauren Mcbride,lauren.mcbride@hotmail.com,+1-661-887-4185x19547,Basic,Active,2025-11-09,59.99
MEMBER-07447,Joseph Wright,joseph.wright@gmail.com,450.498.7104x2883,Basic,Frozen,2025-02-06,59.99
MEMBER-07448,Joanna Yates,joanna.yates@yahoo.com,+1-372-403-3482x8991,VIP,Cancelled,2025-10-07,99.99
MEMBER-07449,Samuel Mooney,samuel.mooney@gmail.com,(646)601-9308,Premium,Active,2026-03-04,29.99
MEMBER-07450,Steven Miles,steven.miles@hotmail.com,452-525-3614x7684,,Active,2026-04-11,59.99
MEMBER-07451,Amanda Pierce,amanda.pierce@gmail.com,001-715-443-3470x52434,Premium,Active,2026-03-15,99.99
MEMBER-07452,Brandy Ruiz,brandy.ruiz@yahoo.com,521.518.5133,Premium,Active,2025-04-15,59.99
MEMBER-07453,Melissa Gonzalez,melissa.gonzalez@yahoo.com,845.337.4834x48345,,Frozen,2026-01-18,-29.99
MEMBER-07454,Lance Dodson,lance.dodson@gmail.com,773.207.2102x69894,BASIC,Active,2026-07-29,59.99
MEMBER-07455,Parker Watson,parker.watson@yahoo.com,001-805-976-8534x434,,Active,2025-04-09,-29.99
MEMBER-07456,Andrea Davidson,andrea.davidson@gmail.com,(625)996-2561,Basic,Cancelled,2025-07-28,99.99
MEMBER-07457,Katherine Robertson,katherine.robertson@hotmail.com,(549)582-6775,Premium,Active,2025-12-14,99.99
MEMBER-07458,James Ball,james.ball@gmail.com,+1-944-664-7911x42464,Premium,Frozen,2024-10-25,29.99
MEMBER-07459,Brian Floyd,brian.floyd@yahoo.com,(816)218-4648x70707,VIP,Frozen,2025-11-11,59.99
MEMBER-07460,Nathaniel Riggs,nathaniel.riggs@gmail.com,329.262.3409,BASIC,Frozen,2025-04-17,29.99
MEMBER-07461,Reginald Dunlap,reginald.dunlap@hotmail.com,850.565.0943x10604,,Active,2025-06-21,99.99
MEMBER-07462,Timothy Allen,timothy.allen@yahoo.com,796.346.9009x478,VIP,Active,2024-12-11,59.99
MEMBER-07463,Jeffery Long,jeffery.long@yahoo.com,(426)509-3331x7361,BASIC,Frozen,2025-10-08,59.99
MEMBER-07464,Sean Vasquez,sean.vasquez@yahoo.com,001-418-572-2497x9584,Basic,Frozen,2025-11-06,-29.99
MEMBER-07465,Jennifer Harris,jennifer.harris@yahoo.com,(775)343-0053x6854,BASIC,Cancelled,2025-02-15,99.99
MEMBER-07466,Natalie Richards,natalie.richards@yahoo.com,724.583.0375x975,VIP,Active,2026-01-26,-29.99
MEMBER-07467,Juan Thomas,juan.thomas@gmail.com,(391)640-3722,Premium,Cancelled,2025-07-27,59.99
MEMBER-07468,Steven Rivera,steven.rivera@yahoo.com,365.534.6932x89828,Premium,Active,2025-07-24,29.99
MEMBER-07469,William Perez,william.perez@yahoo.com,528-908-4754x01726,BASIC,Active,2024-10-09,-29.99
MEMBER-07470,Heather Wall,heather.wall@hotmail.com,811.837.4959,,Active,2026-03-07,99.99
MEMBER-07471,Eric Roberts,eric.roberts@gmail.com,001-344-799-5967x7616,,Active,2024-11-06,59.99
MEMBER-07472,Jason Fritz,jason.fritz@hotmail.com,(821)397-2456x710,VIP,Frozen,2025-06-30,-29.99
MEMBER-07473,Brian Romero,brian.romero@hotmail.com,(317)889-0709,Premium,Cancelled,2024-11-06,29.99
MEMBER-07474,Johnny Davidson,johnny.davidson@yahoo.com,846.410.8280x8102,VIP,Cancelled,2026-02-19,-29.99
MEMBER-07475,Nicholas Gutierrez,nicholas.gutierrez@hotmail.com,(295)403-9820,Premium,Cancelled,2025-11-07,-29.99
MEMBER-07476,Larry Young,larry.young@hotmail.com,520.547.1324,,Cancelled,2026-04-24,29.99
MEMBER-07477,Ray Russell,ray.russell@yahoo.com,(692)970-6042x56120,BASIC,Active,2024-12-06,-29.99
MEMBER-07478,Stephen Lynn,stephen.lynn@yahoo.com,4335944540,Basic,Active,2025-10-02,-29.99
MEMBER-07479,Eric Lee,eric.lee@hotmail.com,928.421.8019x428,Premium,Cancelled,2025-08-26,99.99
MEMBER-07480,Stephanie Hawkins,stephanie.hawkins@hotmail.com,(522)288-2049x776,BASIC,Cancelled,2024-12-30,59.99
MEMBER-07481,Jeremy Schroeder,jeremy.schroeder@hotmail.com,865-684-1069x227,Premium,Frozen,2024-12-03,-29.99
MEMBER-07482,Barbara Mccall,barbara.mccall@hotmail.com,919-308-7813,BASIC,Active,2025-07-30,-29.99
MEMBER-07483,Alexis Mendoza,alexis.mendoza@gmail.com,001-305-711-4960x7836,BASIC,Cancelled,2025-12-25,99.99
MEMBER-07484,Marcus Kline,marcus.kline@hotmail.com,521.241.2749x25714,BASIC,Active,2025-06-12,99.99
MEMBER-07485,Susan Burgess,susan.burgess@gmail.com,001-944-956-6739x419,Basic,Cancelled,2024-10-06,99.99
MEMBER-07486,Jeremy Anderson,jeremy.anderson@gmail.com,710.267.9517x8712,,Cancelled,2024-12-03,29.99
MEMBER-07487,Austin Bryant,austin.bryant@gmail.com,756-767-6845x3811,,Frozen,2026-03-10,59.99
MEMBER-07488,Shane Reynolds,shane.reynolds@yahoo.com,(810)711-9620,Basic,Frozen,2024-10-06,59.99
MEMBER-07489,Susan Greene,susan.greene@yahoo.com,728-684-9640,,Cancelled,2025-02-24,29.99
MEMBER-07490,David Cabrera,david.cabrera@yahoo.com,894.464.9177x31630,Premium,Cancelled,2026-09-17,-29.99
MEMBER-07491,Valerie Torres,valerie.torres@gmail.com,(892)620-1453,Basic,Active,2025-06-14,29.99
MEMBER-07492,Megan Rowland,megan.rowland@gmail.com,001-954-736-4448x9124,Basic,Frozen,2025-04-03,99.99
MEMBER-07493,Arthur Taylor,arthur.taylor@hotmail.com,+1-626-944-9760x11046,Basic,Active,2026-06-03,-29.99
MEMBER-07494,Donald Oconnor,donald.oconnor@gmail.com,9795559149,Premium,Active,2025-02-10,99.99
MEMBER-07495,Pamela Lin,pamela.lin@gmail.com,+1-916-852-0090x490,Premium,Active,2026-04-16,99.99
MEMBER-07496,Russell Johnson,russell.johnson@gmail.com,(447)305-6806x6400,,Active,2026-09-09,59.99
MEMBER-07497,Jessica Logan,jessica.logan@hotmail.com,001-486-442-3645x56254,VIP,Active,2025-07-29,29.99
MEMBER-07498,Michael Kent,michael.kent@gmail.com,(530)744-1672x84945,Premium,Active,2026-02-06,99.99
MEMBER-07499,Derek Rivera,derek.rivera@hotmail.com,001-210-836-9162x8875,Premium,Active,2026-07-25,59.99
MEMBER-07500,Michael Anthony,michael.anthony@yahoo.com,(998)759-2329,Basic,Active,2026-04-27,99.99
MEMBER-07501,Tonya Smith,tonya.smith@gmail.com,001-610-869-7436,BASIC,Frozen,2025-09-19,59.99
MEMBER-07502,Travis Lowery,travis.lowery@gmail.com,396-783-2408x21813,Premium,Frozen,2024-12-03,29.99
MEMBER-07503,Michael Hammond,michael.hammond@hotmail.com,574-428-8100x639,VIP,Cancelled,2024-11-02,29.99
MEMBER-07504,Christopher Crane,christopher.crane@yahoo.com,760.323.4315x7594,,Cancelled,2024-11-30,59.99
MEMBER-07505,Savannah Nelson,savannah.nelson@gmail.com,(906)807-7131x3143,VIP,Cancelled,2025-03-11,29.99
MEMBER-07506,Sabrina Martinez,sabrina.martinez@yahoo.com,001-533-372-5926x6750,,Active,2025-06-05,-29.99
MEMBER-07507,Christopher Walker,christopher.walker@gmail.com,001-576-672-0007x3272,BASIC,Active,2025-01-02,99.99
MEMBER-07508,Hailey Johnson,hailey.johnson@gmail.com,4959124741,,Active,2025-06-14,59.99
MEMBER-07509,Jacqueline Young,jacqueline.young@yahoo.com,+1-942-569-9984x5083,,Active,2026-02-02,99.99
MEMBER-07510,Cynthia Ramos,cynthia.ramos@hotmail.com,+1-695-260-9247,BASIC,Cancelled,2024-12-17,29.99
MEMBER-07511,Andrew Hill,andrew.hill@gmail.com,6216585365,Basic,Active,2025-03-08,99.99
MEMBER-07512,Martin Castaneda,martin.castaneda@gmail.com,+1-365-939-7642x234,Premium,Active,2025-04-14,-29.99
MEMBER-07513,Kathleen Knight,kathleen.knight@gmail.com,361-614-3393,,Active,2026-05-28,-29.99
MEMBER-07514,Elizabeth Robinson,elizabeth.robinson@gmail.com,001-883-588-5342,Basic,Active,2024-10-22,99.99
MEMBER-07515,Christopher Wallace,christopher.wallace@yahoo.com,001-240-590-5969,BASIC,Cancelled,2026-06-03,99.99
MEMBER-07516,Tara Stevens,tara.stevens@gmail.com,001-390-376-8384x1236,Basic,Frozen,2024-12-23,59.99
MEMBER-07517,Lisa Jordan,lisa.jordan@hotmail.com,793.880.6190x1552,VIP,Active,2025-05-21,99.99
MEMBER-07518,Carol Goodman,carol.goodman@yahoo.com,(774)788-5442x13170,Basic,Cancelled,2025-03-16,99.99
MEMBER-07519,Paul Goodwin,paul.goodwin@yahoo.com,276.223.0503x0510,Premium,Active,2024-11-24,59.99
MEMBER-07520,Alexander Olsen,alexander.olsen@gmail.com,832-558-1396x33177,BASIC,Frozen,2025-04-01,-29.99
MEMBER-07521,Christopher Sims,christopher.sims@hotmail.com,246-483-8819,Basic,Active,2026-07-15,29.99
MEMBER-07522,Michael Mitchell,michael.mitchell@hotmail.com,+1-430-462-1739,BASIC,Active,2025-03-26,-29.99
MEMBER-07523,Benjamin Zamora,benjamin.zamora@gmail.com,879.324.1170x3848,Premium,Cancelled,2025-10-07,29.99
MEMBER-07524,Jonathan Floyd,jonathan.floyd@hotmail.com,001-614-352-5203x193,BASIC,Frozen,2026-06-20,29.99
MEMBER-07525,Mary Bell,mary.bell@hotmail.com,388-901-7647,Premium,Active,2026-01-06,29.99
MEMBER-07526,Kristen Dominguez,kristen.dominguez@yahoo.com,705-491-4987x355,,Cancelled,2025-01-05,29.99
MEMBER-07527,Erin White,erin.white@yahoo.com,225-832-4223x2069,Premium,Frozen,2025-11-10,29.99
MEMBER-07528,Ronald Smith,ronald.smith@gmail.com,650.390.3018x62028,,Cancelled,2025-11-16,-29.99
MEMBER-07529,Lisa Colon,lisa.colon@gmail.com,001-981-418-8726x99276,Premium,Cancelled,2025-07-29,-29.99
MEMBER-07530,Joseph Shannon,joseph.shannon@gmail.com,001-388-336-9563x37144,Basic,Cancelled,2026-03-14,99.99
MEMBER-07531,Sheri Cantrell,sheri.cantrell@hotmail.com,565-893-0052x33844,Premium,Frozen,2025-03-20,99.99
MEMBER-07532,Jennifer King,jennifer.king@hotmail.com,941-867-6450,VIP,Active,2025-04-21,99.99
MEMBER-07533,Brandon Gibson,brandon.gibson@yahoo.com,374.371.4227x244,,Active,2026-01-19,99.99
MEMBER-07534,Angela Gray,angela.gray@gmail.com,9817365946,BASIC,Active,2025-10-05,29.99
MEMBER-07535,Jason Finley,jason.finley@yahoo.com,+1-340-592-7051x41716,BASIC,Active,2025-01-10,59.99
MEMBER-07536,Sarah Lynch,sarah.lynch@hotmail.com,4696070024,Premium,Frozen,2025-06-05,29.99
MEMBER-07537,Carol Murillo,carol.murillo@hotmail.com,778-550-6315x8628,Basic,Active,2025-02-02,-29.99
MEMBER-07538,Holly Lewis,holly.lewis@gmail.com,001-416-444-6776,VIP,Active,2025-04-08,29.99
MEMBER-07539,Bernard Edwards,bernard.edwards@hotmail.com,521-420-2853x3380,BASIC,Active,2025-04-19,99.99
MEMBER-07540,Elizabeth Barber,elizabeth.barber@gmail.com,846-462-9997x88316,Basic,Active,2026-04-14,59.99
MEMBER-07541,Glenn Bailey,glenn.bailey@hotmail.com,001-660-548-8577x8408,Premium,Frozen,2025-06-19,29.99
MEMBER-07542,Darryl Miller,darryl.miller@gmail.com,+1-492-495-9895x679,VIP,Frozen,2026-07-02,-29.99
MEMBER-07543,Timothy Johnson,timothy.johnson@hotmail.com,9867600540,Premium,Frozen,2026-05-19,29.99
MEMBER-07544,Shane Doyle,shane.doyle@yahoo.com,001-461-412-8692,,Active,2025-01-26,99.99
MEMBER-07545,Anthony Carter,anthony.carter@hotmail.com,(857)978-9827,,Active,2025-10-11,99.99
MEMBER-07546,Lisa West,lisa.west@yahoo.com,7687174063,VIP,Active,2025-01-08,29.99
MEMBER-07547,Lori Parker,lori.parker@gmail.com,314-711-7705x9136,VIP,Active,2025-07-20,99.99
MEMBER-07548,Jacqueline White,jacqueline.white@gmail.com,986-411-4516,VIP,Active,2026-07-25,99.99
MEMBER-07549,Patrick Taylor,patrick.taylor@yahoo.com,+1-661-463-5023x231,Premium,Active,2025-01-22,-29.99
MEMBER-07550,James Evans,james.evans@gmail.com,+1-514-296-0914x4785,Basic,Active,2026-05-03,-29.99
MEMBER-07551,Leslie Ellis,leslie.ellis@yahoo.com,613-332-8348,Basic,Active,2024-10-01,99.99
MEMBER-07552,Beverly Gaines,beverly.gaines@yahoo.com,001-518-648-2018x56545,Basic,Cancelled,2025-01-28,29.99
MEMBER-07553,Ronald Pearson,ronald.pearson@yahoo.com,001-503-346-2824x4668,VIP,Frozen,2026-09-25,99.99
MEMBER-07554,Jill Phelps,jill.phelps@gmail.com,+1-611-336-9314x2773,Basic,Frozen,2024-09-30,29.99
MEMBER-07555,Michele Baxter,michele.baxter@gmail.com,621-832-9972x6793,Premium,Cancelled,2025-11-26,59.99
MEMBER-07556,Christopher Sutton,christopher.sutton@yahoo.com,+1-231-800-2298x396,Basic,Active,2025-06-18,59.99
MEMBER-07557,Melissa York,melissa.york@hotmail.com,433-682-2449,,Active,2026-09-22,-29.99
MEMBER-07558,Kyle Raymond,kyle.raymond@yahoo.com,+1-491-898-4636x3756,Premium,Active,2026-02-13,59.99
MEMBER-07559,Chris Rodriguez,chris.rodriguez@gmail.com,(921)717-8643x44772,,Frozen,2026-01-25,-29.99
MEMBER-07560,Dylan Mann,dylan.mann@hotmail.com,836.737.9230x137,VIP,Active,2025-12-02,-29.99
MEMBER-07561,Sheila Hernandez,sheila.hernandez@gmail.com,(534)423-6446x011,,Active,2025-04-07,59.99
MEMBER-07562,Mark Decker,mark.decker@gmail.com,235-412-4859,BASIC,Frozen,2026-08-15,59.99
MEMBER-07563,Stephen Sims,stephen.sims@hotmail.com,(476)470-8694x20680,,Frozen,2025-11-01,29.99
MEMBER-07564,Timothy Smith,timothy.smith@gmail.com,3314653933,BASIC,Frozen,2024-12-01,-29.99
MEMBER-07565,Robert Garza,robert.garza@gmail.com,+1-688-953-2088x8457,,Cancelled,2024-11-06,59.99
MEMBER-07566,Paul Smith,paul.smith@yahoo.com,7064862737,Premium,Frozen,2024-09-26,-29.99
MEMBER-07567,Sarah Mosley,sarah.mosley@hotmail.com,7646136797,Premium,Cancelled,2024-11-10,29.99
MEMBER-07568,Michelle Lee,michelle.lee@hotmail.com,409-667-9495x936,Premium,Active,2026-02-06,99.99
MEMBER-07569,Sheri Roberts,sheri.roberts@gmail.com,780-821-3092,VIP,Active,2025-08-31,29.99
MEMBER-07570,Rose Trevino,rose.trevino@yahoo.com,001-231-574-4386x073,BASIC,Active,2024-12-24,29.99
MEMBER-07571,Rebecca Graham,rebecca.graham@hotmail.com,001-559-411-8996x18483,,Active,2025-10-18,29.99
MEMBER-07572,Brianna Hardin,brianna.hardin@yahoo.com,+1-730-806-6533,,Cancelled,2026-02-22,29.99
MEMBER-07573,Thomas Moore,thomas.moore@gmail.com,+1-339-388-9240,Basic,Active,2024-12-11,99.99
MEMBER-07574,Julie Powell,julie.powell@hotmail.com,645-530-9965,Premium,Active,2024-12-08,29.99
MEMBER-07575,Jennifer Flores,jennifer.flores@hotmail.com,2572769850,Premium,Cancelled,2025-09-18,-29.99
MEMBER-07576,James Francis,james.francis@hotmail.com,8078401236,BASIC,Active,2026-07-14,29.99
MEMBER-07577,Kevin Campos,kevin.campos@hotmail.com,(875)382-0636,VIP,Frozen,2025-10-16,99.99
MEMBER-07578,Charles West,charles.west@hotmail.com,001-546-852-9904,,Active,2026-03-31,99.99
MEMBER-07579,Kristin Hawkins,kristin.hawkins@gmail.com,8615756987,Premium,Active,2025-08-03,59.99
MEMBER-07580,Scott Williams,scott.williams@gmail.com,713-734-4537x6077,Premium,Active,2026-05-31,29.99
MEMBER-07581,Rodney Hernandez,rodney.hernandez@hotmail.com,(737)952-7797,,Active,2024-10-01,29.99
MEMBER-07582,Ryan Strickland,ryan.strickland@hotmail.com,932-802-3755,VIP,Active,2026-05-09,59.99
MEMBER-07583,Judy Hughes,judy.hughes@gmail.com,421.398.2198x396,Premium,Active,2025-08-28,99.99
MEMBER-07584,Matthew Marquez,matthew.marquez@yahoo.com,489.388.3375x76118,Premium,Active,2026-03-06,29.99
MEMBER-07585,Michelle Smith,michelle.smith@yahoo.com,+1-878-315-3825x534,BASIC,Active,2026-01-30,99.99
MEMBER-07586,Ryan Nguyen,ryan.nguyen@gmail.com,340-825-2045x79474,VIP,Frozen,2026-09-25,99.99
MEMBER-07587,John Davis,john.davis@gmail.com,001-567-617-8454,BASIC,Active,2025-05-06,59.99
MEMBER-07588,Kyle Landry,kyle.landry@yahoo.com,(643)435-4484,Premium,Active,2025-03-24,-29.99
MEMBER-07589,Rachel Johnson,rachel.johnson@hotmail.com,(587)898-5267,Basic,Frozen,2026-08-25,-29.99
MEMBER-07590,Ashley Hernandez,ashley.hernandez@yahoo.com,(598)597-1340,Basic,Frozen,2025-06-24,59.99
MEMBER-07591,Cheryl Chambers,cheryl.chambers@hotmail.com,(398)642-7557,,Frozen,2026-06-25,-29.99
MEMBER-07592,Cheryl Khan,cheryl.khan@gmail.com,(899)825-9834,BASIC,Active,2025-05-11,-29.99
MEMBER-07593,Ann Grimes,ann.grimes@hotmail.com,(413)993-0272x860,Premium,Active,2026-07-24,59.99
MEMBER-07594,Patricia Lopez,patricia.lopez@yahoo.com,763-399-9891x6190,Premium,Frozen,2024-12-31,-29.99
MEMBER-07595,James Allen,james.allen@hotmail.com,001-374-330-1043,Basic,Frozen,2025-01-15,59.99
MEMBER-07596,Tammy Neal,tammy.neal@hotmail.com,4888375970,Basic,Cancelled,2025-02-27,-29.99
MEMBER-07597,Michael Lewis,michael.lewis@yahoo.com,001-617-875-0139x63772,Basic,Frozen,2025-06-07,29.99
MEMBER-07598,Brandon Gonzales,brandon.gonzales@yahoo.com,661.240.7252,Premium,Frozen,2026-01-26,-29.99
MEMBER-07599,Amanda Martin,amanda.martin@yahoo.com,569-595-1535,,Active,2026-03-17,29.99
MEMBER-07600,Angela Mahoney,angela.mahoney@yahoo.com,641.438.4177x4118,Premium,Active,2026-03-06,-29.99
MEMBER-07601,Alexandra Bryant,alexandra.bryant@yahoo.com,482.248.7753,Basic,Frozen,2026-01-17,29.99
MEMBER-07602,Kristen Williams,kristen.williams@yahoo.com,797-281-4718,BASIC,Cancelled,2025-10-05,29.99
MEMBER-07603,Scott Parker,scott.parker@gmail.com,(850)762-7370,BASIC,Active,2025-05-05,59.99
MEMBER-07604,Andrew Downs,andrew.downs@yahoo.com,645-353-7313x3228,BASIC,Active,2025-01-26,99.99
MEMBER-07605,Christina Francis,christina.francis@yahoo.com,001-465-335-4748x8470,Basic,Cancelled,2026-03-13,29.99
MEMBER-07606,Destiny Kennedy,destiny.kennedy@gmail.com,001-327-215-8111x277,BASIC,Frozen,2025-10-02,29.99
MEMBER-07607,Brian Logan,brian.logan@yahoo.com,001-314-462-8111x8796,,Active,2024-09-29,29.99
MEMBER-07608,Amanda Vega,amanda.vega@gmail.com,802-764-3915,Premium,Active,2026-05-23,29.99
MEMBER-07609,Brandon Pitts,brandon.pitts@yahoo.com,001-907-297-7485x4501,Premium,Active,2026-05-13,59.99
MEMBER-07610,Wendy Lucas,wendy.lucas@yahoo.com,001-934-894-6827,Basic,Cancelled,2025-07-04,99.99
MEMBER-07611,Jose Odom,jose.odom@hotmail.com,383-407-9365,Premium,Active,2026-03-14,99.99
MEMBER-07612,Timothy Armstrong,timothy.armstrong@hotmail.com,885-744-6255x635,VIP,Cancelled,2025-06-29,59.99
MEMBER-07613,Amanda Campbell,amanda.campbell@gmail.com,(820)496-7337x338,BASIC,Frozen,2024-11-30,-29.99
MEMBER-07614,Daniel Morgan,daniel.morgan@yahoo.com,+1-915-534-4447x033,,Frozen,2024-10-06,59.99
MEMBER-07615,Mario Moore,mario.moore@yahoo.com,(834)481-3505,Basic,Cancelled,2025-08-09,-29.99
MEMBER-07616,Denise Lee,denise.lee@gmail.com,+1-220-270-6720,Basic,Active,2025-09-16,-29.99
MEMBER-07617,Andrea Reyes,andrea.reyes@hotmail.com,410-794-8370,Basic,Cancelled,2025-01-27,-29.99
MEMBER-07618,Daniel Thompson,daniel.thompson@gmail.com,(492)614-6558x266,VIP,Active,2026-09-22,99.99
MEMBER-07619,Shaun Walker,shaun.walker@gmail.com,(782)339-2409,VIP,Frozen,2025-04-11,99.99
MEMBER-07620,John Hughes,john.hughes@yahoo.com,001-513-644-0496,,Cancelled,2024-12-23,29.99
MEMBER-07621,Jennifer Powell,jennifer.powell@hotmail.com,+1-466-276-3445,VIP,Frozen,2026-03-03,99.99
MEMBER-07622,Anita Edwards,anita.edwards@yahoo.com,324-776-8713,VIP,Frozen,2025-12-14,59.99
MEMBER-07623,Antonio Day,antonio.day@yahoo.com,(429)846-3677x2722,,Active,2026-03-08,29.99
MEMBER-07624,Margaret Gilbert,margaret.gilbert@hotmail.com,(383)308-5067x2090,,Active,2026-01-01,29.99
MEMBER-07625,Lisa Bernard,lisa.bernard@gmail.com,001-437-343-9924x830,,Active,2024-10-01,99.99
MEMBER-07626,Alisha Black,alisha.black@gmail.com,648-855-9663x3387,VIP,Cancelled,2026-01-11,99.99
MEMBER-07627,Kimberly Wilson,kimberly.wilson@hotmail.com,803.315.8425,VIP,Frozen,2026-07-31,-29.99
MEMBER-07628,Monique Hernandez,monique.hernandez@hotmail.com,983.211.5924,BASIC,Cancelled,2026-05-05,59.99
MEMBER-07629,Marissa Nguyen,marissa.nguyen@hotmail.com,6723854789,,Frozen,2024-10-15,59.99
MEMBER-07630,Molly Olson,molly.olson@gmail.com,+1-471-830-6667x981,Basic,Active,2025-09-26,-29.99
MEMBER-07631,Maurice Obrien,maurice.obrien@hotmail.com,+1-922-997-1608,Basic,Frozen,2025-07-23,-29.99
MEMBER-07632,Vanessa Kim,vanessa.kim@yahoo.com,+1-448-866-2998x18158,BASIC,Active,2026-06-30,59.99
MEMBER-07633,Carolyn Carter,carolyn.carter@hotmail.com,001-935-994-1090x837,BASIC,Active,2025-06-01,-29.99
MEMBER-07634,Marcus Landry,marcus.landry@hotmail.com,+1-539-468-3309x335,Premium,Frozen,2025-12-14,-29.99
MEMBER-07635,Dana Garcia,dana.garcia@gmail.com,001-517-253-3738,Basic,Active,2026-02-12,29.99
MEMBER-07636,April Snyder,april.snyder@yahoo.com,001-712-477-8157x5920,VIP,Active,2026-09-01,59.99
MEMBER-07637,Brian Vasquez,brian.vasquez@gmail.com,(232)596-1251,BASIC,Active,2024-11-21,29.99
MEMBER-07638,Richard Wall,richard.wall@hotmail.com,(818)890-7877x19858,Premium,Cancelled,2024-11-23,99.99
MEMBER-07639,Nicholas Juarez,nicholas.juarez@hotmail.com,755-905-9550x176,Basic,Frozen,2025-10-26,99.99
MEMBER-07640,Hannah Schultz,hannah.schultz@yahoo.com,001-999-679-3687x28788,Basic,Active,2025-07-20,99.99
MEMBER-07641,Kenneth Wright,kenneth.wright@gmail.com,318.894.0567x6477,Premium,Active,2024-12-06,29.99
MEMBER-07642,Lee Perez,lee.perez@gmail.com,(994)767-5625x528,BASIC,Cancelled,2025-02-18,29.99
MEMBER-07643,Emily Wilkerson,emily.wilkerson@hotmail.com,987.347.3264x3534,BASIC,Active,2026-06-15,29.99
MEMBER-07644,Julia Olson,julia.olson@hotmail.com,551-312-4635,VIP,Active,2025-04-10,29.99
MEMBER-07645,Jennifer Le,jennifer.le@gmail.com,+1-542-349-9317x80013,VIP,Active,2025-07-03,29.99
MEMBER-07646,Catherine Norton,catherine.norton@gmail.com,(468)444-8117x91720,VIP,Cancelled,2025-10-07,59.99
MEMBER-07647,Melissa Mccoy,melissa.mccoy@yahoo.com,001-760-424-5038,VIP,Frozen,2024-10-30,29.99
MEMBER-07648,Scott Hunt,scott.hunt@gmail.com,(364)333-5705,Premium,Cancelled,2025-06-02,99.99
MEMBER-07649,Jessica Mejia,jessica.mejia@gmail.com,219.737.2907,VIP,Active,2026-06-11,99.99
MEMBER-07650,Anna Johnson,anna.johnson@gmail.com,(841)585-9033x20237,Basic,Active,2024-09-29,99.99
MEMBER-07651,Daniel White,daniel.white@gmail.com,+1-217-973-4884x9540,VIP,Cancelled,2024-12-15,29.99
MEMBER-07652,Matthew Hill,matthew.hill@gmail.com,(404)274-4107x509,VIP,Active,2025-08-09,29.99
MEMBER-07653,Mary Bowers,mary.bowers@yahoo.com,2752277620,VIP,Active,2026-06-10,29.99
MEMBER-07654,Bryan Reyes,bryan.reyes@hotmail.com,+1-902-774-6449x18762,,Active,2026-05-14,-29.99
MEMBER-07655,Melissa Davis,melissa.davis@hotmail.com,+1-838-844-6376,BASIC,Frozen,2026-08-29,-29.99
MEMBER-07656,Jay Wilson,jay.wilson@gmail.com,944-677-5204,,Cancelled,2026-04-14,-29.99
MEMBER-07657,Sophia Williams,sophia.williams@gmail.com,526-844-8769x6476,VIP,Active,2025-01-09,29.99
MEMBER-07658,Sarah Marsh,sarah.marsh@yahoo.com,541-724-6765,,Cancelled,2025-11-15,59.99
MEMBER-07659,Brianna Warren,brianna.warren@hotmail.com,6254404378,VIP,Active,2024-09-30,99.99
MEMBER-07660,Samuel Williams,samuel.williams@hotmail.com,583.362.6745x536,,Active,2025-10-23,-29.99
MEMBER-07661,Donald Baker,donald.baker@gmail.com,(980)455-2611x433,,Active,2026-06-12,99.99
MEMBER-07662,Rachel Brooks,rachel.brooks@hotmail.com,+1-506-606-9725x827,BASIC,Active,2026-07-07,59.99
MEMBER-07663,Anthony Glass,anthony.glass@hotmail.com,(351)550-9131x820,Premium,Active,2026-09-08,-29.99
MEMBER-07664,Amanda Johnson,amanda.johnson@yahoo.com,(754)822-6957x5657,Basic,Frozen,2025-04-26,59.99
MEMBER-07665,Beth Joseph,beth.joseph@gmail.com,585-938-7376,Basic,Active,2026-01-12,59.99
MEMBER-07666,Troy Hunt,troy.hunt@yahoo.com,252.279.4097,Premium,Active,2025-11-20,99.99
MEMBER-07667,Jason Jackson,jason.jackson@yahoo.com,(743)545-3972x779,BASIC,Active,2025-04-01,59.99
MEMBER-07668,Gloria Solomon,gloria.solomon@gmail.com,(219)946-9781x4637,Premium,Cancelled,2026-04-05,59.99
MEMBER-07669,Elizabeth Mathis,elizabeth.mathis@yahoo.com,4616820908,,Active,2026-05-31,59.99
MEMBER-07670,Edwin Serrano,edwin.serrano@yahoo.com,+1-511-373-7123,Premium,Cancelled,2026-06-14,-29.99
MEMBER-07671,Zachary Meyer,zachary.meyer@yahoo.com,(919)990-5053x6642,VIP,Frozen,2025-04-26,29.99
MEMBER-07672,Lisa Martin,lisa.martin@yahoo.com,+1-222-499-5721x6018,Premium,Cancelled,2024-12-08,99.99
MEMBER-07673,Daniel Powers,daniel.powers@gmail.com,354.882.3630,Premium,Cancelled,2025-04-09,-29.99
MEMBER-07674,Douglas Reed,douglas.reed@hotmail.com,994.727.7563,BASIC,Active,2025-05-10,59.99
MEMBER-07675,Bradley Boyd,bradley.boyd@yahoo.com,(834)754-5651x46829,VIP,Cancelled,2026-09-24,-29.99
MEMBER-07676,Rhonda Cooper,rhonda.cooper@gmail.com,344.312.5779,BASIC,Cancelled,2025-12-08,59.99
MEMBER-07677,Jill Glover,jill.glover@yahoo.com,001-808-764-0259x770,Premium,Frozen,2026-09-13,59.99
MEMBER-07678,Adam Nguyen,adam.nguyen@hotmail.com,+1-485-694-1814x52731,Basic,Cancelled,2025-02-23,59.99
MEMBER-07679,Alyssa Livingston,alyssa.livingston@gmail.com,+1-845-442-1164x4681,Premium,Active,2025-07-24,29.99
MEMBER-07680,Jesus Watkins,jesus.watkins@gmail.com,+1-326-357-8525x31240,VIP,Active,2026-06-01,29.99
MEMBER-07681,David Martinez,david.martinez@yahoo.com,872.692.7618x93775,BASIC,Cancelled,2025-01-07,59.99
MEMBER-07682,Gabriel Rodriguez,gabriel.rodriguez@hotmail.com,001-593-367-5697,Premium,Frozen,2025-07-24,99.99
MEMBER-07683,Sarah Bryant,sarah.bryant@gmail.com,701-727-8410x467,Premium,Cancelled,2025-08-16,99.99
MEMBER-07684,Karen Davis,karen.davis@gmail.com,(419)613-2364x207,BASIC,Active,2024-10-29,59.99
MEMBER-07685,Courtney Green,courtney.green@yahoo.com,(347)373-1171x2518,,Active,2026-01-01,-29.99
MEMBER-07686,Brittany Hicks,brittany.hicks@hotmail.com,568.999.1862x431,VIP,Frozen,2026-08-03,29.99
MEMBER-07687,George Davis,george.davis@yahoo.com,571.550.0921x1019,VIP,Frozen,2026-01-14,99.99
MEMBER-07688,Juan Scott,juan.scott@gmail.com,+1-989-867-1425x47096,Premium,Active,2024-11-11,29.99
MEMBER-07689,Monica Hoffman,monica.hoffman@yahoo.com,+1-801-610-7379,BASIC,Frozen,2025-12-25,-29.99
MEMBER-07690,Lori Moore,lori.moore@yahoo.com,001-796-889-8286x2879,,Active,2025-03-27,59.99
MEMBER-07691,Kelli Anderson,kelli.anderson@gmail.com,001-390-659-8121,,Cancelled,2026-01-01,29.99
MEMBER-07692,Makayla Chandler,makayla.chandler@gmail.com,629-998-1194x412,Basic,Active,2025-02-02,-29.99
MEMBER-07693,Aaron Thomas,aaron.thomas@yahoo.com,+1-625-617-4446x36892,VIP,Cancelled,2025-06-08,59.99
MEMBER-07694,Eric Porter,eric.porter@hotmail.com,001-455-738-3342,Premium,Cancelled,2025-03-27,-29.99
MEMBER-07695,Gregory Delacruz,gregory.delacruz@yahoo.com,278-681-0524,Premium,Cancelled,2025-03-09,-29.99
MEMBER-07696,Sheri Stanley,sheri.stanley@yahoo.com,999.682.8868x4578,BASIC,Active,2025-02-07,-29.99
MEMBER-07697,Katie Kirby,katie.kirby@hotmail.com,001-280-214-8137x2932,Premium,Cancelled,2026-08-13,29.99
MEMBER-07698,Deborah Taylor,deborah.taylor@gmail.com,587.603.1398x167,BASIC,Active,2025-04-04,-29.99
MEMBER-07699,Natalie Bailey,natalie.bailey@hotmail.com,001-218-504-4874x18652,BASIC,Frozen,2025-06-15,-29.99
MEMBER-07700,Andrea Miller,andrea.miller@hotmail.com,(622)268-8084,Basic,Active,2026-06-30,29.99
MEMBER-07701,Matthew Gray,matthew.gray@yahoo.com,864.823.4892x33586,Premium,Frozen,2025-05-06,29.99
MEMBER-07702,Jordan Martinez,jordan.martinez@gmail.com,519.858.9667x66641,Premium,Active,2025-09-26,29.99
MEMBER-07703,Tracy Taylor,tracy.taylor@hotmail.com,+1-829-733-7240,VIP,Frozen,2026-09-26,59.99
MEMBER-07704,Haley Clay,haley.clay@hotmail.com,(672)476-9192x2995,,Frozen,2025-12-02,59.99
MEMBER-07705,Mindy Watkins,mindy.watkins@hotmail.com,537.297.8545x50922,VIP,Active,2026-06-18,29.99
MEMBER-07706,Dana Sanchez,dana.sanchez@gmail.com,414-749-2004x3573,BASIC,Frozen,2025-03-18,29.99
MEMBER-07707,Holly Schneider,holly.schneider@gmail.com,001-722-586-2885,Premium,Active,2025-04-20,99.99
MEMBER-07708,Cassandra Evans,cassandra.evans@hotmail.com,001-641-335-2966x41467,Basic,Active,2024-12-10,-29.99
MEMBER-07709,Amy Wang,amy.wang@yahoo.com,(986)415-3441x4399,VIP,Cancelled,2026-08-20,-29.99
MEMBER-07710,Christina Mcclain,christina.mcclain@yahoo.com,268.940.3714x179,BASIC,Active,2025-02-19,59.99
MEMBER-07711,Lauren Green,lauren.green@yahoo.com,(233)888-8704,VIP,Active,2024-11-16,-29.99
MEMBER-07712,Allen Moore,allen.moore@hotmail.com,001-982-517-7769x5644,Premium,Active,2026-06-29,29.99
MEMBER-07713,Brittany Johnson,brittany.johnson@yahoo.com,356.760.6404,Premium,Active,2025-03-12,59.99
MEMBER-07714,Ronnie Frost,ronnie.frost@hotmail.com,4497079154,,Frozen,2026-04-18,-29.99
MEMBER-07715,Ruth Yates,ruth.yates@hotmail.com,+1-871-349-7779x299,VIP,Active,2025-03-30,29.99
MEMBER-07716,Selena Allen,selena.allen@gmail.com,4919075624,VIP,Active,2025-06-22,99.99
MEMBER-07717,Barry Carter,barry.carter@hotmail.com,+1-970-520-8582,VIP,Active,2025-04-21,59.99
MEMBER-07718,Robert Powers,robert.powers@hotmail.com,(741)922-1653x36309,Basic,Cancelled,2025-10-20,-29.99
MEMBER-07719,Mark Rowe,mark.rowe@gmail.com,588.570.3053,,Frozen,2025-12-03,29.99
MEMBER-07720,Jessica Villanueva,jessica.villanueva@hotmail.com,421-604-9403,VIP,Active,2025-11-23,29.99
MEMBER-07721,Emily Howell,emily.howell@gmail.com,9565256120,,Frozen,2026-06-17,99.99
MEMBER-07722,James Lang,james.lang@gmail.com,440.465.7561x673,Basic,Frozen,2026-09-13,59.99
MEMBER-07723,Stephen Chandler,stephen.chandler@gmail.com,001-454-784-1130x233,Premium,Active,2026-05-26,-29.99
MEMBER-07724,Ashley Mayer,ashley.mayer@hotmail.com,288.319.1155x1925,VIP,Cancelled,2025-10-11,59.99
MEMBER-07725,David Jenkins,david.jenkins@hotmail.com,217-735-9272x57310,Premium,Cancelled,2025-06-05,99.99
MEMBER-07726,Joy Clark,joy.clark@hotmail.com,001-549-802-8099x567,BASIC,Active,2025-01-23,59.99
MEMBER-07727,Donna Garcia,donna.garcia@gmail.com,+1-593-515-1664x0641,Basic,Cancelled,2025-08-15,29.99
MEMBER-07728,Theresa Montgomery,theresa.montgomery@hotmail.com,827.443.5113x190,Basic,Frozen,2025-04-27,99.99
MEMBER-07729,Kyle Bruce,kyle.bruce@yahoo.com,473.981.7837,,Frozen,2026-01-29,59.99
MEMBER-07730,Brian Ramirez,brian.ramirez@gmail.com,+1-810-814-9380x0890,VIP,Active,2024-09-26,29.99
MEMBER-07731,Samantha Fuentes,samantha.fuentes@yahoo.com,+1-208-484-1361x05902,Basic,Cancelled,2025-04-20,-29.99
MEMBER-07732,Benjamin Aguilar,benjamin.aguilar@gmail.com,989-719-4679x65063,BASIC,Cancelled,2026-06-15,59.99
MEMBER-07733,Karen Moore,karen.moore@gmail.com,001-676-997-2106x54362,Premium,Frozen,2025-03-01,-29.99
MEMBER-07734,Joshua Cook,joshua.cook@yahoo.com,503-729-3423,VIP,Cancelled,2025-07-04,59.99
MEMBER-07735,Elizabeth Davis,elizabeth.davis@yahoo.com,(687)735-0358x15535,VIP,Active,2026-08-18,-29.99
MEMBER-07736,William Gonzales,william.gonzales@gmail.com,749-579-8592x255,,Active,2025-01-02,29.99
MEMBER-07737,Anna Stephens,anna.stephens@hotmail.com,001-766-790-1258x160,,Cancelled,2026-02-03,59.99
MEMBER-07738,Maria Adams,maria.adams@yahoo.com,765-558-8679x787,Premium,Active,2025-04-22,-29.99
MEMBER-07739,Brenda Estrada,brenda.estrada@gmail.com,+1-778-224-9043x493,Basic,Frozen,2025-02-07,99.99
MEMBER-07740,Gary Ryan,gary.ryan@hotmail.com,(641)586-3673x77935,Basic,Active,2024-10-09,29.99
MEMBER-07741,Tracy Sellers,tracy.sellers@gmail.com,+1-704-991-2412x8048,BASIC,Active,2025-11-06,59.99
MEMBER-07742,Kimberly Martinez,kimberly.martinez@hotmail.com,492.423.0752x658,VIP,Frozen,2026-02-17,-29.99
MEMBER-07743,Abigail Simmons,abigail.simmons@yahoo.com,+1-820-543-3622x14940,VIP,Active,2025-06-21,99.99
MEMBER-07744,David Johnson,david.johnson@yahoo.com,+1-668-572-0321,BASIC,Active,2026-03-02,99.99
MEMBER-07745,Michael Cook,michael.cook@yahoo.com,898-522-1672,,Active,2026-02-25,-29.99
MEMBER-07746,Edward Flores,edward.flores@gmail.com,(650)872-7180,,Frozen,2026-02-12,-29.99
MEMBER-07747,Lisa Orozco,lisa.orozco@hotmail.com,001-897-493-9828x025,Premium,Cancelled,2026-07-10,29.99
MEMBER-07748,Ricardo Perez,ricardo.perez@yahoo.com,(329)865-5817x4244,,Active,2025-07-07,59.99
MEMBER-07749,Tina Reyes,tina.reyes@hotmail.com,647-583-2624x9914,Premium,Active,2024-11-11,29.99
MEMBER-07750,Chris Fuentes,chris.fuentes@hotmail.com,663.664.7643x9057,Basic,Active,2025-06-21,59.99
MEMBER-07751,Anna Fields,anna.fields@gmail.com,533.964.1909,BASIC,Active,2024-09-28,-29.99
MEMBER-07752,John Cooper,john.cooper@gmail.com,306-811-2895,BASIC,Cancelled,2025-12-13,29.99
MEMBER-07753,Marie Boyd,marie.boyd@gmail.com,(386)747-2081x72223,Basic,Active,2026-04-29,99.99
MEMBER-07754,Nicholas Allison,nicholas.allison@yahoo.com,(632)681-2831,VIP,Frozen,2025-05-28,-29.99
MEMBER-07755,Summer Brock,summer.brock@hotmail.com,325-682-2649x7107,,Active,2025-02-10,99.99
MEMBER-07756,Darrell Fields,darrell.fields@hotmail.com,+1-815-420-9418x1847,VIP,Active,2024-12-18,-29.99
MEMBER-07757,William Johnson,william.johnson@yahoo.com,506.882.5753,VIP,Frozen,2025-06-19,99.99
MEMBER-07758,Jessica Patel,jessica.patel@hotmail.com,+1-866-521-9011x42747,BASIC,Frozen,2026-04-11,29.99
MEMBER-07759,Tony Klein,tony.klein@hotmail.com,001-724-993-2828x990,Premium,Frozen,2026-09-15,-29.99
MEMBER-07760,Johnny Clark,johnny.clark@yahoo.com,001-915-760-8725,BASIC,Frozen,2025-07-01,29.99
MEMBER-07761,Samantha Johnson,samantha.johnson@yahoo.com,001-410-745-2427x84819,Basic,Active,2026-02-13,-29.99
MEMBER-07762,Michael Bridges,michael.bridges@yahoo.com,949.797.2927,,Active,2026-07-13,99.99
MEMBER-07763,Keith Johnson,keith.johnson@yahoo.com,001-994-795-5723x25509,,Active,2025-03-05,59.99
MEMBER-07764,Elijah Navarro,elijah.navarro@gmail.com,494-620-9625x7735,VIP,Active,2026-08-02,99.99
MEMBER-07765,Christopher Rios,christopher.rios@gmail.com,001-859-886-6674x6919,Basic,Active,2025-02-26,-29.99
MEMBER-07766,Donna Mckenzie,donna.mckenzie@gmail.com,(488)286-2584,VIP,Frozen,2026-05-27,99.99
MEMBER-07767,Gregory Scott,gregory.scott@yahoo.com,922-499-1724x4014,Basic,Cancelled,2026-02-09,59.99
MEMBER-07768,Douglas Taylor,douglas.taylor@gmail.com,001-249-630-4598x1815,VIP,Frozen,2026-02-17,99.99
MEMBER-07769,Sherri Alvarez,sherri.alvarez@hotmail.com,634-961-8572,Basic,Active,2025-02-07,99.99
MEMBER-07770,Jeffrey Hansen,jeffrey.hansen@yahoo.com,+1-294-220-1631x5991,Basic,Cancelled,2025-08-11,59.99
MEMBER-07771,Michael Sutton,michael.sutton@hotmail.com,967-652-8977,Premium,Active,2025-06-28,-29.99
MEMBER-07772,Cody Brown,cody.brown@yahoo.com,916.547.0341x424,Basic,Cancelled,2026-03-01,99.99
MEMBER-07773,Cassidy Kelly,cassidy.kelly@yahoo.com,796-577-5594,BASIC,Active,2025-03-17,29.99
MEMBER-07774,Haley Smith,haley.smith@gmail.com,433-818-7535x702,BASIC,Active,2025-08-31,59.99
MEMBER-07775,Wesley Hickman,wesley.hickman@yahoo.com,001-743-847-0674x7169,BASIC,Cancelled,2026-02-12,29.99
MEMBER-07776,Andrea Rich,andrea.rich@gmail.com,477-385-0774,,Frozen,2025-06-09,99.99
MEMBER-07777,Paula Reynolds,paula.reynolds@gmail.com,+1-685-826-0823x007,Premium,Cancelled,2026-04-27,-29.99
MEMBER-07778,David Jackson,david.jackson@yahoo.com,8618424214,Basic,Cancelled,2025-06-26,29.99
MEMBER-07779,Kristina Shaffer,kristina.shaffer@hotmail.com,(822)226-1576,VIP,Active,2025-05-06,59.99
MEMBER-07780,Jennifer Malone,jennifer.malone@hotmail.com,(622)554-1709x408,Basic,Frozen,2026-04-30,29.99
MEMBER-07781,Drew Haynes,drew.haynes@yahoo.com,(331)295-3192,Premium,Frozen,2025-08-17,29.99
MEMBER-07782,Anna Lopez,anna.lopez@hotmail.com,(258)617-1977x98053,,Active,2026-09-13,29.99
MEMBER-07783,Megan Glass,megan.glass@gmail.com,411-895-6958x065,,Active,2025-09-09,-29.99
MEMBER-07784,Joseph Bradley,joseph.bradley@yahoo.com,3349166720,,Active,2026-07-15,59.99
MEMBER-07785,Andrew Foley,andrew.foley@yahoo.com,001-501-272-4102x856,VIP,Frozen,2025-09-01,59.99
MEMBER-07786,Craig Scott,craig.scott@hotmail.com,(858)901-9416,,Frozen,2025-10-04,29.99
MEMBER-07787,Monica Gould,monica.gould@gmail.com,8593380207,Premium,Frozen,2025-05-27,-29.99
MEMBER-07788,Sydney Hardin,sydney.hardin@gmail.com,676-554-6304,,Frozen,2025-12-03,29.99
MEMBER-07789,Kayla Jimenez,kayla.jimenez@gmail.com,315-748-9088,VIP,Frozen,2025-06-13,29.99
MEMBER-07790,Shane Brown,shane.brown@gmail.com,834.628.0465,BASIC,Cancelled,2026-05-12,99.99
MEMBER-07791,Jennifer Dodson,jennifer.dodson@yahoo.com,8524224628,BASIC,Active,2025-06-07,99.99
MEMBER-07792,Gregory Wells,gregory.wells@yahoo.com,949.608.6013,,Active,2025-02-01,99.99
MEMBER-07793,Tracey Hoffman,tracey.hoffman@gmail.com,918-399-7190,BASIC,Cancelled,2025-12-20,99.99
MEMBER-07794,Ryan Sutton,ryan.sutton@yahoo.com,9845364550,Basic,Frozen,2026-04-23,29.99
MEMBER-07795,Erik Lang,erik.lang@hotmail.com,987-641-7312,Premium,Active,2025-03-24,29.99
MEMBER-07796,Ashley Drake,ashley.drake@hotmail.com,310.604.0409x73101,Premium,Frozen,2025-11-27,99.99
MEMBER-07797,Abigail Potter,abigail.potter@yahoo.com,(390)413-0393x3534,Premium,Active,2024-11-01,59.99
MEMBER-07798,Victoria Wade,victoria.wade@yahoo.com,211-232-8428x642,Basic,Frozen,2025-12-24,59.99
MEMBER-07799,Sonia Martinez,sonia.martinez@yahoo.com,+1-520-669-2753x481,VIP,Frozen,2026-04-23,29.99
MEMBER-07800,Alex Dixon,alex.dixon@yahoo.com,655-802-5717x601,BASIC,Cancelled,2025-01-17,99.99
MEMBER-07801,Carl Carter,carl.carter@yahoo.com,001-496-891-5914x049,Premium,Active,2026-02-04,59.99
MEMBER-07802,Steven Hudson,steven.hudson@gmail.com,3624545253,Basic,Active,2024-11-16,-29.99
MEMBER-07803,Amber Todd,amber.todd@hotmail.com,+1-864-232-7881x281,BASIC,Frozen,2025-05-22,-29.99
MEMBER-07804,Michael Mccullough,michael.mccullough@hotmail.com,001-720-688-1846x744,BASIC,Frozen,2024-12-31,99.99
MEMBER-07805,Adam Long,adam.long@hotmail.com,(808)896-8066x66320,Basic,Frozen,2025-05-28,29.99
MEMBER-07806,Brittany Ewing,brittany.ewing@yahoo.com,+1-706-752-7538x363,,Active,2025-12-17,99.99
MEMBER-07807,Christina Bernard,christina.bernard@gmail.com,(469)769-3610x0171,,Cancelled,2024-10-02,59.99
MEMBER-07808,Nicholas Dawson,nicholas.dawson@gmail.com,528.875.7548x3044,Basic,Cancelled,2026-08-07,99.99
MEMBER-07809,Juan Erickson,juan.erickson@hotmail.com,414-825-6219x09344,,Active,2026-03-08,99.99
MEMBER-07810,Christopher Potter,christopher.potter@hotmail.com,228-282-7613x175,Basic,Active,2026-09-10,59.99
MEMBER-07811,Rebekah Quinn,rebekah.quinn@gmail.com,6605050026,Premium,Cancelled,2025-04-04,59.99
MEMBER-07812,Christopher Lopez,christopher.lopez@yahoo.com,670-965-0940x94895,BASIC,Active,2026-01-08,99.99
MEMBER-07813,Gerald Mckee,gerald.mckee@yahoo.com,748-338-3033x6192,,Active,2025-12-29,99.99
MEMBER-07814,Corey Flores,corey.flores@yahoo.com,631-562-9482x382,Premium,Active,2024-10-17,-29.99
MEMBER-07815,Lisa Bowen,lisa.bowen@hotmail.com,563.592.4649,BASIC,Frozen,2026-01-12,59.99
MEMBER-07816,Christina Robinson,christina.robinson@hotmail.com,(958)587-0140,Basic,Active,2025-12-04,59.99
MEMBER-07817,Jacqueline Miranda,jacqueline.miranda@hotmail.com,3976131747,Basic,Active,2025-11-02,-29.99
MEMBER-07818,Paul Lynch,paul.lynch@gmail.com,4718946173,Premium,Cancelled,2026-01-19,29.99
MEMBER-07819,Rachel Ramos,rachel.ramos@yahoo.com,(649)612-6044x32569,VIP,Active,2026-09-02,29.99
MEMBER-07820,Thomas Mathis,thomas.mathis@gmail.com,587.358.0014x47622,BASIC,Cancelled,2025-12-18,99.99
MEMBER-07821,Jeffrey Burke,jeffrey.burke@yahoo.com,6846801985,Premium,Active,2026-09-19,99.99
MEMBER-07822,Cheryl Johnson,cheryl.johnson@hotmail.com,259.862.2854,VIP,Frozen,2025-09-27,-29.99
MEMBER-07823,Amy Hernandez,amy.hernandez@yahoo.com,+1-437-735-2734x3347,,Active,2025-07-11,-29.99
MEMBER-07824,Philip Reid,philip.reid@hotmail.com,202.408.0568,Premium,Cancelled,2025-11-08,59.99
MEMBER-07825,Miguel Nelson,miguel.nelson@gmail.com,244.844.9128x504,BASIC,Cancelled,2026-04-10,59.99
MEMBER-07826,Christopher Moreno,christopher.moreno@yahoo.com,717.686.1563x442,BASIC,Active,2024-10-15,-29.99
MEMBER-07827,Katrina Roberson,katrina.roberson@gmail.com,537-282-2171x721,,Active,2026-09-26,59.99
MEMBER-07828,Michael Macdonald,michael.macdonald@yahoo.com,001-275-292-5667x34909,Premium,Cancelled,2025-04-29,-29.99
MEMBER-07829,Katherine Simpson,katherine.simpson@yahoo.com,001-916-696-7678x176,,Active,2026-01-10,29.99
MEMBER-07830,Jacqueline Obrien,jacqueline.obrien@yahoo.com,(579)576-8143x67363,BASIC,Frozen,2025-03-29,99.99
MEMBER-07831,Sara Jones,sara.jones@hotmail.com,001-820-791-4489,,Active,2025-12-23,29.99
MEMBER-07832,Alicia Washington,alicia.washington@gmail.com,740.700.2754x18730,,Frozen,2026-02-01,-29.99
MEMBER-07833,Crystal Scott,crystal.scott@hotmail.com,(352)786-5158x41955,BASIC,Frozen,2026-03-30,99.99
MEMBER-07834,Corey Bean,corey.bean@gmail.com,535-330-8071,Basic,Active,2025-04-02,-29.99
MEMBER-07835,Alex Hudson,alex.hudson@yahoo.com,+1-426-796-2012x028,BASIC,Frozen,2024-10-16,99.99
MEMBER-07836,Daniel Frazier,daniel.frazier@gmail.com,559-796-9737x42067,Premium,Active,2024-11-29,29.99
MEMBER-07837,Douglas Pruitt,douglas.pruitt@yahoo.com,001-712-786-3516x140,BASIC,Cancelled,2025-08-10,-29.99
MEMBER-07838,Zachary Cortez,zachary.cortez@hotmail.com,(796)728-3555,,Active,2025-04-06,99.99
MEMBER-07839,Nicole Gomez,nicole.gomez@hotmail.com,(597)672-3264x1818,,Active,2026-07-09,99.99
MEMBER-07840,Debra Pham,debra.pham@gmail.com,7258394689,BASIC,Active,2026-07-18,99.99
MEMBER-07841,Karen Mcknight,karen.mcknight@hotmail.com,+1-695-438-7722,VIP,Active,2025-11-21,59.99
MEMBER-07842,Aimee Francis,aimee.francis@hotmail.com,707-208-0164x8761,BASIC,Cancelled,2025-09-05,99.99
MEMBER-07843,Eric Gordon,eric.gordon@hotmail.com,374.304.3968x4703,,Active,2025-11-09,-29.99
MEMBER-07844,Craig Cordova,craig.cordova@hotmail.com,+1-418-945-1430x91286,Premium,Active,2026-06-26,59.99
MEMBER-07845,Peter Ayers,peter.ayers@gmail.com,853-359-0550x424,Basic,Active,2025-10-10,-29.99
MEMBER-07846,Tina Vega,tina.vega@gmail.com,(496)502-6976x3667,Basic,Cancelled,2025-10-02,59.99
MEMBER-07847,Jose Brady,jose.brady@hotmail.com,232-472-6701x598,,Active,2024-09-30,29.99
MEMBER-07848,Jennifer Gonzalez,jennifer.gonzalez@yahoo.com,748-983-5915x96308,Premium,Active,2026-04-03,29.99
MEMBER-07849,Angela Jones,angela.jones@gmail.com,001-750-655-2070x300,VIP,Active,2026-09-04,29.99
MEMBER-07850,Amy Lewis,amy.lewis@gmail.com,001-530-552-3263x5644,Premium,Active,2026-06-12,29.99
MEMBER-07851,Richard Rodriguez,richard.rodriguez@gmail.com,+1-351-441-8481x243,,Cancelled,2025-09-11,29.99
MEMBER-07852,Mark Diaz,mark.diaz@yahoo.com,(467)993-7706x661,BASIC,Active,2025-12-14,-29.99
MEMBER-07853,Eileen Gonzales,eileen.gonzales@hotmail.com,001-794-733-8545,BASIC,Active,2026-04-05,29.99
MEMBER-07854,Steven Coleman,steven.coleman@hotmail.com,001-714-994-6801x04674,Basic,Active,2025-10-17,59.99
MEMBER-07855,Chris Harrington,chris.harrington@hotmail.com,001-633-883-1834,Premium,Active,2025-07-24,59.99
MEMBER-07856,Jesse Lloyd,jesse.lloyd@hotmail.com,+1-988-581-5037x8585,,Cancelled,2026-05-02,-29.99
MEMBER-07857,Allison Cardenas,allison.cardenas@yahoo.com,631-305-6662x4227,,Cancelled,2026-07-06,59.99
MEMBER-07858,Crystal Ross,crystal.ross@gmail.com,7816920578,VIP,Active,2025-01-14,99.99
MEMBER-07859,George Anderson,george.anderson@gmail.com,(801)734-9876x322,,Active,2025-01-02,29.99
MEMBER-07860,Bill Parker,bill.parker@gmail.com,787.379.5030,Premium,Frozen,2026-09-24,29.99
MEMBER-07861,Andrew Johnson,andrew.johnson@yahoo.com,+1-597-472-5402x99829,BASIC,Active,2026-06-13,99.99
MEMBER-07862,Tracey Jackson,tracey.jackson@yahoo.com,945-791-0274,BASIC,Active,2025-01-02,59.99
MEMBER-07863,Lisa Hurst,lisa.hurst@yahoo.com,869-866-2890,Premium,Frozen,2025-10-21,99.99
MEMBER-07864,Melissa Miller,melissa.miller@gmail.com,+1-299-387-8627x92213,BASIC,Active,2026-06-11,-29.99
MEMBER-07865,Kristy Kennedy,kristy.kennedy@gmail.com,739.443.4212x0625,BASIC,Cancelled,2025-10-24,29.99
MEMBER-07866,Karen Garcia,karen.garcia@hotmail.com,(627)610-9055,Premium,Cancelled,2026-02-26,29.99
MEMBER-07867,Kristen Martinez,kristen.martinez@gmail.com,379.783.7427,VIP,Frozen,2025-03-16,99.99
MEMBER-07868,Jessica Gibbs,jessica.gibbs@gmail.com,9337499660,Basic,Frozen,2025-08-02,-29.99
MEMBER-07869,Paul White,paul.white@yahoo.com,(418)902-1583x90459,Basic,Frozen,2025-10-22,59.99
MEMBER-07870,Christina Mcmahon,christina.mcmahon@hotmail.com,+1-383-816-0244x87411,Basic,Active,2026-03-30,59.99
MEMBER-07871,Tracy Lyons,tracy.lyons@yahoo.com,(624)232-6543x467,,Frozen,2026-07-26,99.99
MEMBER-07872,Christopher Hill,christopher.hill@hotmail.com,922.812.2611x2384,VIP,Active,2026-09-09,99.99
MEMBER-07873,Victoria Larson,victoria.larson@hotmail.com,6135747932,VIP,Cancelled,2026-07-14,29.99
MEMBER-07874,Mark Miles,mark.miles@hotmail.com,648.962.9773,Basic,Frozen,2026-05-31,29.99
MEMBER-07875,Kelly Christensen,kelly.christensen@hotmail.com,(706)536-0683x820,VIP,Active,2025-02-14,29.99
MEMBER-07876,Dylan Kelly,dylan.kelly@hotmail.com,676.407.9648x733,Basic,Cancelled,2026-01-04,59.99
MEMBER-07877,Cole Walker,cole.walker@hotmail.com,+1-841-899-4288x702,VIP,Active,2026-06-04,59.99
MEMBER-07878,Denise Peterson,denise.peterson@yahoo.com,6912741961,BASIC,Active,2025-04-11,29.99
MEMBER-07879,Michael Mckee,michael.mckee@hotmail.com,324.475.4889x206,VIP,Active,2026-06-30,29.99
MEMBER-07880,Heather Hartman,heather.hartman@gmail.com,807-543-6158x4564,Basic,Active,2026-06-07,-29.99
MEMBER-07881,Terry Stuart,terry.stuart@gmail.com,001-272-567-8870x6707,,Active,2026-05-28,29.99
MEMBER-07882,Julie Hall,julie.hall@yahoo.com,001-362-274-7685x741,Premium,Cancelled,2026-04-11,99.99
MEMBER-07883,Kathleen Moore,kathleen.moore@gmail.com,+1-761-938-3339,VIP,Frozen,2026-02-22,-29.99
MEMBER-07884,Alice Thompson,alice.thompson@gmail.com,603.237.2578,,Frozen,2025-12-16,99.99
MEMBER-07885,Alvin Myers,alvin.myers@gmail.com,+1-200-911-3708,BASIC,Active,2026-08-29,99.99
MEMBER-07886,Kristen Chen,kristen.chen@hotmail.com,390-801-4243,Basic,Cancelled,2025-03-17,-29.99
MEMBER-07887,Joseph Hansen,joseph.hansen@hotmail.com,997-645-9185,BASIC,Frozen,2026-02-02,29.99
MEMBER-07888,Kirk Fox,kirk.fox@gmail.com,974-484-1238x042,Basic,Active,2026-09-18,59.99
MEMBER-07889,Brendan Edwards,brendan.edwards@hotmail.com,001-591-742-2361x6364,Premium,Frozen,2024-12-24,-29.99
MEMBER-07890,Nathan Fisher,nathan.fisher@hotmail.com,001-422-911-5208,Premium,Active,2026-09-23,59.99
MEMBER-07891,Kenneth Harrell,kenneth.harrell@gmail.com,6447309478,Basic,Frozen,2024-11-23,-29.99
MEMBER-07892,Krista Hunter,krista.hunter@yahoo.com,(658)342-7581,VIP,Active,2024-12-18,59.99
MEMBER-07893,Timothy Wu,timothy.wu@yahoo.com,001-893-588-8646,,Cancelled,2025-08-23,-29.99
MEMBER-07894,Nancy Alvarado,nancy.alvarado@gmail.com,985.534.0218,Premium,Active,2025-10-05,-29.99
MEMBER-07895,Roger Arias,roger.arias@gmail.com,001-523-371-7821x7453,,Cancelled,2025-04-27,29.99
MEMBER-07896,Michael White,michael.white@hotmail.com,458-208-1483,Premium,Active,2025-01-18,99.99
MEMBER-07897,Stephanie Villa,stephanie.villa@hotmail.com,584.726.0906x2013,,Frozen,2025-09-05,99.99
MEMBER-07898,Sean Brown,sean.brown@hotmail.com,464-893-6939,Premium,Cancelled,2025-11-24,59.99
MEMBER-07899,Kelsey Cuevas,kelsey.cuevas@hotmail.com,(334)430-0873,Premium,Frozen,2025-10-25,29.99
MEMBER-07900,Brandon Thomas,brandon.thomas@yahoo.com,968-335-0299,BASIC,Frozen,2025-08-25,29.99
MEMBER-07901,Tyler Farmer,tyler.farmer@hotmail.com,645-250-5617x056,,Frozen,2026-06-30,99.99
MEMBER-07902,Kayla Salas,kayla.salas@hotmail.com,(586)770-0626,,Cancelled,2025-07-23,-29.99
MEMBER-07903,Brian Copeland,brian.copeland@gmail.com,001-464-467-8874,BASIC,Active,2025-05-05,-29.99
MEMBER-07904,Gary Leon,gary.leon@yahoo.com,348.966.9781,Premium,Frozen,2025-06-26,99.99
MEMBER-07905,Brian Wilson,brian.wilson@yahoo.com,579.551.3324x5395,BASIC,Active,2026-03-24,99.99
MEMBER-07906,Tammy Davis,tammy.davis@hotmail.com,001-319-898-1385x2551,BASIC,Cancelled,2026-03-03,29.99
MEMBER-07907,Haley Griffin,haley.griffin@hotmail.com,(347)817-3323x68515,VIP,Frozen,2025-05-12,99.99
MEMBER-07908,Molly Lambert,molly.lambert@gmail.com,604-991-2104,Basic,Active,2025-07-18,99.99
MEMBER-07909,Haley Velez,haley.velez@hotmail.com,780-259-0933x42710,,Active,2025-12-28,-29.99
MEMBER-07910,Bradley Nichols,bradley.nichols@yahoo.com,671-435-6275,Basic,Active,2025-04-08,29.99
MEMBER-07911,Donna Jones,donna.jones@yahoo.com,325.340.4365,VIP,Active,2026-02-05,59.99
MEMBER-07912,Franklin Shaw,franklin.shaw@yahoo.com,8159024340,Premium,Active,2025-09-09,29.99
MEMBER-07913,Kim Montgomery,kim.montgomery@hotmail.com,285-943-8115,BASIC,Active,2025-05-09,99.99
MEMBER-07914,Julie Williams,julie.williams@hotmail.com,841-889-6523,Basic,Cancelled,2025-03-29,99.99
MEMBER-07915,Andre Phillips,andre.phillips@yahoo.com,939.785.8340,VIP,Active,2025-07-18,-29.99
MEMBER-07916,Karen Wilson,karen.wilson@gmail.com,001-413-878-4326x00342,Basic,Frozen,2024-11-30,59.99
MEMBER-07917,Jorge Jackson,jorge.jackson@gmail.com,+1-275-429-8969x6185,BASIC,Active,2025-11-11,99.99
MEMBER-07918,Kristen Ramos,kristen.ramos@gmail.com,673.863.6525,Basic,Cancelled,2026-01-21,59.99
MEMBER-07919,Susan Hamilton,susan.hamilton@gmail.com,814.609.4403,,Active,2024-12-14,99.99
MEMBER-07920,Ariel Hall,ariel.hall@gmail.com,+1-756-239-0752,Premium,Cancelled,2026-03-13,29.99
MEMBER-07921,Jeffrey Jimenez,jeffrey.jimenez@yahoo.com,001-658-450-3366x65384,Premium,Active,2026-02-09,99.99
MEMBER-07922,Nicole Walters,nicole.walters@hotmail.com,(615)343-8530,Basic,Active,2025-10-22,59.99
MEMBER-07923,Erica Oneill,erica.oneill@gmail.com,770-523-3921,Basic,Cancelled,2025-09-27,-29.99
MEMBER-07924,Heather Johnson,heather.johnson@gmail.com,942.772.2880x9680,BASIC,Active,2025-12-14,-29.99
MEMBER-07925,Jaime Stokes,jaime.stokes@hotmail.com,(463)925-0386,Basic,Active,2025-07-19,-29.99
MEMBER-07926,Andrew Sanchez,andrew.sanchez@hotmail.com,903.949.8520x57364,BASIC,Active,2026-06-11,29.99
MEMBER-07927,Christopher Johnson,christopher.johnson@yahoo.com,722.324.3094,Basic,Cancelled,2024-10-08,99.99
MEMBER-07928,Kathleen Gardner,kathleen.gardner@yahoo.com,001-685-982-5394x78818,BASIC,Cancelled,2025-11-30,99.99
MEMBER-07929,Pamela Garner,pamela.garner@hotmail.com,768.283.7626,Premium,Active,2026-05-14,59.99
MEMBER-07930,Victor Green,victor.green@gmail.com,001-672-739-0270,Premium,Cancelled,2026-07-04,59.99
MEMBER-07931,Maria Vazquez,maria.vazquez@yahoo.com,001-541-249-1168x9768,VIP,Active,2025-04-09,29.99
MEMBER-07932,Aaron Fowler,aaron.fowler@yahoo.com,001-658-731-9292x73029,Premium,Active,2025-10-13,-29.99
MEMBER-07933,Amy Carter,amy.carter@gmail.com,3947216593,,Cancelled,2026-08-25,-29.99
MEMBER-07934,Courtney Sanchez,courtney.sanchez@hotmail.com,8007811977,BASIC,Frozen,2024-10-31,29.99
MEMBER-07935,Scott Zimmerman,scott.zimmerman@hotmail.com,246.529.4292x175,Basic,Active,2026-03-24,-29.99
MEMBER-07936,Christina Villarreal,christina.villarreal@gmail.com,984.512.8453,,Active,2026-02-14,99.99
MEMBER-07937,Derek Harris,derek.harris@yahoo.com,543.903.5444,Premium,Frozen,2025-10-14,99.99
MEMBER-07938,Megan Cooper,megan.cooper@hotmail.com,001-854-337-0695x45959,BASIC,Active,2024-12-27,99.99
MEMBER-07939,Joseph Solis,joseph.solis@yahoo.com,+1-795-800-6000x225,VIP,Active,2026-08-06,59.99
MEMBER-07940,Roberto Heath,roberto.heath@gmail.com,728.477.0564,Premium,Cancelled,2026-01-20,99.99
MEMBER-07941,Heidi Estrada,heidi.estrada@hotmail.com,224.998.4348x81652,Basic,Active,2025-09-08,99.99
MEMBER-07942,John Torres,john.torres@yahoo.com,001-513-602-5626x0835,BASIC,Frozen,2026-08-09,-29.99
MEMBER-07943,Joann Johnson,joann.johnson@yahoo.com,(579)546-8495,VIP,Cancelled,2024-11-13,-29.99
MEMBER-07944,Rhonda Williams,rhonda.williams@gmail.com,(982)961-6359x32277,Basic,Active,2025-06-03,-29.99
MEMBER-07945,Taylor Quinn,taylor.quinn@yahoo.com,+1-701-987-2812x9613,Premium,Active,2026-05-16,59.99
MEMBER-07946,Erin Zimmerman,erin.zimmerman@yahoo.com,500-663-3557x850,BASIC,Cancelled,2025-05-03,29.99
MEMBER-07947,Julia Armstrong,julia.armstrong@hotmail.com,726-910-2548,,Frozen,2026-05-31,-29.99
MEMBER-07948,Marcus Malone,marcus.malone@yahoo.com,985-318-6195,,Frozen,2026-06-12,99.99
MEMBER-07949,Hailey Wilson,hailey.wilson@yahoo.com,494.353.4312x302,,Cancelled,2025-07-09,59.99
MEMBER-07950,Suzanne Wilson,suzanne.wilson@yahoo.com,(713)459-2468x120,BASIC,Active,2024-10-14,-29.99
MEMBER-07951,Mark Cohen,mark.cohen@hotmail.com,978-842-8948,VIP,Active,2026-08-29,99.99
MEMBER-07952,Mary Forbes,mary.forbes@yahoo.com,+1-347-313-3613,,Active,2026-09-20,29.99
MEMBER-07953,Michael Alvarez,michael.alvarez@yahoo.com,306.257.0326,Premium,Frozen,2025-07-30,29.99
MEMBER-07954,Sean Gordon,sean.gordon@hotmail.com,001-466-493-2692x807,Premium,Frozen,2025-01-14,99.99
MEMBER-07955,Christine Fields,christine.fields@gmail.com,001-248-694-4053x536,Basic,Cancelled,2026-02-16,99.99
MEMBER-07956,Robin Palmer,robin.palmer@yahoo.com,(667)339-5387x464,VIP,Frozen,2026-05-16,-29.99
MEMBER-07957,Carl Campos,carl.campos@gmail.com,+1-473-369-1175x574,BASIC,Cancelled,2025-09-13,59.99
MEMBER-07958,Jeffrey Johnson,jeffrey.johnson@hotmail.com,5682640356,,Cancelled,2026-01-26,29.99
MEMBER-07959,Timothy Mullen,timothy.mullen@hotmail.com,(847)565-2538,VIP,Active,2026-07-08,59.99
MEMBER-07960,Andre Lewis,andre.lewis@gmail.com,(339)721-0199x737,Premium,Active,2026-02-27,99.99
MEMBER-07961,Steve Mitchell,steve.mitchell@hotmail.com,+1-782-959-3632x8052,VIP,Frozen,2025-01-19,-29.99
MEMBER-07962,Sandra Gonzalez,sandra.gonzalez@yahoo.com,932-889-9433,Basic,Frozen,2025-01-02,-29.99
MEMBER-07963,Wesley Ford,wesley.ford@gmail.com,(877)923-2321,VIP,Cancelled,2025-11-19,59.99
MEMBER-07964,Veronica Mullins,veronica.mullins@yahoo.com,(599)702-1074x5414,VIP,Active,2026-07-19,29.99
MEMBER-07965,Jennifer Martinez,jennifer.martinez@yahoo.com,001-346-837-2909x920,VIP,Active,2025-07-05,-29.99
MEMBER-07966,William Cooley,william.cooley@gmail.com,(610)956-6283x0733,,Frozen,2026-04-27,59.99
MEMBER-07967,Nathan Baker,nathan.baker@hotmail.com,4617825282,Basic,Cancelled,2026-05-21,29.99
MEMBER-07968,Sydney White,sydney.white@gmail.com,+1-715-518-3104x4238,VIP,Active,2026-09-20,99.99
MEMBER-07969,Rachel Nelson,rachel.nelson@yahoo.com,9754903446,VIP,Cancelled,2024-11-17,-29.99
MEMBER-07970,Elizabeth Wu,elizabeth.wu@hotmail.com,+1-998-379-0171x4385,BASIC,Active,2025-06-26,-29.99
MEMBER-07971,Vickie Keller,vickie.keller@hotmail.com,+1-344-281-2043,Basic,Cancelled,2026-06-25,29.99
MEMBER-07972,Brandi Sanchez,brandi.sanchez@yahoo.com,+1-688-455-2373x61802,,Frozen,2025-12-31,29.99
MEMBER-07973,Cassandra Cannon,cassandra.cannon@gmail.com,723.421.0311x3995,Basic,Active,2026-02-17,-29.99
MEMBER-07974,Kelsey Gutierrez,kelsey.gutierrez@gmail.com,(950)587-2739x416,Premium,Active,2024-10-26,99.99
MEMBER-07975,Lisa Miller,lisa.miller@gmail.com,001-322-757-5552,Premium,Active,2026-08-16,99.99
MEMBER-07976,Tonya Chavez,tonya.chavez@gmail.com,+1-855-950-8637,Basic,Active,2026-01-20,99.99
MEMBER-07977,Paul Figueroa,paul.figueroa@yahoo.com,513-293-9381,Premium,Active,2025-02-17,-29.99
MEMBER-07978,Michaela Smith,michaela.smith@hotmail.com,693-420-0535x149,,Active,2026-08-29,59.99
MEMBER-07979,Eric Nichols,eric.nichols@gmail.com,991-522-0790,Basic,Active,2025-04-22,-29.99
MEMBER-07980,Lindsay Walker,lindsay.walker@yahoo.com,(225)476-9322x28074,,Active,2026-02-13,-29.99
MEMBER-07981,Jacob Castaneda,jacob.castaneda@yahoo.com,(826)681-3246x974,Basic,Active,2026-07-08,-29.99
MEMBER-07982,Maurice Richards,maurice.richards@gmail.com,+1-449-870-0259,,Frozen,2025-08-31,-29.99
MEMBER-07983,Malik Chavez,malik.chavez@gmail.com,435.549.2715,VIP,Cancelled,2026-09-02,99.99
MEMBER-07984,Julie Terry,julie.terry@yahoo.com,393-468-1454,BASIC,Active,2025-02-22,-29.99
MEMBER-07985,Joshua Sanchez,joshua.sanchez@hotmail.com,596.612.2751x345,,Active,2026-06-17,59.99
MEMBER-07986,Diana Phillips,diana.phillips@hotmail.com,(826)315-5097,BASIC,Cancelled,2026-08-07,59.99
MEMBER-07987,Glenn Thornton,glenn.thornton@hotmail.com,837-532-1571x621,Basic,Frozen,2025-03-28,99.99
MEMBER-07988,Megan Rhodes,megan.rhodes@gmail.com,843.317.0346x65202,Premium,Cancelled,2025-09-27,29.99
MEMBER-07989,Brianna Norris,brianna.norris@gmail.com,412.439.1304x311,BASIC,Active,2026-02-02,29.99
MEMBER-07990,Katie Martinez,katie.martinez@hotmail.com,354.568.3751x53777,Premium,Cancelled,2026-09-07,29.99
MEMBER-07991,Jennifer Myers,jennifer.myers@yahoo.com,3744486270,Premium,Active,2025-08-25,99.99
MEMBER-07992,Julia Reilly,julia.reilly@hotmail.com,+1-806-213-3655x0751,VIP,Active,2026-07-11,99.99
MEMBER-07993,Kelly Perez,kelly.perez@gmail.com,532-783-2570x23692,Premium,Cancelled,2025-12-27,99.99
MEMBER-07994,Brittany Jenkins,brittany.jenkins@gmail.com,001-498-498-5756,Basic,Active,2025-10-05,99.99
MEMBER-07995,Donald Jones,donald.jones@gmail.com,644-380-4263,Premium,Active,2025-05-18,-29.99
MEMBER-07996,Sharon Garcia,sharon.garcia@gmail.com,348.433.9461,BASIC,Active,2025-11-13,29.99
MEMBER-07997,Jennifer Monroe,jennifer.monroe@hotmail.com,+1-589-519-6481x2000,Basic,Frozen,2025-11-23,29.99
MEMBER-07998,Ashley Maldonado,ashley.maldonado@gmail.com,(208)375-2331x4082,VIP,Frozen,2025-12-17,59.99
MEMBER-07999,Sarah Hunter,sarah.hunter@gmail.com,766-354-8197x5993,Basic,Active,2025-08-21,-29.99
MEMBER-08000,Gregory Stuart,gregory.stuart@yahoo.com,751-712-2510,BASIC,Cancelled,2025-11-25,59.99
MEMBER-08001,Renee Rivera,renee.rivera@yahoo.com,+1-733-952-8046,,Cancelled,2025-06-30,59.99
MEMBER-08002,Eric Rodgers,eric.rodgers@hotmail.com,001-497-238-4131x975,Premium,Cancelled,2025-08-28,99.99
MEMBER-08003,Terry Crawford,terry.crawford@gmail.com,281-278-8953,Basic,Active,2026-05-05,99.99
MEMBER-08004,Allison Barrera,allison.barrera@hotmail.com,(836)555-8950x7246,Premium,Cancelled,2025-04-07,59.99
MEMBER-08005,Alexandra Riley,alexandra.riley@gmail.com,(633)634-4385x43893,Premium,Active,2026-07-02,99.99
MEMBER-08006,Angela Norris,angela.norris@yahoo.com,(656)225-4340x00682,BASIC,Cancelled,2025-06-05,29.99
MEMBER-08007,Caroline White,caroline.white@hotmail.com,+1-281-207-0627x5244,Basic,Active,2025-10-09,29.99
MEMBER-08008,Gail Burns,gail.burns@hotmail.com,001-391-721-5342,Basic,Cancelled,2024-11-24,99.99
MEMBER-08009,Brenda Hartman,brenda.hartman@gmail.com,+1-744-262-6277x4843,,Frozen,2026-05-03,59.99
MEMBER-08010,Tina Munoz,tina.munoz@gmail.com,001-461-311-0868x06793,Premium,Active,2026-03-06,59.99
MEMBER-08011,James Hart,james.hart@gmail.com,+1-806-403-6483x6685,Premium,Cancelled,2025-01-10,99.99
MEMBER-08012,Elizabeth Glenn,elizabeth.glenn@hotmail.com,(809)885-5794,Premium,Active,2024-09-27,29.99
MEMBER-08013,Jonathan Butler,jonathan.butler@gmail.com,001-229-224-9789x9524,Premium,Cancelled,2024-12-30,59.99
MEMBER-08014,Courtney Meadows,courtney.meadows@yahoo.com,680-223-6615,,Frozen,2024-11-07,99.99
MEMBER-08015,Tracy Atkinson,tracy.atkinson@gmail.com,531-524-7975,BASIC,Frozen,2025-10-14,99.99
MEMBER-08016,Matthew Moore,matthew.moore@hotmail.com,760.422.9405x8321,Premium,Cancelled,2026-07-02,99.99
MEMBER-08017,William Aguirre,william.aguirre@hotmail.com,001-554-556-9651x2016,Premium,Active,2026-03-05,99.99
MEMBER-08018,Charlotte Cox,charlotte.cox@hotmail.com,263.945.8126x91741,VIP,Active,2025-05-05,-29.99
MEMBER-08019,Nathan Werner,nathan.werner@yahoo.com,919-204-8285,Basic,Cancelled,2025-04-24,99.99
MEMBER-08020,Katherine Dodson,katherine.dodson@gmail.com,270-885-1845,,Active,2024-11-06,-29.99
MEMBER-08021,Monica Lara,monica.lara@gmail.com,6036014522,Premium,Frozen,2024-11-27,59.99
MEMBER-08022,Jennifer Thompson,jennifer.thompson@hotmail.com,(815)938-6571x365,Basic,Frozen,2025-07-25,59.99
MEMBER-08023,Richard Fisher,richard.fisher@gmail.com,6598468931,BASIC,Active,2025-11-08,-29.99
MEMBER-08024,Brandon Henderson,brandon.henderson@yahoo.com,001-641-396-1772x6207,Premium,Frozen,2026-04-09,99.99
MEMBER-08025,Jack Hickman,jack.hickman@gmail.com,924-297-7914x1198,Premium,Active,2025-10-10,59.99
MEMBER-08026,Danielle White,danielle.white@gmail.com,(410)388-1485,VIP,Active,2025-09-09,29.99
MEMBER-08027,Tina Harmon,tina.harmon@yahoo.com,+1-474-843-0052x0292,VIP,Cancelled,2026-09-10,-29.99
MEMBER-08028,Michael Peterson,michael.peterson@hotmail.com,516-469-2187,BASIC,Frozen,2026-09-05,99.99
MEMBER-08029,Jennifer Lee,jennifer.lee@gmail.com,(771)353-5521x39625,,Active,2026-04-22,99.99
MEMBER-08030,Keith Barker,keith.barker@gmail.com,+1-452-542-8826,BASIC,Active,2024-11-03,59.99
MEMBER-08031,Michael Tucker,michael.tucker@gmail.com,+1-434-514-5540x512,VIP,Cancelled,2025-12-08,29.99
MEMBER-08032,Daniel Smith,daniel.smith@gmail.com,+1-679-950-3160x4886,,Active,2026-06-16,-29.99
MEMBER-08033,Richard Stewart,richard.stewart@yahoo.com,(295)327-8291,VIP,Active,2025-11-06,99.99
MEMBER-08034,Amanda Bowman,amanda.bowman@yahoo.com,(468)748-2507,BASIC,Frozen,2024-11-03,59.99
MEMBER-08035,Angela Baker,angela.baker@hotmail.com,001-985-471-7177x07481,Premium,Active,2024-10-03,99.99
MEMBER-08036,Shawn Johnson,shawn.johnson@hotmail.com,720-901-2028,Premium,Frozen,2025-04-30,-29.99
MEMBER-08037,Stephen Sanchez,stephen.sanchez@yahoo.com,4026978969,VIP,Active,2026-01-23,-29.99
MEMBER-08038,Cassandra West,cassandra.west@yahoo.com,(538)318-3973x3636,VIP,Cancelled,2025-07-03,99.99
MEMBER-08039,Kari King,kari.king@gmail.com,8697666524,Premium,Active,2024-12-12,59.99
MEMBER-08040,Kimberly Brewer,kimberly.brewer@hotmail.com,+1-820-722-0255x878,,Frozen,2024-10-15,59.99
MEMBER-08041,Jeremy Dennis,jeremy.dennis@hotmail.com,949-867-2687x7206,Premium,Frozen,2025-01-21,59.99
MEMBER-08042,Tyler Bell,tyler.bell@yahoo.com,+1-459-224-7684,BASIC,Active,2025-01-31,59.99
MEMBER-08043,Elizabeth Welch,elizabeth.welch@hotmail.com,(372)613-6229x495,VIP,Active,2024-11-15,99.99
MEMBER-08044,Kevin Gutierrez,kevin.gutierrez@gmail.com,577.985.3334,BASIC,Active,2024-09-27,59.99
MEMBER-08045,Virginia Williams,virginia.williams@hotmail.com,3103436952,BASIC,Active,2025-06-29,59.99
MEMBER-08046,April Nichols,april.nichols@yahoo.com,5898096776,,Cancelled,2025-02-21,99.99
MEMBER-08047,Marissa Ross,marissa.ross@hotmail.com,(451)466-0064,VIP,Cancelled,2025-09-10,99.99
MEMBER-08048,Jeffery Anderson,jeffery.anderson@yahoo.com,(778)442-0769,BASIC,Frozen,2025-12-18,-29.99
MEMBER-08049,Andrew Lane,andrew.lane@gmail.com,001-934-434-7676,Premium,Active,2026-03-05,-29.99
MEMBER-08050,Linda Mcdonald,linda.mcdonald@hotmail.com,001-244-970-4483,Basic,Active,2025-04-07,59.99
MEMBER-08051,Ronald Jackson,ronald.jackson@gmail.com,+1-590-414-5474,VIP,Active,2025-12-14,59.99
MEMBER-08052,Amanda Barnes,amanda.barnes@gmail.com,(708)830-3700,,Active,2026-03-23,-29.99
MEMBER-08053,Jessica Gates,jessica.gates@gmail.com,001-632-384-2221x62910,Basic,Frozen,2024-09-26,59.99
MEMBER-08054,Melinda Robinson,melinda.robinson@hotmail.com,001-413-256-8087x3053,,Active,2025-04-04,29.99
MEMBER-08055,Wendy Griffin,wendy.griffin@hotmail.com,562-367-3336x592,BASIC,Cancelled,2026-08-06,-29.99
MEMBER-08056,Alejandra Marquez,alejandra.marquez@hotmail.com,+1-607-441-0020,Basic,Active,2025-07-06,59.99
MEMBER-08057,Stephanie Daniels,stephanie.daniels@hotmail.com,820.857.2470x827,Basic,Active,2025-01-02,59.99
MEMBER-08058,Jodi Campos,jodi.campos@yahoo.com,7387091763,BASIC,Cancelled,2025-06-16,-29.99
MEMBER-08059,Wesley Case,wesley.case@yahoo.com,296.974.1457x1126,Basic,Active,2025-09-12,59.99
MEMBER-08060,Kimberly Moore,kimberly.moore@hotmail.com,+1-991-385-0336x4790,Basic,Active,2026-07-21,99.99
MEMBER-08061,Timothy Diaz,timothy.diaz@gmail.com,001-428-605-7312x8501,,Active,2026-07-05,-29.99
MEMBER-08062,Timothy Miranda,timothy.miranda@gmail.com,797-942-4420,,Active,2024-10-08,59.99
MEMBER-08063,Donald Freeman,donald.freeman@yahoo.com,(320)810-3851x83789,BASIC,Frozen,2026-07-25,59.99
MEMBER-08064,Matthew Watson,matthew.watson@gmail.com,(644)634-7494x15673,Basic,Cancelled,2025-02-11,29.99
MEMBER-08065,Krystal Wells,krystal.wells@gmail.com,625.632.0372,VIP,Active,2024-12-30,59.99
MEMBER-08066,Joseph Gilbert,joseph.gilbert@yahoo.com,(492)264-2628x9438,,Frozen,2025-03-19,-29.99
MEMBER-08067,Sydney Stafford,sydney.stafford@hotmail.com,+1-824-734-3581,BASIC,Cancelled,2025-02-14,99.99
MEMBER-08068,David Morrison,david.morrison@hotmail.com,001-227-623-9967x24460,VIP,Cancelled,2024-10-30,59.99
MEMBER-08069,Kyle Kerr,kyle.kerr@hotmail.com,+1-996-647-0981x703,BASIC,Frozen,2026-01-16,99.99
MEMBER-08070,Alan Warner,alan.warner@gmail.com,+1-962-516-1175x16330,BASIC,Cancelled,2025-05-09,59.99
MEMBER-08071,Pamela Thomas,pamela.thomas@yahoo.com,001-936-642-0736x38566,,Active,2026-04-15,-29.99
MEMBER-08072,Vincent Gutierrez,vincent.gutierrez@gmail.com,7058918680,Premium,Frozen,2026-01-08,29.99
MEMBER-08073,Peter Butler,peter.butler@hotmail.com,617-525-1576,Premium,Active,2025-06-02,99.99
MEMBER-08074,Michael Golden,michael.golden@yahoo.com,001-340-511-6308x2345,,Active,2026-08-02,29.99
MEMBER-08075,Larry Young,larry.young@gmail.com,(900)218-1805x910,Premium,Active,2025-01-23,-29.99
MEMBER-08076,John Wells,john.wells@yahoo.com,001-544-238-7526x11910,VIP,Active,2024-11-02,29.99
MEMBER-08077,Danielle Hampton,danielle.hampton@hotmail.com,475.799.8230x3018,,Active,2025-02-12,-29.99
MEMBER-08078,Sheila Bennett,sheila.bennett@yahoo.com,(541)385-7783x92049,Basic,Active,2026-07-02,59.99
MEMBER-08079,Margaret Dominguez,margaret.dominguez@gmail.com,322-857-8815x0212,Premium,Frozen,2026-04-13,59.99
MEMBER-08080,David Booker,david.booker@hotmail.com,969-767-5344,,Active,2025-08-06,29.99
MEMBER-08081,Daniel Rivera,daniel.rivera@hotmail.com,572-436-1465,Basic,Active,2026-03-07,29.99
MEMBER-08082,Alfred Madden,alfred.madden@hotmail.com,(383)868-1404,Premium,Frozen,2026-08-02,29.99
MEMBER-08083,Jared Fuentes,jared.fuentes@hotmail.com,900.738.5759,Basic,Active,2025-01-12,59.99
MEMBER-08084,Scott Walker,scott.walker@hotmail.com,686-978-0327x6744,,Frozen,2025-07-01,29.99
MEMBER-08085,Jennifer Vasquez,jennifer.vasquez@gmail.com,+1-230-937-9154x39115,Basic,Cancelled,2025-05-12,59.99
MEMBER-08086,Valerie Mcpherson,valerie.mcpherson@yahoo.com,334-556-0317,Premium,Frozen,2025-09-01,99.99
MEMBER-08087,Richard Jackson,richard.jackson@gmail.com,524-505-6464,Premium,Active,2025-04-06,-29.99
MEMBER-08088,Crystal Cherry,crystal.cherry@hotmail.com,+1-755-337-8310x214,BASIC,Cancelled,2026-05-01,99.99
MEMBER-08089,Amber Cox,amber.cox@hotmail.com,252.804.6233,,Active,2025-05-24,99.99
MEMBER-08090,Kimberly Thomas,kimberly.thomas@yahoo.com,(848)443-7579x288,Basic,Frozen,2026-03-29,29.99
MEMBER-08091,Javier Rivera,javier.rivera@hotmail.com,(575)294-1879x561,Basic,Active,2026-03-29,-29.99
MEMBER-08092,Anthony Kim,anthony.kim@hotmail.com,248.502.8183x551,BASIC,Cancelled,2025-01-13,29.99
MEMBER-08093,Douglas Bean,douglas.bean@gmail.com,(924)704-6314,Basic,Frozen,2025-05-15,29.99
MEMBER-08094,Rhonda Gates,rhonda.gates@yahoo.com,211.917.6021x7060,Basic,Active,2025-05-06,29.99
MEMBER-08095,Eugene Morgan,eugene.morgan@hotmail.com,218-854-8781x6471,VIP,Active,2024-12-15,29.99
MEMBER-08096,David Lopez,david.lopez@hotmail.com,678-345-0439,Basic,Frozen,2025-04-16,59.99
MEMBER-08097,Ruth Michael,ruth.michael@gmail.com,(873)824-4428x50959,Basic,Cancelled,2024-11-27,-29.99
MEMBER-08098,Rodney Skinner,rodney.skinner@hotmail.com,6848671284,BASIC,Active,2026-04-13,-29.99
MEMBER-08099,Christopher Rosales,christopher.rosales@yahoo.com,7523620698,,Active,2025-02-14,29.99
MEMBER-08100,Tammy Farrell,tammy.farrell@yahoo.com,+1-947-537-0581,,Active,2024-12-19,59.99
MEMBER-08101,Jeffrey Sanchez,jeffrey.sanchez@yahoo.com,+1-308-821-1901x20874,VIP,Cancelled,2025-09-12,29.99
MEMBER-08102,Adriana Reyes,adriana.reyes@hotmail.com,+1-812-519-8201,Premium,Frozen,2026-05-26,99.99
MEMBER-08103,Renee Ortega,renee.ortega@yahoo.com,790.420.3563x790,VIP,Frozen,2025-12-28,59.99
MEMBER-08104,Paul Thornton,paul.thornton@yahoo.com,2179931462,Basic,Cancelled,2024-12-22,99.99
MEMBER-08105,Timothy Mcgee,timothy.mcgee@yahoo.com,578.783.9646,Premium,Active,2026-09-10,-29.99
MEMBER-08106,Jean Odom,jean.odom@hotmail.com,+1-679-509-3393x1900,Basic,Active,2025-08-23,29.99
MEMBER-08107,Audrey Morales,audrey.morales@yahoo.com,740-406-7019x69664,BASIC,Active,2026-07-16,59.99
MEMBER-08108,Michael Freeman,michael.freeman@gmail.com,+1-911-897-6994x599,,Active,2025-02-15,29.99
MEMBER-08109,Jacqueline Velasquez,jacqueline.velasquez@gmail.com,001-420-218-3627,Basic,Frozen,2025-09-01,-29.99
MEMBER-08110,Jacob Snyder,jacob.snyder@hotmail.com,(274)425-5902x483,Basic,Active,2025-03-11,-29.99
MEMBER-08111,Norma Robinson,norma.robinson@gmail.com,(482)985-3424x4551,Basic,Cancelled,2026-03-02,59.99
MEMBER-08112,Joshua Walters,joshua.walters@gmail.com,001-291-261-3664x1036,Basic,Frozen,2025-04-05,29.99
MEMBER-08113,Kendra Ochoa,kendra.ochoa@yahoo.com,341.945.4818x84745,Premium,Frozen,2025-07-30,-29.99
MEMBER-08114,Tiffany Austin,tiffany.austin@hotmail.com,485-970-8707x579,Basic,Cancelled,2026-06-14,29.99
MEMBER-08115,Brian Smith,brian.smith@yahoo.com,590-897-6085x0926,VIP,Active,2025-08-01,29.99
MEMBER-08116,Molly Steele,molly.steele@hotmail.com,646.788.3935,Premium,Active,2025-01-17,99.99
MEMBER-08117,James Greer,james.greer@yahoo.com,975-597-8488x436,VIP,Cancelled,2026-09-17,-29.99
MEMBER-08118,Zachary Thomas,zachary.thomas@yahoo.com,+1-477-468-9254,Basic,Cancelled,2025-06-30,-29.99
MEMBER-08119,Steven Hurst,steven.hurst@gmail.com,610-394-6542x4730,BASIC,Frozen,2026-02-15,-29.99
MEMBER-08120,Renee Ramirez,renee.ramirez@yahoo.com,935.966.8178x0399,BASIC,Frozen,2026-06-18,-29.99
MEMBER-08121,Nathan Gray,nathan.gray@gmail.com,001-680-641-6410x1484,Premium,Active,2026-03-24,59.99
MEMBER-08122,Samantha Perkins,samantha.perkins@gmail.com,+1-396-683-0219,,Active,2025-08-19,29.99
MEMBER-08123,Heather Fisher,heather.fisher@yahoo.com,001-274-371-7960x705,BASIC,Frozen,2026-08-24,29.99
MEMBER-08124,Angie Brown,angie.brown@gmail.com,(759)773-6687,BASIC,Active,2026-04-26,99.99
MEMBER-08125,Michael Kennedy,michael.kennedy@gmail.com,6924732480,Premium,Cancelled,2026-07-25,59.99
MEMBER-08126,Jennifer Wilson,jennifer.wilson@yahoo.com,543.345.7746,Basic,Frozen,2025-11-28,99.99
MEMBER-08127,Dawn Garcia,dawn.garcia@hotmail.com,2255547465,Basic,Active,2026-02-25,59.99
MEMBER-08128,Stephanie Moore,stephanie.moore@yahoo.com,+1-718-620-3973,Basic,Frozen,2024-10-11,59.99
MEMBER-08129,Arthur Crosby,arthur.crosby@yahoo.com,535-427-9299x650,VIP,Active,2025-04-28,-29.99
MEMBER-08130,Justin Bright,justin.bright@yahoo.com,001-616-530-9083x878,,Active,2025-01-23,59.99
MEMBER-08131,Derek Cook,derek.cook@yahoo.com,(521)908-0829,BASIC,Active,2026-04-21,-29.99
MEMBER-08132,Brian Mitchell,brian.mitchell@hotmail.com,(221)730-6314x20541,,Frozen,2026-08-03,99.99
MEMBER-08133,Linda Bishop,linda.bishop@hotmail.com,687-890-0682x290,VIP,Cancelled,2026-09-06,99.99
MEMBER-08134,Christine Pham,christine.pham@gmail.com,+1-496-398-0908x456,Premium,Active,2024-11-30,99.99
MEMBER-08135,Laura Parker,laura.parker@yahoo.com,621-654-2098,Basic,Active,2025-05-19,59.99
MEMBER-08136,Alexis Gallagher,alexis.gallagher@gmail.com,415.760.9131,VIP,Frozen,2026-04-17,-29.99
MEMBER-08137,Robin Davis,robin.davis@gmail.com,449.398.5191,Basic,Active,2026-03-03,99.99
MEMBER-08138,William Jones,william.jones@yahoo.com,2875999968,,Frozen,2026-09-07,-29.99
MEMBER-08139,Jennifer Torres,jennifer.torres@gmail.com,(998)589-2159x4237,BASIC,Frozen,2025-02-01,59.99
MEMBER-08140,Melissa Graham,melissa.graham@gmail.com,456.953.0435,Basic,Active,2025-03-20,99.99
MEMBER-08141,Daniel Farmer,daniel.farmer@hotmail.com,001-961-990-4523x656,Basic,Frozen,2025-11-01,-29.99
MEMBER-08142,Christopher Hood,christopher.hood@yahoo.com,647-633-6635x7209,BASIC,Frozen,2026-05-20,-29.99
MEMBER-08143,Ashley Smith,ashley.smith@hotmail.com,492-526-1611x1376,Premium,Frozen,2025-12-31,99.99
MEMBER-08144,Sheena Johnson,sheena.johnson@hotmail.com,490-854-1089x283,,Frozen,2025-03-29,59.99
MEMBER-08145,Tracey Daniels,tracey.daniels@hotmail.com,758.755.5197x17739,Premium,Active,2024-12-01,29.99
MEMBER-08146,Seth Gray,seth.gray@hotmail.com,(794)577-2695,BASIC,Cancelled,2025-01-21,-29.99
MEMBER-08147,Ann Hardin,ann.hardin@yahoo.com,(793)696-8083,BASIC,Cancelled,2025-12-18,99.99
MEMBER-08148,Antonio Daniels,antonio.daniels@hotmail.com,+1-733-568-5561x420,BASIC,Frozen,2025-03-30,29.99
MEMBER-08149,Justin Tran,justin.tran@yahoo.com,239.238.3983x50555,VIP,Active,2025-03-05,29.99
MEMBER-08150,Lisa Lee,lisa.lee@gmail.com,+1-427-839-4968x5571,BASIC,Active,2026-04-28,29.99
MEMBER-08151,Jose Williams,jose.williams@hotmail.com,550-733-4314,Basic,Frozen,2025-08-27,99.99
MEMBER-08152,David Diaz,david.diaz@hotmail.com,934.352.6221x0631,Basic,Cancelled,2025-04-29,29.99
MEMBER-08153,Elizabeth Davenport,elizabeth.davenport@yahoo.com,876.926.4476x87475,BASIC,Active,2025-01-11,59.99
MEMBER-08154,Jillian Watkins,jillian.watkins@yahoo.com,+1-990-504-3374,VIP,Active,2025-09-25,-29.99
MEMBER-08155,Angela Parker,angela.parker@gmail.com,001-880-631-9778x444,Basic,Active,2026-05-24,29.99
MEMBER-08156,Heather Ross,heather.ross@hotmail.com,337-627-5646,BASIC,Active,2026-08-19,29.99
MEMBER-08157,Cynthia Williams,cynthia.williams@yahoo.com,+1-860-345-5148x1549,VIP,Active,2024-11-12,-29.99
MEMBER-08158,Javier Floyd,javier.floyd@hotmail.com,(497)876-8268x95532,Premium,Cancelled,2024-11-28,29.99
MEMBER-08159,Jesse Roach,jesse.roach@gmail.com,936-238-5649x3163,BASIC,Active,2026-06-17,59.99
MEMBER-08160,Timothy Clayton,timothy.clayton@hotmail.com,583-358-1155x24069,Premium,Active,2026-05-21,29.99
MEMBER-08161,Cameron Perry,cameron.perry@yahoo.com,645-605-2288x81574,VIP,Cancelled,2025-03-22,59.99
MEMBER-08162,Chad Harris,chad.harris@hotmail.com,6054134483,Premium,Cancelled,2026-03-11,59.99
MEMBER-08163,Madison Scott,madison.scott@yahoo.com,(542)770-1171,Premium,Cancelled,2026-07-14,59.99
MEMBER-08164,Brittney Weaver,brittney.weaver@yahoo.com,001-786-614-0964x9950,VIP,Active,2026-05-25,99.99
MEMBER-08165,James Juarez,james.juarez@yahoo.com,+1-441-403-5586x255,BASIC,Frozen,2025-08-18,59.99
MEMBER-08166,Jacob Le,jacob.le@gmail.com,001-864-897-8596x39067,,Cancelled,2025-01-06,99.99
MEMBER-08167,Timothy Moore,timothy.moore@gmail.com,(406)572-8338x1551,,Frozen,2025-05-20,29.99
MEMBER-08168,Joshua Glass,joshua.glass@yahoo.com,300.582.8295,Basic,Frozen,2024-10-03,29.99
MEMBER-08169,Judith Stewart,judith.stewart@hotmail.com,707-431-1863x1471,Basic,Frozen,2026-03-28,-29.99
MEMBER-08170,Kristen Graham,kristen.graham@gmail.com,+1-490-200-2373x85780,,Active,2026-05-22,59.99
MEMBER-08171,Clarence Jacobson,clarence.jacobson@hotmail.com,+1-912-546-3988x858,VIP,Active,2025-09-01,29.99
MEMBER-08172,Maria Davenport,maria.davenport@gmail.com,780.816.1816x2111,Premium,Frozen,2025-10-07,29.99
MEMBER-08173,Karen Curry,karen.curry@gmail.com,358-881-1463x65119,VIP,Cancelled,2025-07-25,99.99
MEMBER-08174,Nancy Decker,nancy.decker@gmail.com,803-364-0624x7026,BASIC,Cancelled,2024-09-27,59.99
MEMBER-08175,James Hampton,james.hampton@yahoo.com,001-249-268-6567,,Cancelled,2025-04-29,29.99
MEMBER-08176,Michelle Anderson,michelle.anderson@yahoo.com,001-983-568-3143x921,BASIC,Frozen,2024-10-05,29.99
MEMBER-08177,Mark Kelly,mark.kelly@yahoo.com,(882)713-3832x6319,VIP,Active,2026-08-20,29.99
MEMBER-08178,Stephanie Brennan,stephanie.brennan@gmail.com,623.651.1563,,Active,2025-10-15,59.99
MEMBER-08179,Victoria Hansen,victoria.hansen@hotmail.com,479.561.4020x85788,Basic,Cancelled,2026-04-16,29.99
MEMBER-08180,Debra Barber,debra.barber@hotmail.com,+1-937-951-8576,Basic,Active,2026-01-28,99.99
MEMBER-08181,Taylor Phillips,taylor.phillips@yahoo.com,(988)695-8704,Basic,Frozen,2025-09-15,99.99
MEMBER-08182,Daryl Santiago,daryl.santiago@yahoo.com,+1-283-544-5211x95357,Premium,Frozen,2024-11-24,29.99
MEMBER-08183,Christy Ortiz,christy.ortiz@gmail.com,(307)758-4442,,Frozen,2026-03-19,59.99
MEMBER-08184,Kathryn Tapia,kathryn.tapia@hotmail.com,753-845-2499x6305,,Active,2026-02-08,99.99
MEMBER-08185,Chris Johnson,chris.johnson@gmail.com,797.462.9466x1590,VIP,Active,2026-05-21,-29.99
MEMBER-08186,Jonathan Bailey,jonathan.bailey@gmail.com,637.638.0649x51225,BASIC,Frozen,2025-12-19,59.99
MEMBER-08187,Timothy Maldonado,timothy.maldonado@gmail.com,(234)763-9981x8290,,Active,2025-11-02,59.99
MEMBER-08188,Gregory Davis,gregory.davis@yahoo.com,214.636.5035,Basic,Cancelled,2026-03-22,29.99
MEMBER-08189,Ashley Pruitt,ashley.pruitt@yahoo.com,+1-992-595-2866x5580,BASIC,Cancelled,2025-10-05,99.99
MEMBER-08190,Matthew Gibson,matthew.gibson@hotmail.com,001-303-383-0456x65331,BASIC,Active,2025-01-20,59.99
MEMBER-08191,Brittany Ryan,brittany.ryan@gmail.com,+1-720-381-2131x5396,BASIC,Active,2025-11-26,59.99
MEMBER-08192,Amanda Jensen,amanda.jensen@hotmail.com,3458121014,Basic,Cancelled,2025-09-16,-29.99
MEMBER-08193,Tiffany Johnson,tiffany.johnson@hotmail.com,+1-355-450-7905x97379,VIP,Cancelled,2025-04-06,-29.99
MEMBER-08194,Charles Christian,charles.christian@hotmail.com,5396636104,,Active,2024-11-22,99.99
MEMBER-08195,Patrick Orr,patrick.orr@yahoo.com,453-863-3237x18566,VIP,Frozen,2026-04-11,99.99
MEMBER-08196,Eileen Johnson,eileen.johnson@gmail.com,+1-823-647-6323x850,BASIC,Frozen,2025-01-20,99.99
MEMBER-08197,Sheila Smith,sheila.smith@hotmail.com,(331)869-7259x333,Basic,Frozen,2025-10-29,59.99
MEMBER-08198,Brandon Hayden,brandon.hayden@yahoo.com,579-603-1073x85203,,Active,2024-12-08,-29.99
MEMBER-08199,Thomas Forbes,thomas.forbes@yahoo.com,+1-520-527-8096,,Active,2026-03-01,29.99
MEMBER-08200,Anne Ellis,anne.ellis@hotmail.com,857.872.3515x674,VIP,Frozen,2025-04-15,59.99
MEMBER-08201,Alicia Gutierrez,alicia.gutierrez@gmail.com,001-270-463-0936x04611,,Active,2024-12-02,29.99
MEMBER-08202,Samantha Griffin,samantha.griffin@hotmail.com,584-297-9594x0512,BASIC,Active,2025-03-18,29.99
MEMBER-08203,John Fitzgerald,john.fitzgerald@yahoo.com,714-455-0339,BASIC,Frozen,2025-05-16,-29.99
MEMBER-08204,Juan Cook,juan.cook@yahoo.com,3017418587,BASIC,Cancelled,2025-09-02,59.99
MEMBER-08205,Alexander Stevenson,alexander.stevenson@hotmail.com,413-919-9830,BASIC,Frozen,2026-05-05,99.99
MEMBER-08206,Shannon Anderson,shannon.anderson@gmail.com,001-731-935-7324x6969,BASIC,Active,2025-07-03,29.99
MEMBER-08207,Jodi Clark,jodi.clark@yahoo.com,800.241.4670x10901,BASIC,Frozen,2026-07-30,59.99
MEMBER-08208,Carol Esparza,carol.esparza@yahoo.com,685-527-8750,BASIC,Active,2026-01-04,29.99
MEMBER-08209,Daniel Castro,daniel.castro@hotmail.com,867-727-6002x209,Premium,Active,2025-02-25,29.99
MEMBER-08210,Ashley Lane,ashley.lane@gmail.com,925-762-8427x8747,VIP,Active,2025-06-30,59.99
MEMBER-08211,Paul Newman,paul.newman@hotmail.com,646-517-0485,VIP,Cancelled,2026-07-09,29.99
MEMBER-08212,Vanessa Lambert,vanessa.lambert@hotmail.com,915-787-9162,,Frozen,2026-08-24,59.99
MEMBER-08213,Erik Holland,erik.holland@yahoo.com,(958)845-2149,BASIC,Active,2025-10-14,59.99
MEMBER-08214,Deanna Woodard,deanna.woodard@yahoo.com,526.719.9701,,Active,2026-06-22,99.99
MEMBER-08215,Joseph Miller,joseph.miller@hotmail.com,(727)731-1488x03401,VIP,Frozen,2026-05-07,-29.99
MEMBER-08216,Gary Castillo,gary.castillo@yahoo.com,755-307-5883x7630,BASIC,Cancelled,2024-10-26,99.99
MEMBER-08217,Yesenia Harrison,yesenia.harrison@hotmail.com,904.331.4549x45501,Basic,Frozen,2025-01-14,59.99
MEMBER-08218,Nathan Malone,nathan.malone@hotmail.com,588.959.7120,Premium,Cancelled,2025-08-22,99.99
MEMBER-08219,James Murray,james.murray@hotmail.com,9379963473,Premium,Cancelled,2025-05-01,99.99
MEMBER-08220,Hector Gomez,hector.gomez@yahoo.com,(680)766-6988x19808,,Active,2024-12-19,29.99
MEMBER-08221,Michael Lewis,michael.lewis@hotmail.com,500-676-5834x136,VIP,Active,2026-03-01,-29.99
MEMBER-08222,Elizabeth Deleon,elizabeth.deleon@gmail.com,(409)787-6941,Premium,Frozen,2026-02-20,29.99
MEMBER-08223,Keith Reed,keith.reed@yahoo.com,(781)891-4243x8448,VIP,Frozen,2025-11-26,59.99
MEMBER-08224,Ricardo Robinson,ricardo.robinson@gmail.com,322.618.2032x237,BASIC,Active,2025-01-18,99.99
MEMBER-08225,Melissa Alexander,melissa.alexander@yahoo.com,788-716-3090x2739,,Frozen,2026-04-30,99.99
MEMBER-08226,William Howard,william.howard@gmail.com,(810)616-1687,BASIC,Frozen,2026-09-05,29.99
MEMBER-08227,John Trevino,john.trevino@hotmail.com,684-994-5689,BASIC,Cancelled,2026-02-12,-29.99
MEMBER-08228,Christina Day,christina.day@yahoo.com,001-743-492-1860x4324,,Active,2026-08-08,29.99
MEMBER-08229,Erica Wagner,erica.wagner@hotmail.com,3545351501,Premium,Frozen,2025-01-31,59.99
MEMBER-08230,Patricia Ruiz,patricia.ruiz@hotmail.com,(482)551-2517,VIP,Active,2026-04-16,29.99
MEMBER-08231,Shirley Gomez,shirley.gomez@hotmail.com,001-542-948-7151x61714,Premium,Cancelled,2024-10-28,59.99
MEMBER-08232,Lawrence Lewis,lawrence.lewis@gmail.com,363-562-6555x92398,Premium,Frozen,2025-08-31,99.99
MEMBER-08233,Matthew Parrish,matthew.parrish@gmail.com,784-858-7899x5522,VIP,Cancelled,2024-12-04,59.99
MEMBER-08234,Kayla Bolton,kayla.bolton@gmail.com,+1-979-672-4689x8414,Basic,Frozen,2025-09-02,59.99
MEMBER-08235,Jacob Perkins,jacob.perkins@hotmail.com,+1-822-301-3702x97785,,Active,2024-11-12,59.99
MEMBER-08236,Lisa Simmons,lisa.simmons@yahoo.com,(204)582-2879,Basic,Frozen,2026-03-20,29.99
MEMBER-08237,Danny Castillo,danny.castillo@hotmail.com,299-841-3956,Premium,Active,2025-09-18,-29.99
MEMBER-08238,Michael Kim,michael.kim@gmail.com,2889705617,Premium,Active,2025-12-24,-29.99
MEMBER-08239,Daniel Harrell,daniel.harrell@gmail.com,676-223-9594x9389,Premium,Active,2025-06-10,-29.99
MEMBER-08240,Daniel Hatfield,daniel.hatfield@hotmail.com,834-476-6288x7141,VIP,Cancelled,2026-02-21,59.99
MEMBER-08241,Judith Shelton,judith.shelton@yahoo.com,668-464-3005,Premium,Active,2025-03-19,99.99
MEMBER-08242,Jeff Harris,jeff.harris@yahoo.com,(937)997-1536x290,Basic,Active,2025-03-02,-29.99
MEMBER-08243,Adam Mosley,adam.mosley@gmail.com,(716)889-4277,,Cancelled,2025-03-21,29.99
MEMBER-08244,Linda Hill,linda.hill@yahoo.com,(940)644-3237x9245,VIP,Cancelled,2025-12-23,59.99
MEMBER-08245,Jose Anderson,jose.anderson@gmail.com,+1-661-444-8151x90365,BASIC,Active,2026-08-26,59.99
MEMBER-08246,Christopher Hill,christopher.hill@hotmail.com,9049624392,BASIC,Active,2026-02-03,-29.99
MEMBER-08247,Donna Shea,donna.shea@hotmail.com,591.527.2998,Premium,Cancelled,2025-07-29,99.99
MEMBER-08248,Dan Coleman,dan.coleman@gmail.com,+1-497-787-8615x00918,Basic,Cancelled,2025-07-30,29.99
MEMBER-08249,Christopher Rice,christopher.rice@hotmail.com,(555)912-1699x067,Premium,Cancelled,2024-12-13,29.99
MEMBER-08250,Chelsea Sloan,chelsea.sloan@yahoo.com,456-297-7709x3820,VIP,Frozen,2026-04-23,29.99
MEMBER-08251,Stephen Short,stephen.short@gmail.com,(534)858-9947x978,Premium,Cancelled,2024-10-01,29.99
MEMBER-08252,William Osborne,william.osborne@yahoo.com,(300)862-0104x6637,BASIC,Active,2026-06-12,29.99
MEMBER-08253,Holly Brooks,holly.brooks@yahoo.com,216-316-8410x3378,Basic,Cancelled,2025-04-23,59.99
MEMBER-08254,Bruce Arroyo,bruce.arroyo@yahoo.com,964.282.2027x5237,Premium,Frozen,2024-12-28,59.99
MEMBER-08255,David Marshall,david.marshall@hotmail.com,001-265-788-7212,BASIC,Active,2026-02-03,29.99
MEMBER-08256,Deborah Sellers,deborah.sellers@yahoo.com,001-209-505-9618,,Active,2025-09-06,29.99
MEMBER-08257,Alexander King,alexander.king@yahoo.com,+1-238-873-6474x8917,Basic,Active,2025-10-10,59.99
MEMBER-08258,Patricia Cook,patricia.cook@hotmail.com,747.898.3800,,Frozen,2025-05-14,-29.99
MEMBER-08259,Aaron Briggs,aaron.briggs@gmail.com,+1-972-877-9901x929,Basic,Active,2024-12-04,59.99
MEMBER-08260,Paul Flores,paul.flores@yahoo.com,945.803.8425,Premium,Frozen,2025-06-30,-29.99
MEMBER-08261,Ethan Price,ethan.price@gmail.com,481.332.8775x769,VIP,Active,2026-06-25,29.99
MEMBER-08262,Jonathan Sloan,jonathan.sloan@gmail.com,750-396-4663x686,,Frozen,2025-12-02,99.99
MEMBER-08263,Ryan Horton,ryan.horton@hotmail.com,287-530-1386,,Frozen,2025-10-09,29.99
MEMBER-08264,Cathy Wong,cathy.wong@yahoo.com,437-466-2698x967,BASIC,Cancelled,2026-01-21,59.99
MEMBER-08265,Richard Smith,richard.smith@yahoo.com,685.286.8662x41213,Basic,Frozen,2025-04-14,99.99
MEMBER-08266,Michael Phillips,michael.phillips@yahoo.com,(471)440-8368x437,Premium,Cancelled,2025-12-01,59.99
MEMBER-08267,Angela Jones,angela.jones@yahoo.com,001-835-502-4147,Basic,Active,2026-04-04,-29.99
MEMBER-08268,Kevin Riley,kevin.riley@hotmail.com,+1-426-282-8054,BASIC,Active,2026-03-11,99.99
MEMBER-08269,Ryan Morris,ryan.morris@hotmail.com,(514)481-0043,VIP,Active,2025-11-25,99.99
MEMBER-08270,Gina Avery,gina.avery@gmail.com,789-668-9571,BASIC,Frozen,2025-12-02,59.99
MEMBER-08271,Megan Knight,megan.knight@hotmail.com,656.428.0811,BASIC,Active,2025-06-11,29.99
MEMBER-08272,Darryl Clark,darryl.clark@gmail.com,942-247-2569x269,,Frozen,2024-12-04,99.99
MEMBER-08273,Adam Parker,adam.parker@yahoo.com,720.593.0435x21356,Premium,Active,2026-09-01,29.99
MEMBER-08274,Pamela Owens,pamela.owens@hotmail.com,(839)378-8356,BASIC,Active,2026-04-18,-29.99
MEMBER-08275,Julian Clarke,julian.clarke@gmail.com,282.651.2695x135,BASIC,Active,2026-03-05,99.99
MEMBER-08276,Lori Dawson,lori.dawson@hotmail.com,308-630-8111x3241,Basic,Frozen,2025-12-12,59.99
MEMBER-08277,Joseph Rosales,joseph.rosales@gmail.com,+1-617-355-9420x51168,BASIC,Active,2025-08-09,29.99
MEMBER-08278,Franklin Huang,franklin.huang@gmail.com,001-656-418-6118x917,Premium,Active,2026-06-10,59.99
MEMBER-08279,Daniel Villa,daniel.villa@gmail.com,(864)340-2194x676,,Active,2025-01-01,99.99
MEMBER-08280,Janice Brown,janice.brown@yahoo.com,6804413754,BASIC,Active,2026-09-12,-29.99
MEMBER-08281,Jerome Jones,jerome.jones@gmail.com,+1-343-624-3073x5284,Basic,Active,2026-05-06,59.99
MEMBER-08282,Cameron Reed,cameron.reed@gmail.com,+1-878-330-0315x79103,Premium,Cancelled,2026-03-24,29.99
MEMBER-08283,Ann Adams,ann.adams@gmail.com,(561)341-3056x1172,Basic,Active,2025-04-26,-29.99
MEMBER-08284,Paul Spencer,paul.spencer@hotmail.com,8153749417,,Active,2026-05-12,29.99
MEMBER-08285,Lisa Gutierrez,lisa.gutierrez@yahoo.com,5775615449,BASIC,Active,2026-07-16,-29.99
MEMBER-08286,Alexander Lane,alexander.lane@gmail.com,(217)951-7524,Premium,Frozen,2024-11-01,59.99
MEMBER-08287,Carlos Peters,carlos.peters@yahoo.com,(409)754-9006x57912,Premium,Cancelled,2024-10-11,59.99
MEMBER-08288,Pamela Torres,pamela.torres@yahoo.com,(705)944-2962x5808,BASIC,Active,2025-08-31,99.99
MEMBER-08289,William Butler,william.butler@hotmail.com,221.229.5802x1395,,Cancelled,2025-05-15,29.99
MEMBER-08290,Lisa Trujillo,lisa.trujillo@yahoo.com,+1-265-520-3475x51723,Premium,Active,2024-10-16,99.99
MEMBER-08291,David Herrera,david.herrera@gmail.com,676.818.7819,,Frozen,2025-08-12,-29.99
MEMBER-08292,Joseph Estrada,joseph.estrada@yahoo.com,+1-413-880-1148x141,Premium,Active,2026-02-07,29.99
MEMBER-08293,Alexander Perez,alexander.perez@hotmail.com,(975)560-8391,Basic,Frozen,2025-01-29,59.99
MEMBER-08294,Timothy Bond,timothy.bond@gmail.com,325.549.7917x10645,,Frozen,2026-05-28,59.99
MEMBER-08295,Rachel Whitaker,rachel.whitaker@yahoo.com,+1-570-966-6258x33930,Basic,Active,2026-03-17,29.99
MEMBER-08296,Tamara Robinson,tamara.robinson@yahoo.com,(455)875-0936,Premium,Active,2026-03-21,99.99
MEMBER-08297,Cindy Mosley,cindy.mosley@gmail.com,+1-581-325-1433,Premium,Cancelled,2024-11-14,59.99
MEMBER-08298,Christopher Silva,christopher.silva@yahoo.com,001-871-603-0000x1807,Basic,Cancelled,2026-02-03,59.99
MEMBER-08299,Douglas Johnson,douglas.johnson@hotmail.com,+1-805-212-0881x9077,VIP,Active,2025-02-10,99.99
MEMBER-08300,William Johnson,william.johnson@yahoo.com,001-658-809-1862x2329,,Active,2026-06-06,-29.99
MEMBER-08301,Troy Sullivan,troy.sullivan@hotmail.com,949.661.5405x723,,Cancelled,2025-11-27,59.99
MEMBER-08302,Michael Townsend,michael.townsend@gmail.com,(508)503-3483,BASIC,Frozen,2025-11-06,29.99
MEMBER-08303,Gabriella Lynch,gabriella.lynch@gmail.com,377-213-7949,BASIC,Cancelled,2026-03-23,-29.99
MEMBER-08304,Richard Parker,richard.parker@gmail.com,(338)448-6089,BASIC,Frozen,2025-09-01,29.99
MEMBER-08305,Charles Ortiz,charles.ortiz@gmail.com,504.987.4391,VIP,Cancelled,2026-07-18,59.99
MEMBER-08306,Andrew Ford,andrew.ford@gmail.com,(354)781-4810x012,Basic,Active,2026-05-18,29.99
MEMBER-08307,Crystal Johnson,crystal.johnson@hotmail.com,001-480-342-9456,VIP,Active,2025-12-06,-29.99
MEMBER-08308,Gina West,gina.west@gmail.com,434-904-5834x4611,VIP,Cancelled,2026-08-31,-29.99
MEMBER-08309,William Rivera,william.rivera@yahoo.com,(338)859-1912x808,BASIC,Frozen,2024-10-05,59.99
MEMBER-08310,Angel Potts,angel.potts@yahoo.com,964-592-9035x059,BASIC,Active,2026-07-30,59.99
MEMBER-08311,Kathleen Baker,kathleen.baker@hotmail.com,9327162159,VIP,Active,2025-12-18,59.99
MEMBER-08312,Anthony Dawson,anthony.dawson@gmail.com,(442)939-1099,BASIC,Cancelled,2025-04-26,99.99
MEMBER-08313,Emily Mcfarland,emily.mcfarland@hotmail.com,804-885-6064,VIP,Frozen,2025-09-26,59.99
MEMBER-08314,Jamie Farrell,jamie.farrell@hotmail.com,791-426-2204,Premium,Active,2025-04-10,99.99
MEMBER-08315,Michael Mcgrath,michael.mcgrath@yahoo.com,541-590-8656x574,BASIC,Frozen,2024-12-31,-29.99
MEMBER-08316,Anna Johnson,anna.johnson@hotmail.com,3163143806,,Active,2026-06-13,-29.99
MEMBER-08317,Deborah Nelson,deborah.nelson@gmail.com,9706542303,VIP,Active,2026-05-24,99.99
MEMBER-08318,Jacqueline Mcbride,jacqueline.mcbride@yahoo.com,631-471-7153x71487,,Active,2025-09-29,59.99
MEMBER-08319,Anthony Gray,anthony.gray@yahoo.com,508-765-4715,Premium,Frozen,2026-05-07,99.99
MEMBER-08320,Edward Green,edward.green@gmail.com,001-631-866-1741x4992,VIP,Active,2025-05-10,29.99
MEMBER-08321,Kelli Brown,kelli.brown@gmail.com,(333)266-2017,VIP,Active,2026-01-11,59.99
MEMBER-08322,Curtis Dawson,curtis.dawson@gmail.com,+1-435-316-8976x2748,VIP,Active,2025-11-08,-29.99
MEMBER-08323,Lauren Robertson,lauren.robertson@gmail.com,331-378-6206x6126,,Cancelled,2025-02-24,-29.99
MEMBER-08324,Todd Henderson,todd.henderson@yahoo.com,217.593.3495,VIP,Active,2026-01-30,99.99
MEMBER-08325,Travis Baird,travis.baird@yahoo.com,(385)490-1484x52166,Basic,Cancelled,2026-04-09,29.99
MEMBER-08326,Elizabeth Lewis,elizabeth.lewis@yahoo.com,+1-678-362-2061,BASIC,Cancelled,2025-03-04,-29.99
MEMBER-08327,Stephanie Davis,stephanie.davis@yahoo.com,(220)869-1711,BASIC,Active,2025-03-03,59.99
MEMBER-08328,Brandon Miranda,brandon.miranda@gmail.com,596.638.5838x9833,,Cancelled,2024-12-14,99.99
MEMBER-08329,Elizabeth Cain,elizabeth.cain@yahoo.com,9435571401,Basic,Active,2024-12-23,59.99
MEMBER-08330,Natalie Browning,natalie.browning@yahoo.com,404.614.6929,VIP,Frozen,2025-05-12,59.99
MEMBER-08331,Jenna Smith,jenna.smith@yahoo.com,+1-674-412-2486x4093,Basic,Cancelled,2025-06-13,29.99
MEMBER-08332,Christopher Campbell,christopher.campbell@gmail.com,5479634557,VIP,Active,2025-05-05,99.99
MEMBER-08333,David Becker,david.becker@yahoo.com,001-250-805-6896x67249,Basic,Cancelled,2026-05-03,59.99
MEMBER-08334,Suzanne Carr,suzanne.carr@yahoo.com,001-464-556-4121,Premium,Frozen,2026-09-25,-29.99
MEMBER-08335,William Vargas,william.vargas@yahoo.com,5989870344,BASIC,Active,2024-11-15,99.99
MEMBER-08336,Vanessa Wilson,vanessa.wilson@hotmail.com,(595)894-1327x3093,VIP,Active,2024-11-23,-29.99
MEMBER-08337,Lisa Valdez,lisa.valdez@hotmail.com,679-394-5955x9408,Premium,Frozen,2025-11-08,29.99
MEMBER-08338,Christopher Randall,christopher.randall@gmail.com,+1-401-331-2607x34431,,Frozen,2024-12-04,29.99
MEMBER-08339,Mark Humphrey,mark.humphrey@yahoo.com,268.838.5909x15816,BASIC,Active,2025-02-26,59.99
MEMBER-08340,Robert English,robert.english@yahoo.com,634.682.2146x7045,Premium,Cancelled,2025-04-17,29.99
MEMBER-08341,Brandon Patel,brandon.patel@hotmail.com,(677)282-6353x162,VIP,Active,2026-07-28,59.99
MEMBER-08342,Samantha Young,samantha.young@yahoo.com,(506)859-7288x8597,Premium,Cancelled,2025-10-23,-29.99
MEMBER-08343,Jamie Potts,jamie.potts@hotmail.com,282-572-1252x770,Premium,Active,2026-05-25,99.99
MEMBER-08344,Cindy Williams,cindy.williams@gmail.com,001-762-925-3530x354,VIP,Active,2025-12-17,-29.99
MEMBER-08345,Tammie Gallagher,tammie.gallagher@hotmail.com,624-222-5887x2265,BASIC,Active,2026-09-07,-29.99
MEMBER-08346,Lori Ryan,lori.ryan@gmail.com,+1-249-825-1589,Basic,Active,2026-07-17,59.99
MEMBER-08347,Patricia Lopez,patricia.lopez@hotmail.com,883-313-2160x8275,BASIC,Cancelled,2026-07-15,59.99
MEMBER-08348,Jared Garcia,jared.garcia@gmail.com,(493)907-7890x5701,,Active,2024-09-27,59.99
MEMBER-08349,William Jones,william.jones@hotmail.com,(341)792-0851x4070,Basic,Active,2026-06-27,29.99
MEMBER-08350,Danielle Lindsey,danielle.lindsey@gmail.com,435.971.0017x87227,Premium,Cancelled,2026-07-28,29.99
MEMBER-08351,Renee Young,renee.young@yahoo.com,+1-419-297-7473x79149,Basic,Frozen,2026-03-04,99.99
MEMBER-08352,Laurie Gibbs,laurie.gibbs@gmail.com,001-823-392-3946x30838,Premium,Active,2025-04-10,99.99
MEMBER-08353,Julie Wheeler,julie.wheeler@gmail.com,+1-716-747-8604,,Cancelled,2025-03-13,59.99
MEMBER-08354,Veronica Allen,veronica.allen@gmail.com,932-642-9581x759,Premium,Active,2025-07-06,-29.99
MEMBER-08355,Michael Mills,michael.mills@gmail.com,690.388.7731,,Active,2025-02-17,29.99
MEMBER-08356,Krystal Hill,krystal.hill@gmail.com,324-797-4307x7087,,Cancelled,2026-08-18,-29.99
MEMBER-08357,Michael Glover,michael.glover@yahoo.com,883.385.9008,BASIC,Active,2024-12-06,59.99
MEMBER-08358,Nicole Morris,nicole.morris@yahoo.com,752-208-3590x8798,BASIC,Active,2025-01-25,99.99
MEMBER-08359,Charles Williams,charles.williams@gmail.com,001-693-292-2463,VIP,Frozen,2026-09-01,-29.99
MEMBER-08360,Brandon Graves,brandon.graves@hotmail.com,(609)443-6325x2809,,Cancelled,2025-02-23,29.99
MEMBER-08361,Tristan Mitchell,tristan.mitchell@hotmail.com,(977)962-7076,,Frozen,2026-01-25,-29.99
MEMBER-08362,Kenneth Forbes,kenneth.forbes@yahoo.com,448.471.4870x34884,VIP,Active,2025-04-28,29.99
MEMBER-08363,Stacey Parker,stacey.parker@hotmail.com,213.645.3888,Premium,Cancelled,2026-08-28,99.99
MEMBER-08364,Cynthia Petersen,cynthia.petersen@hotmail.com,+1-533-777-6747x6727,,Frozen,2024-12-28,29.99
MEMBER-08365,Brian Jacobson,brian.jacobson@gmail.com,+1-884-309-5256x90244,,Cancelled,2026-08-14,99.99
MEMBER-08366,Janet Moss,janet.moss@yahoo.com,001-621-421-8168x5732,Basic,Active,2026-06-18,29.99
MEMBER-08367,Tommy Hamilton,tommy.hamilton@hotmail.com,563-536-5526,Basic,Frozen,2025-09-07,99.99
MEMBER-08368,John Taylor,john.taylor@hotmail.com,001-731-465-3709x30876,BASIC,Active,2026-01-29,-29.99
MEMBER-08369,Robert Wood,robert.wood@yahoo.com,3016526465,VIP,Active,2026-01-22,29.99
MEMBER-08370,Vincent Johnston,vincent.johnston@yahoo.com,2236489515,Premium,Active,2025-05-01,99.99
MEMBER-08371,George Holmes,george.holmes@gmail.com,(307)560-2193,VIP,Active,2026-03-20,29.99
MEMBER-08372,Jonathan Moon,jonathan.moon@gmail.com,560-874-0809,VIP,Active,2026-07-04,99.99
MEMBER-08373,Cynthia Cunningham,cynthia.cunningham@yahoo.com,270.656.4566x28680,Premium,Active,2026-06-22,99.99
MEMBER-08374,Adam Wolfe,adam.wolfe@hotmail.com,(745)538-8112x62887,BASIC,Active,2026-09-15,99.99
MEMBER-08375,Philip Taylor,philip.taylor@hotmail.com,+1-277-467-8491x926,Basic,Cancelled,2026-09-22,99.99
MEMBER-08376,Jacob Ray,jacob.ray@gmail.com,497.312.1164,Premium,Active,2025-11-10,99.99
MEMBER-08377,Christopher Baker,christopher.baker@yahoo.com,584.583.3269,,Cancelled,2024-11-21,-29.99
MEMBER-08378,Michael Carter,michael.carter@gmail.com,(749)984-8161x44440,VIP,Active,2026-02-12,99.99
MEMBER-08379,Joseph Rocha,joseph.rocha@hotmail.com,(422)601-1270,VIP,Active,2025-05-19,59.99
MEMBER-08380,Jacob Jordan,jacob.jordan@gmail.com,(669)574-8156x54037,Basic,Active,2025-10-20,29.99
MEMBER-08381,Eugene Franklin,eugene.franklin@yahoo.com,897-322-7432,BASIC,Frozen,2025-11-14,-29.99
MEMBER-08382,Nathaniel Ray,nathaniel.ray@gmail.com,001-263-244-5661x8206,VIP,Active,2025-10-18,29.99
MEMBER-08383,Kyle Romero,kyle.romero@hotmail.com,+1-270-926-7215x609,BASIC,Active,2026-03-15,99.99
MEMBER-08384,Suzanne Miller,suzanne.miller@hotmail.com,757-889-0407x4067,Basic,Active,2025-11-07,29.99
MEMBER-08385,Lynn Beck,lynn.beck@hotmail.com,001-536-540-9591x4893,Premium,Active,2025-01-12,29.99
MEMBER-08386,Johnathan Pennington,johnathan.pennington@yahoo.com,776.882.2766,BASIC,Cancelled,2026-09-26,-29.99
MEMBER-08387,Timothy Floyd,timothy.floyd@yahoo.com,+1-679-620-2853x25813,Basic,Active,2026-01-27,29.99
MEMBER-08388,Andrew Williams,andrew.williams@gmail.com,905-717-7090x182,Basic,Frozen,2026-09-17,-29.99
MEMBER-08389,Brandon Case,brandon.case@yahoo.com,001-597-582-2971x20302,BASIC,Active,2025-04-23,29.99
MEMBER-08390,Jill Smith,jill.smith@yahoo.com,975.987.4112x304,Basic,Active,2026-09-13,-29.99
MEMBER-08391,Amy Pugh,amy.pugh@yahoo.com,(293)629-5406x8283,BASIC,Frozen,2024-11-27,59.99
MEMBER-08392,Michael Miller,michael.miller@gmail.com,358-638-0278x492,Premium,Cancelled,2026-06-29,-29.99
MEMBER-08393,John Long,john.long@hotmail.com,793-895-2155x1802,Basic,Active,2025-08-20,29.99
MEMBER-08394,Stephanie Thomas,stephanie.thomas@gmail.com,240.406.4178x9066,VIP,Active,2025-05-03,99.99
MEMBER-08395,Grant Martin,grant.martin@gmail.com,286.316.7970,,Cancelled,2025-08-19,99.99
MEMBER-08396,Christina Pope,christina.pope@hotmail.com,548-967-1267x92704,Premium,Frozen,2026-08-04,99.99
MEMBER-08397,Craig Mooney,craig.mooney@gmail.com,273-810-1383x5242,,Active,2026-03-15,99.99
MEMBER-08398,Douglas Meyers,douglas.meyers@yahoo.com,816.275.9036x8785,BASIC,Frozen,2025-12-17,-29.99
MEMBER-08399,Michael Davis,michael.davis@yahoo.com,882.525.9843,Premium,Frozen,2025-01-24,59.99
MEMBER-08400,Amber Lawrence,amber.lawrence@hotmail.com,+1-293-794-4012x792,VIP,Cancelled,2025-05-17,59.99
MEMBER-08401,Tammy Williams,tammy.williams@gmail.com,(714)777-3545x71539,,Cancelled,2025-10-22,99.99
MEMBER-08402,Douglas Mcneil,douglas.mcneil@gmail.com,001-206-730-7228,Premium,Active,2025-07-17,-29.99
MEMBER-08403,Sharon Thomas,sharon.thomas@hotmail.com,410.535.4551,Premium,Active,2026-04-25,-29.99
MEMBER-08404,Barry Sullivan,barry.sullivan@gmail.com,481-410-3389,BASIC,Frozen,2025-02-09,29.99
MEMBER-08405,Lori Joseph,lori.joseph@yahoo.com,001-433-643-1321x62936,Basic,Frozen,2025-05-28,99.99
MEMBER-08406,Christine Romero,christine.romero@hotmail.com,902-771-4164,BASIC,Active,2024-12-02,-29.99
MEMBER-08407,Paul Hunter,paul.hunter@yahoo.com,+1-785-573-2948x85984,,Cancelled,2026-03-22,29.99
MEMBER-08408,Amanda Thomas,amanda.thomas@hotmail.com,+1-805-280-8064x0020,Premium,Active,2025-03-09,59.99
MEMBER-08409,Christopher Castro,christopher.castro@hotmail.com,600-663-4580,,Frozen,2026-03-29,59.99
MEMBER-08410,Gary Medina,gary.medina@gmail.com,(955)756-2440,Premium,Active,2026-08-08,59.99
MEMBER-08411,Victoria Mclaughlin,victoria.mclaughlin@yahoo.com,482.313.7039x2024,BASIC,Active,2024-12-30,-29.99
MEMBER-08412,Christina Flynn,christina.flynn@gmail.com,001-704-370-4963x6841,,Cancelled,2026-06-02,99.99
MEMBER-08413,Brittany Miller,brittany.miller@yahoo.com,5466883765,VIP,Active,2025-05-24,99.99
MEMBER-08414,Scott Dodson,scott.dodson@yahoo.com,991.580.5374,Basic,Cancelled,2025-11-10,99.99
MEMBER-08415,Caitlin Mason,caitlin.mason@gmail.com,(957)927-3114x9364,Premium,Frozen,2025-12-12,99.99
MEMBER-08416,Joshua Butler,joshua.butler@gmail.com,+1-656-312-8581x1373,BASIC,Active,2025-12-05,59.99
MEMBER-08417,Maria Gray,maria.gray@yahoo.com,6435090997,Basic,Active,2026-07-02,59.99
MEMBER-08418,Kimberly Wolf,kimberly.wolf@yahoo.com,(312)865-1655x3202,Basic,Active,2025-12-24,59.99
MEMBER-08419,Emily Wright,emily.wright@yahoo.com,(464)786-7723x866,Basic,Active,2025-05-03,59.99
MEMBER-08420,Michael Hernandez,michael.hernandez@gmail.com,001-597-801-2855,,Cancelled,2024-12-13,-29.99
MEMBER-08421,Kathryn Jacobs,kathryn.jacobs@hotmail.com,462.533.7995x089,BASIC,Active,2025-06-01,-29.99
MEMBER-08422,Donald French,donald.french@hotmail.com,6408193879,Basic,Active,2025-08-26,99.99
MEMBER-08423,Gerald Hawkins,gerald.hawkins@hotmail.com,001-959-983-4023x360,Premium,Frozen,2026-05-05,59.99
MEMBER-08424,Duane Wright,duane.wright@yahoo.com,965.582.3754,BASIC,Active,2024-11-03,59.99
MEMBER-08425,Steven Scott,steven.scott@hotmail.com,001-442-629-5778x5912,Basic,Active,2024-11-15,29.99
MEMBER-08426,James Carlson,james.carlson@hotmail.com,225-215-1140x430,BASIC,Active,2025-06-24,59.99
MEMBER-08427,Daniel Tucker,daniel.tucker@hotmail.com,752.601.2377,Basic,Active,2025-10-27,59.99
MEMBER-08428,Christina Arroyo,christina.arroyo@yahoo.com,(686)222-0350,VIP,Cancelled,2024-10-23,59.99
MEMBER-08429,Kevin Moore,kevin.moore@gmail.com,(771)377-2091x2596,VIP,Frozen,2025-11-12,-29.99
MEMBER-08430,Alyssa Oconnor,alyssa.oconnor@gmail.com,+1-579-237-9397x5107,Premium,Active,2025-08-15,99.99
MEMBER-08431,Dwayne Clark,dwayne.clark@yahoo.com,(561)995-2613x25318,BASIC,Active,2026-06-18,-29.99
MEMBER-08432,Sandra Montgomery,sandra.montgomery@yahoo.com,+1-262-970-6132x2040,Basic,Active,2024-11-20,29.99
MEMBER-08433,Amy Burch,amy.burch@hotmail.com,(415)999-7370x6632,,Active,2024-12-24,29.99
MEMBER-08434,Vanessa Smith,vanessa.smith@yahoo.com,(860)761-0472,BASIC,Frozen,2025-03-19,-29.99
MEMBER-08435,Jose Lewis,jose.lewis@gmail.com,(977)305-6627,VIP,Active,2025-04-18,-29.99
MEMBER-08436,Alicia Jennings,alicia.jennings@yahoo.com,001-539-298-1466x3366,BASIC,Active,2026-07-26,99.99
MEMBER-08437,Rachel Harrell,rachel.harrell@gmail.com,6793693215,Basic,Active,2026-09-26,59.99
MEMBER-08438,Rebecca Brady,rebecca.brady@yahoo.com,+1-618-959-8806x999,Premium,Frozen,2024-11-12,99.99
MEMBER-08439,Vanessa Morales,vanessa.morales@yahoo.com,+1-908-831-5330x793,Basic,Active,2026-02-04,99.99
MEMBER-08440,Barbara Perry,barbara.perry@hotmail.com,001-955-201-6196x69998,Premium,Cancelled,2025-08-22,99.99
MEMBER-08441,Eugene Juarez,eugene.juarez@gmail.com,(238)874-7364x04758,Premium,Active,2025-05-14,99.99
MEMBER-08442,John Wilson,john.wilson@hotmail.com,5909323743,Premium,Active,2026-02-04,59.99
MEMBER-08443,Bradley Nguyen,bradley.nguyen@yahoo.com,626.626.4062,Premium,Cancelled,2025-05-30,29.99
MEMBER-08444,David Lara,david.lara@yahoo.com,950-919-2270x043,,Active,2026-01-27,99.99
MEMBER-08445,Lori Sandoval,lori.sandoval@gmail.com,+1-347-743-7626x8957,Premium,Active,2025-12-28,-29.99
MEMBER-08446,Frank Snow,frank.snow@yahoo.com,(669)603-0008,Basic,Frozen,2025-04-30,99.99
MEMBER-08447,Matthew Griffith,matthew.griffith@gmail.com,001-641-743-9540x55617,BASIC,Cancelled,2026-01-11,-29.99
MEMBER-08448,George Chambers,george.chambers@gmail.com,+1-239-341-8846x4311,Basic,Active,2026-05-06,99.99
MEMBER-08449,Morgan Rich,morgan.rich@hotmail.com,538.509.1423x74322,BASIC,Active,2024-10-20,29.99
MEMBER-08450,Amy Crawford,amy.crawford@gmail.com,872-714-5061x747,VIP,Active,2025-03-03,29.99
MEMBER-08451,Samantha Dunn,samantha.dunn@hotmail.com,8888283103,Basic,Active,2024-12-19,-29.99
MEMBER-08452,Megan Brewer,megan.brewer@hotmail.com,001-982-287-8379x9583,Premium,Active,2026-01-10,29.99
MEMBER-08453,Jeffrey Greene,jeffrey.greene@gmail.com,422-905-0946x0176,Basic,Active,2026-05-08,59.99
MEMBER-08454,Troy Brooks,troy.brooks@yahoo.com,5244300292,BASIC,Frozen,2026-06-14,59.99
MEMBER-08455,Daniel Morris,daniel.morris@gmail.com,855.509.4993x57277,VIP,Active,2025-04-10,99.99
MEMBER-08456,Sarah Davis,sarah.davis@yahoo.com,001-960-530-4260,,Active,2025-07-06,59.99
MEMBER-08457,Chelsea Kelley,chelsea.kelley@yahoo.com,463-995-4250,Premium,Frozen,2025-04-14,99.99
MEMBER-08458,Stephanie Wright,stephanie.wright@gmail.com,(439)270-8185x0680,,Cancelled,2025-11-04,99.99
MEMBER-08459,Cody Ball,cody.ball@yahoo.com,832.955.4818x0937,BASIC,Active,2026-05-22,59.99
MEMBER-08460,Richard Stuart,richard.stuart@yahoo.com,(618)251-9161x629,Basic,Frozen,2026-09-21,-29.99
MEMBER-08461,Logan Lopez,logan.lopez@hotmail.com,001-786-877-4887,BASIC,Active,2024-09-27,99.99
MEMBER-08462,Kristina Lewis,kristina.lewis@yahoo.com,3169162502,BASIC,Cancelled,2025-05-23,-29.99
MEMBER-08463,Patricia Lin,patricia.lin@yahoo.com,909-730-0471,BASIC,Frozen,2026-05-14,59.99
MEMBER-08464,Matthew Brown,matthew.brown@yahoo.com,815-603-8584,Premium,Active,2026-04-10,59.99
MEMBER-08465,Jesse Ayala,jesse.ayala@gmail.com,001-700-953-5110x65667,Basic,Active,2026-07-18,59.99
MEMBER-08466,Travis Aguirre,travis.aguirre@hotmail.com,(488)453-0962x097,BASIC,Active,2025-09-06,99.99
MEMBER-08467,Brent Campbell,brent.campbell@gmail.com,526-804-8380x61814,Premium,Cancelled,2026-07-19,99.99
MEMBER-08468,Tanya Jones,tanya.jones@yahoo.com,+1-586-783-3166,BASIC,Frozen,2026-03-29,99.99
MEMBER-08469,Jennifer Johnson,jennifer.johnson@hotmail.com,001-872-859-2444x270,,Cancelled,2026-02-24,-29.99
MEMBER-08470,Gina Tanner,gina.tanner@hotmail.com,001-322-727-3127,Premium,Frozen,2026-07-15,29.99
MEMBER-08471,Patrick Thomas,patrick.thomas@hotmail.com,549.531.9061,Basic,Active,2025-08-12,59.99
MEMBER-08472,James Howard,james.howard@yahoo.com,726-618-2286x37843,Basic,Active,2026-09-18,29.99
MEMBER-08473,William Long,william.long@gmail.com,(239)646-9179x0994,Basic,Frozen,2025-10-07,-29.99
MEMBER-08474,Donald Washington,donald.washington@hotmail.com,9725116228,Basic,Frozen,2025-03-25,29.99
MEMBER-08475,Julie Ellis,julie.ellis@hotmail.com,5194378670,,Active,2026-03-06,99.99
MEMBER-08476,Glen Everett,glen.everett@yahoo.com,+1-711-927-4061x59471,VIP,Cancelled,2026-03-18,59.99
MEMBER-08477,Kimberly Wood,kimberly.wood@yahoo.com,001-769-577-4114x37481,BASIC,Active,2025-03-23,-29.99
MEMBER-08478,Tracy Mathews,tracy.mathews@yahoo.com,7426379699,Premium,Active,2026-01-07,59.99
MEMBER-08479,Aaron Johnson,aaron.johnson@gmail.com,4123175025,Premium,Frozen,2024-10-14,-29.99
MEMBER-08480,Lisa White,lisa.white@hotmail.com,(742)901-4975,Premium,Active,2026-08-31,59.99
MEMBER-08481,Jeremy Cooper,jeremy.cooper@gmail.com,001-688-998-4838x703,Basic,Active,2025-05-11,29.99
MEMBER-08482,Christopher Nelson,christopher.nelson@yahoo.com,950.698.6130,Basic,Active,2025-09-22,29.99
MEMBER-08483,Donna Cole,donna.cole@gmail.com,605-333-1546x9536,,Cancelled,2025-02-17,29.99
MEMBER-08484,James Henderson,james.henderson@yahoo.com,+1-429-636-5569x5894,,Active,2026-06-17,29.99
MEMBER-08485,Roger Johnson,roger.johnson@yahoo.com,527.658.2514,Basic,Frozen,2026-05-22,29.99
MEMBER-08486,Elizabeth Barron,elizabeth.barron@gmail.com,750.218.8360,Premium,Cancelled,2025-07-13,99.99
MEMBER-08487,Denise Young,denise.young@yahoo.com,969.768.7274,VIP,Active,2026-09-10,99.99
MEMBER-08488,Theresa Haney,theresa.haney@yahoo.com,676.611.2979x43255,,Cancelled,2024-10-04,29.99
MEMBER-08489,Larry Jackson,larry.jackson@gmail.com,001-934-548-3871x7602,,Cancelled,2026-04-14,29.99
MEMBER-08490,Michael Coleman,michael.coleman@gmail.com,317.611.1855,VIP,Cancelled,2026-02-19,-29.99
MEMBER-08491,Raymond Moore,raymond.moore@gmail.com,463-862-1305x578,BASIC,Active,2025-02-16,29.99
MEMBER-08492,Anna Acevedo,anna.acevedo@hotmail.com,+1-879-461-9315,Premium,Active,2024-12-10,-29.99
MEMBER-08493,Jose Willis,jose.willis@yahoo.com,449.292.5603x7514,Premium,Active,2025-11-13,29.99
MEMBER-08494,Emily Sanford,emily.sanford@hotmail.com,001-867-639-8526,Premium,Cancelled,2025-03-04,-29.99
MEMBER-08495,Lauren Cummings,lauren.cummings@yahoo.com,001-680-536-5844,,Active,2025-06-26,99.99
MEMBER-08496,Anna Stuart,anna.stuart@yahoo.com,001-780-371-2360,,Frozen,2025-04-04,-29.99
MEMBER-08497,Kaitlin Sanchez,kaitlin.sanchez@gmail.com,001-349-832-2906x080,VIP,Active,2025-05-24,29.99
MEMBER-08498,Barbara Barber,barbara.barber@yahoo.com,001-238-222-1361x1998,VIP,Cancelled,2026-01-26,29.99
MEMBER-08499,Tiffany Meadows,tiffany.meadows@gmail.com,001-549-599-0778x60399,Basic,Active,2025-09-28,99.99
MEMBER-08500,Tiffany Jones,tiffany.jones@yahoo.com,991.750.8321x4310,,Cancelled,2026-07-09,59.99
MEMBER-08501,Jeffrey Mcpherson,jeffrey.mcpherson@hotmail.com,477-548-7558x58259,Basic,Active,2026-02-10,-29.99
MEMBER-08502,Shawn Anderson,shawn.anderson@yahoo.com,001-802-303-8288,Premium,Active,2025-01-30,99.99
MEMBER-08503,Kyle Garcia,kyle.garcia@yahoo.com,001-655-211-6280x09567,Premium,Active,2026-02-20,29.99
MEMBER-08504,Kevin Roberts,kevin.roberts@yahoo.com,+1-331-234-7955x1312,VIP,Cancelled,2026-08-28,-29.99
MEMBER-08505,Brian Vincent,brian.vincent@gmail.com,3749407762,,Cancelled,2026-08-01,-29.99
MEMBER-08506,Richard Rodriguez,richard.rodriguez@yahoo.com,489.447.5197x735,BASIC,Frozen,2025-06-13,29.99
MEMBER-08507,Douglas Nichols,douglas.nichols@gmail.com,351.833.0055,Basic,Active,2026-08-29,-29.99
MEMBER-08508,Joseph Knapp,joseph.knapp@yahoo.com,833.446.8803,BASIC,Active,2025-12-13,29.99
MEMBER-08509,Mandy Richards,mandy.richards@yahoo.com,(557)310-7691x549,,Active,2026-08-21,-29.99
MEMBER-08510,Timothy Valdez,timothy.valdez@hotmail.com,+1-768-440-5264x005,BASIC,Cancelled,2026-01-07,59.99
MEMBER-08511,Michael Brown,michael.brown@gmail.com,909-465-1725,BASIC,Cancelled,2025-12-02,-29.99
MEMBER-08512,Jason Coleman,jason.coleman@hotmail.com,997-765-2403x473,,Frozen,2025-11-16,29.99
MEMBER-08513,Jerry Ross,jerry.ross@gmail.com,+1-372-205-2511x8280,Basic,Active,2025-06-01,59.99
MEMBER-08514,Stephen Lucas,stephen.lucas@gmail.com,+1-977-994-6411,BASIC,Active,2024-12-03,59.99
MEMBER-08515,Jerry Evans,jerry.evans@hotmail.com,001-435-418-3472x0900,,Cancelled,2025-01-26,59.99
MEMBER-08516,Kelly Cox,kelly.cox@yahoo.com,697-264-2037x225,BASIC,Active,2025-10-13,-29.99
MEMBER-08517,Ashley Edwards,ashley.edwards@yahoo.com,001-317-556-8787x799,BASIC,Active,2026-01-13,59.99
MEMBER-08518,Juan Wilson,juan.wilson@yahoo.com,+1-724-221-2297,BASIC,Active,2025-06-12,29.99
MEMBER-08519,Cathy Martinez,cathy.martinez@gmail.com,(539)979-2944x833,BASIC,Frozen,2026-02-12,59.99
MEMBER-08520,Taylor Freeman,taylor.freeman@gmail.com,+1-756-614-8163x71134,Premium,Active,2025-04-24,-29.99
MEMBER-08521,Allison Crawford,allison.crawford@gmail.com,2107487657,VIP,Cancelled,2026-08-22,99.99
MEMBER-08522,Lori Tyler,lori.tyler@yahoo.com,325.825.1187,,Active,2025-07-11,59.99
MEMBER-08523,Alex Martinez,alex.martinez@hotmail.com,575.340.0743,VIP,Frozen,2026-05-18,-29.99
MEMBER-08524,Katherine Davies,katherine.davies@gmail.com,(791)989-1595x81297,BASIC,Active,2025-12-13,59.99
MEMBER-08525,Katherine Avila,katherine.avila@yahoo.com,001-770-245-2607,BASIC,Frozen,2026-04-08,-29.99
MEMBER-08526,Leon Williams,leon.williams@hotmail.com,(328)833-1160x909,BASIC,Frozen,2026-09-24,29.99
MEMBER-08527,David Hopkins,david.hopkins@hotmail.com,001-550-400-0746x5468,,Cancelled,2025-10-14,99.99
MEMBER-08528,Mary Barron,mary.barron@gmail.com,001-709-865-7509x6916,,Active,2025-04-26,99.99
MEMBER-08529,Dean Lewis,dean.lewis@yahoo.com,356.995.0960x162,Basic,Active,2026-06-14,99.99
MEMBER-08530,Jeffery Lopez,jeffery.lopez@gmail.com,535.891.9026x608,Basic,Active,2026-05-28,29.99
MEMBER-08531,Renee Yu,renee.yu@gmail.com,446.470.8029x99676,BASIC,Frozen,2026-01-30,-29.99
MEMBER-08532,Debra Jackson,debra.jackson@yahoo.com,226.551.1659x750,,Cancelled,2026-06-04,29.99
MEMBER-08533,Kevin Reed,kevin.reed@gmail.com,+1-715-631-8759x602,Premium,Frozen,2025-08-27,-29.99
MEMBER-08534,Manuel Sanders,manuel.sanders@yahoo.com,9238350755,VIP,Active,2024-11-29,-29.99
MEMBER-08535,Rebecca Smith,rebecca.smith@yahoo.com,(255)265-8828,Basic,Active,2025-05-01,99.99
MEMBER-08536,Mark Arnold,mark.arnold@hotmail.com,(699)217-6262,,Active,2024-11-16,29.99
MEMBER-08537,Charlene Richardson,charlene.richardson@yahoo.com,8249404729,Basic,Frozen,2025-01-05,29.99
MEMBER-08538,Michelle Wright,michelle.wright@hotmail.com,210-562-7690x460,Basic,Cancelled,2025-06-17,99.99
MEMBER-08539,Jon Miles,jon.miles@yahoo.com,(713)299-1050x308,VIP,Cancelled,2024-11-04,-29.99
MEMBER-08540,Laurie Powell,laurie.powell@gmail.com,280.920.1788x475,,Active,2026-03-05,99.99
MEMBER-08541,Brooke Mccall,brooke.mccall@gmail.com,+1-816-876-4157x0930,BASIC,Active,2026-04-10,59.99
MEMBER-08542,Kathy Hamilton,kathy.hamilton@yahoo.com,477-909-2916x29569,Basic,Cancelled,2025-04-05,59.99
MEMBER-08543,Juan Scott,juan.scott@gmail.com,+1-493-226-6084x55543,Basic,Active,2026-04-27,29.99
MEMBER-08544,Stephanie Nixon,stephanie.nixon@hotmail.com,(770)938-7068x8298,Premium,Frozen,2026-08-14,29.99
MEMBER-08545,Mindy Faulkner,mindy.faulkner@yahoo.com,001-540-831-5639x660,Basic,Active,2025-03-03,29.99
MEMBER-08546,David Stark,david.stark@hotmail.com,425-907-1293x6673,BASIC,Frozen,2024-12-02,59.99
MEMBER-08547,Sarah Watson,sarah.watson@hotmail.com,5112492476,,Active,2025-12-26,-29.99
MEMBER-08548,Steven Johnson,steven.johnson@yahoo.com,992.289.7922,,Frozen,2024-10-07,59.99
MEMBER-08549,Angela Turner,angela.turner@yahoo.com,(261)794-0699,Premium,Cancelled,2026-03-23,59.99
MEMBER-08550,Olivia Cox,olivia.cox@hotmail.com,894.554.3746x678,Premium,Active,2026-04-07,59.99
MEMBER-08551,Craig Horn,craig.horn@gmail.com,+1-248-597-6875x4733,Basic,Active,2025-09-14,-29.99
MEMBER-08552,Julia Ramirez,julia.ramirez@yahoo.com,716-311-3067,Premium,Active,2025-01-14,29.99
MEMBER-08553,Christopher Bradford,christopher.bradford@yahoo.com,284.397.0246,BASIC,Cancelled,2026-08-11,29.99
MEMBER-08554,Jay Walker,jay.walker@hotmail.com,(829)549-7593x003,Premium,Frozen,2025-10-28,59.99
MEMBER-08555,Anthony Ray,anthony.ray@hotmail.com,676.610.0260x4976,BASIC,Active,2026-08-09,59.99
MEMBER-08556,Nicholas Cox,nicholas.cox@hotmail.com,737-910-8742x44355,VIP,Active,2024-11-18,99.99
MEMBER-08557,Richard Hill,richard.hill@gmail.com,382.310.8539x31661,Premium,Active,2024-12-19,99.99
MEMBER-08558,Anthony Key,anthony.key@gmail.com,(358)565-0680,Basic,Frozen,2025-12-27,-29.99
MEMBER-08559,Christopher Neal,christopher.neal@hotmail.com,811-401-7584,Basic,Frozen,2025-08-12,99.99
MEMBER-08560,Jared Gibson,jared.gibson@gmail.com,958-375-8857x692,BASIC,Frozen,2025-11-29,-29.99
MEMBER-08561,Sandra King,sandra.king@gmail.com,6193271164,BASIC,Frozen,2026-07-01,29.99
MEMBER-08562,Joseph Chavez,joseph.chavez@gmail.com,001-273-985-2926x0561,BASIC,Active,2025-05-26,59.99
MEMBER-08563,Lori Conrad,lori.conrad@gmail.com,+1-719-323-6450x612,VIP,Frozen,2026-07-14,99.99
MEMBER-08564,Brandon Price,brandon.price@hotmail.com,001-491-370-0628,VIP,Cancelled,2026-05-26,99.99
MEMBER-08565,Sabrina Stokes,sabrina.stokes@hotmail.com,+1-577-729-4508x936,VIP,Active,2026-08-03,99.99
MEMBER-08566,Linda Hudson,linda.hudson@yahoo.com,913.535.9889,BASIC,Active,2026-05-09,-29.99
MEMBER-08567,Patricia Collins,patricia.collins@hotmail.com,001-885-481-0191x477,VIP,Cancelled,2026-06-10,99.99
MEMBER-08568,Renee Mcpherson,renee.mcpherson@hotmail.com,880.643.0832,,Cancelled,2025-01-09,99.99
MEMBER-08569,Chad Lyons,chad.lyons@gmail.com,001-463-695-1756x3022,,Cancelled,2025-04-01,99.99
MEMBER-08570,Brittany Cole,brittany.cole@hotmail.com,528.862.9514x1410,,Active,2025-01-29,59.99
MEMBER-08571,Alyssa Hutchinson,alyssa.hutchinson@hotmail.com,001-381-716-7007x9684,BASIC,Active,2025-03-07,59.99
MEMBER-08572,Ryan Dunlap,ryan.dunlap@yahoo.com,750-770-1456x1092,BASIC,Active,2026-03-20,99.99
MEMBER-08573,Christopher Henderson,christopher.henderson@hotmail.com,+1-738-790-0608,,Frozen,2025-03-19,59.99
MEMBER-08574,Jonathan Hunter,jonathan.hunter@gmail.com,(697)375-0793x568,Premium,Active,2026-08-21,-29.99
MEMBER-08575,Jeremiah Carter,jeremiah.carter@yahoo.com,+1-772-665-2343x992,BASIC,Frozen,2025-04-11,-29.99
MEMBER-08576,Christina Clark,christina.clark@yahoo.com,808-431-2623x09760,Basic,Frozen,2026-06-29,59.99
MEMBER-08577,Jonathan Roth,jonathan.roth@hotmail.com,392-751-5582,Premium,Active,2025-07-05,59.99
MEMBER-08578,Michael Gilmore,michael.gilmore@gmail.com,4623807386,VIP,Frozen,2025-05-27,59.99
MEMBER-08579,George Crawford,george.crawford@gmail.com,651.629.9401x14671,BASIC,Frozen,2026-03-13,29.99
MEMBER-08580,Jeremy Phelps,jeremy.phelps@yahoo.com,(501)452-9699x78193,VIP,Active,2026-02-03,99.99
MEMBER-08581,Kelsey Conner,kelsey.conner@gmail.com,+1-810-501-8794x0184,VIP,Active,2026-05-18,99.99
MEMBER-08582,Michael Walker,michael.walker@yahoo.com,488.876.3205x26859,Basic,Cancelled,2025-09-24,99.99
MEMBER-08583,Ashley Young,ashley.young@hotmail.com,+1-756-349-7567x117,BASIC,Active,2025-07-04,59.99
MEMBER-08584,Nicole Cherry,nicole.cherry@gmail.com,(804)215-8175,Basic,Active,2026-01-20,-29.99
MEMBER-08585,Cody Munoz,cody.munoz@yahoo.com,(463)812-8506x24382,Premium,Frozen,2026-09-12,59.99
MEMBER-08586,Cynthia Rosales,cynthia.rosales@gmail.com,532-766-5490x48444,,Cancelled,2025-03-14,29.99
MEMBER-08587,Kevin Whitehead,kevin.whitehead@yahoo.com,3719320941,BASIC,Active,2025-07-24,59.99
MEMBER-08588,Mikayla Lee,mikayla.lee@gmail.com,+1-908-978-0758x815,BASIC,Cancelled,2025-08-30,99.99
MEMBER-08589,Jessica Brown,jessica.brown@yahoo.com,(800)746-1776,VIP,Frozen,2025-11-14,29.99
MEMBER-08590,Kristen Hays,kristen.hays@gmail.com,+1-555-518-9313x18417,Premium,Active,2026-08-20,29.99
MEMBER-08591,Miranda Mckenzie,miranda.mckenzie@gmail.com,(361)615-4023x1838,BASIC,Cancelled,2025-11-07,99.99
MEMBER-08592,Michael Townsend,michael.townsend@gmail.com,+1-312-484-8787x758,,Frozen,2025-11-29,29.99
MEMBER-08593,David Robinson,david.robinson@yahoo.com,777.415.4110,VIP,Active,2025-07-20,59.99
MEMBER-08594,Shawn Alvarez,shawn.alvarez@gmail.com,+1-912-663-6235x276,Basic,Frozen,2026-07-04,99.99
MEMBER-08595,Melinda Giles,melinda.giles@hotmail.com,897.283.2987,Basic,Cancelled,2026-09-09,29.99
MEMBER-08596,Deborah Harrington,deborah.harrington@gmail.com,755.994.6726x770,VIP,Cancelled,2024-10-20,99.99
MEMBER-08597,Kristi Scott,kristi.scott@hotmail.com,+1-207-872-9545x24189,Premium,Active,2025-07-11,59.99
MEMBER-08598,Walter Roberts,walter.roberts@hotmail.com,674-734-2394,BASIC,Frozen,2025-03-05,59.99
MEMBER-08599,Dylan Green,dylan.green@gmail.com,+1-471-796-0528,Premium,Active,2026-07-21,99.99
MEMBER-08600,Chad Huff,chad.huff@hotmail.com,710-561-7036,Premium,Active,2026-07-18,29.99
MEMBER-08601,Emily Smith,emily.smith@gmail.com,342.417.9552x522,Basic,Cancelled,2025-10-28,59.99
MEMBER-08602,George Smith,george.smith@hotmail.com,(782)288-7951x3436,VIP,Active,2025-03-09,99.99
MEMBER-08603,Timothy Lawrence,timothy.lawrence@yahoo.com,001-768-272-3856x132,Premium,Active,2024-12-31,99.99
MEMBER-08604,Joshua Johnson,joshua.johnson@hotmail.com,416.421.9718x93838,Premium,Active,2025-09-12,99.99
MEMBER-08605,Joseph Perez,joseph.perez@gmail.com,001-430-370-0520x4777,Premium,Active,2025-08-30,-29.99
MEMBER-08606,Kathy Clarke,kathy.clarke@hotmail.com,602-585-7386,Premium,Frozen,2024-12-10,29.99
MEMBER-08607,Tammy Erickson,tammy.erickson@hotmail.com,5833631782,Basic,Frozen,2025-03-06,-29.99
MEMBER-08608,Jack Hansen,jack.hansen@hotmail.com,(439)727-8152x5679,Premium,Cancelled,2026-06-07,99.99
MEMBER-08609,Thomas Haynes,thomas.haynes@yahoo.com,001-249-315-9939x05206,VIP,Frozen,2024-10-03,99.99
MEMBER-08610,Jennifer Soto,jennifer.soto@hotmail.com,001-835-346-9363,Basic,Frozen,2026-01-13,-29.99
MEMBER-08611,Seth Fowler,seth.fowler@hotmail.com,6832731608,Basic,Active,2025-04-06,59.99
MEMBER-08612,Jonathan Carr,jonathan.carr@hotmail.com,765.964.4499x58340,VIP,Active,2026-08-30,29.99
MEMBER-08613,Sarah Lane,sarah.lane@gmail.com,(609)423-3468,BASIC,Frozen,2026-07-10,99.99
MEMBER-08614,Lisa Jackson,lisa.jackson@gmail.com,(995)670-1111x6540,VIP,Frozen,2025-06-24,59.99
MEMBER-08615,Paul Poole,paul.poole@hotmail.com,616.937.6325x66198,BASIC,Active,2026-01-10,-29.99
MEMBER-08616,Amber Hernandez,amber.hernandez@hotmail.com,8764658945,Premium,Active,2026-07-01,59.99
MEMBER-08617,David Carter,david.carter@hotmail.com,896-892-7056,,Active,2026-09-21,-29.99
MEMBER-08618,Deborah Henry,deborah.henry@hotmail.com,001-912-976-4685x1917,BASIC,Cancelled,2025-09-06,59.99
MEMBER-08619,Shirley Riggs,shirley.riggs@yahoo.com,4785141357,BASIC,Frozen,2026-03-27,-29.99
MEMBER-08620,Brenda Benjamin,brenda.benjamin@gmail.com,587-597-0724x76879,Basic,Cancelled,2025-10-30,29.99
MEMBER-08621,Daniel Goodman,daniel.goodman@yahoo.com,001-631-214-9606x60934,VIP,Active,2026-06-23,99.99
MEMBER-08622,Brandon Martinez,brandon.martinez@yahoo.com,001-527-533-5776,BASIC,Cancelled,2025-03-16,-29.99
MEMBER-08623,Linda Miller,linda.miller@yahoo.com,841-290-3671,VIP,Active,2026-05-24,59.99
MEMBER-08624,David Friedman,david.friedman@gmail.com,001-895-753-3251x7313,BASIC,Active,2026-04-25,99.99
MEMBER-08625,Benjamin Randall,benjamin.randall@gmail.com,+1-305-306-8929x646,,Active,2025-06-08,-29.99
MEMBER-08626,Christopher Taylor,christopher.taylor@gmail.com,9005872002,BASIC,Cancelled,2025-03-16,29.99
MEMBER-08627,David Ross,david.ross@hotmail.com,001-684-760-5418,,Active,2026-09-26,-29.99
MEMBER-08628,Kaylee Munoz,kaylee.munoz@hotmail.com,752.769.0235,,Cancelled,2025-04-17,29.99
MEMBER-08629,Jennifer Davis,jennifer.davis@yahoo.com,2303706593,,Active,2025-10-21,59.99
MEMBER-08630,Juan Wong,juan.wong@yahoo.com,(794)521-5333,Basic,Cancelled,2025-01-19,99.99
MEMBER-08631,Kathleen Jennings,kathleen.jennings@yahoo.com,265.259.1858x77436,Basic,Active,2026-01-27,-29.99
MEMBER-08632,Jennifer Garcia,jennifer.garcia@hotmail.com,+1-654-978-8365x456,Basic,Frozen,2025-06-10,99.99
MEMBER-08633,Patricia Chaney,patricia.chaney@yahoo.com,672-349-3956x79971,Basic,Frozen,2024-10-21,59.99
MEMBER-08634,Kathleen Mcbride,kathleen.mcbride@hotmail.com,(671)625-7234x8661,Premium,Active,2025-10-17,-29.99
MEMBER-08635,Jeffrey Griffith,jeffrey.griffith@hotmail.com,647-517-2594,Premium,Active,2025-01-14,59.99
MEMBER-08636,Michelle Silva,michelle.silva@hotmail.com,4854725748,Premium,Frozen,2025-10-20,59.99
MEMBER-08637,Guy Rice,guy.rice@yahoo.com,+1-582-328-3124x29015,,Active,2026-09-11,99.99
MEMBER-08638,Matthew Aguilar,matthew.aguilar@yahoo.com,(361)583-1947x57785,,Frozen,2026-09-16,29.99
MEMBER-08639,Carl Walker,carl.walker@hotmail.com,001-284-204-1197x716,VIP,Cancelled,2025-08-17,29.99
MEMBER-08640,Emily Hernandez,emily.hernandez@gmail.com,2123405506,Premium,Frozen,2026-02-07,59.99
MEMBER-08641,Katrina Morris,katrina.morris@hotmail.com,727-605-8415,BASIC,Frozen,2026-01-31,99.99
MEMBER-08642,Angela Rose,angela.rose@hotmail.com,001-239-693-2456x98405,Basic,Cancelled,2025-08-10,59.99
MEMBER-08643,Brittany Conrad,brittany.conrad@yahoo.com,001-735-873-5661x689,Premium,Active,2025-08-18,59.99
MEMBER-08644,Tommy Holmes,tommy.holmes@hotmail.com,823.705.0463x60588,VIP,Cancelled,2025-08-25,-29.99
MEMBER-08645,Kimberly Thomas,kimberly.thomas@yahoo.com,608.915.2115x0732,VIP,Frozen,2026-07-14,-29.99
MEMBER-08646,Lindsey Morgan,lindsey.morgan@yahoo.com,(826)758-0290x332,BASIC,Active,2025-09-17,59.99
MEMBER-08647,Mary Hansen,mary.hansen@hotmail.com,904.944.0352x958,,Active,2025-04-21,29.99
MEMBER-08648,Stacey Rogers,stacey.rogers@gmail.com,+1-753-730-1828,VIP,Frozen,2025-11-20,29.99
MEMBER-08649,Robert Andrews,robert.andrews@yahoo.com,001-884-972-3009,VIP,Frozen,2026-04-27,59.99
MEMBER-08650,Robert Hunt,robert.hunt@hotmail.com,(591)902-7440x65033,Basic,Cancelled,2025-06-21,99.99
MEMBER-08651,Nicole Jones,nicole.jones@yahoo.com,613.271.4426,Premium,Active,2025-01-20,99.99
MEMBER-08652,Steven Ortiz,steven.ortiz@gmail.com,(364)990-6603,Premium,Active,2025-06-15,29.99
MEMBER-08653,Devon Hall,devon.hall@hotmail.com,727-377-3379x2232,Premium,Active,2026-05-20,-29.99
MEMBER-08654,Frank Diaz,frank.diaz@yahoo.com,(995)421-8927x210,Basic,Active,2025-03-06,99.99
MEMBER-08655,Cody Wilkinson,cody.wilkinson@hotmail.com,294-996-9093x00229,Basic,Active,2026-06-21,59.99
MEMBER-08656,Caitlin Ray,caitlin.ray@gmail.com,6076493093,,Active,2025-04-03,-29.99
MEMBER-08657,Mary Hamilton,mary.hamilton@gmail.com,345.581.1708,,Cancelled,2026-05-05,-29.99
MEMBER-08658,Jody Holmes,jody.holmes@yahoo.com,718.361.0963x428,VIP,Active,2026-08-28,-29.99
MEMBER-08659,Kimberly Garrett,kimberly.garrett@gmail.com,(969)998-9732,Premium,Cancelled,2025-08-25,29.99
MEMBER-08660,Ashley Dominguez,ashley.dominguez@gmail.com,695.334.0668x164,BASIC,Cancelled,2025-10-16,29.99
MEMBER-08661,John Richardson,john.richardson@yahoo.com,001-325-420-8759x39102,Basic,Active,2024-12-11,59.99
MEMBER-08662,Kristy Mahoney,kristy.mahoney@hotmail.com,895.704.7729x1095,,Cancelled,2026-07-31,59.99
MEMBER-08663,Rodney Johnson,rodney.johnson@gmail.com,+1-595-775-4621x62448,Basic,Cancelled,2025-12-25,-29.99
MEMBER-08664,Andrew Evans,andrew.evans@gmail.com,001-344-548-0233x9694,,Active,2026-05-25,99.99
MEMBER-08665,Brett Rogers,brett.rogers@hotmail.com,+1-878-777-7614x9971,BASIC,Cancelled,2024-11-22,-29.99
MEMBER-08666,Robert Brown,robert.brown@hotmail.com,001-615-255-3094x6800,BASIC,Active,2026-02-27,29.99
MEMBER-08667,Brent Taylor,brent.taylor@hotmail.com,001-612-600-7865x503,Basic,Frozen,2025-06-05,59.99
MEMBER-08668,James Delacruz,james.delacruz@yahoo.com,001-916-965-5625x1557,,Active,2025-08-15,-29.99
MEMBER-08669,Eric Hodge,eric.hodge@hotmail.com,(240)658-4898x142,Basic,Active,2025-08-22,99.99
MEMBER-08670,Tanya Stewart,tanya.stewart@gmail.com,001-580-777-2504x5987,VIP,Active,2026-06-28,99.99
MEMBER-08671,Claudia Randolph,claudia.randolph@yahoo.com,+1-560-900-3627x1308,Premium,Active,2025-04-29,99.99
MEMBER-08672,Maria Vazquez,maria.vazquez@yahoo.com,2627112650,VIP,Frozen,2025-09-22,29.99
MEMBER-08673,Kelly Bennett,kelly.bennett@yahoo.com,4916727717,Basic,Cancelled,2025-02-17,29.99
MEMBER-08674,Katie Tran,katie.tran@gmail.com,001-325-579-4060,Premium,Active,2026-07-12,59.99
MEMBER-08675,David Sanchez,david.sanchez@gmail.com,813-527-8521x7009,,Active,2025-10-27,29.99
MEMBER-08676,Taylor Gomez,taylor.gomez@gmail.com,001-807-847-4237x7967,Premium,Frozen,2025-10-01,99.99
MEMBER-08677,Elijah Walker,elijah.walker@yahoo.com,(332)402-7734x7584,Basic,Cancelled,2026-09-19,99.99
MEMBER-08678,Robert Hernandez,robert.hernandez@yahoo.com,671-706-5674,,Active,2024-10-14,-29.99
MEMBER-08679,Brandon Brown,brandon.brown@yahoo.com,868.207.4891x1023,BASIC,Active,2026-03-17,59.99
MEMBER-08680,Jennifer James,jennifer.james@yahoo.com,(599)776-1574,Basic,Frozen,2025-08-19,29.99
MEMBER-08681,Dean Davis,dean.davis@hotmail.com,+1-400-952-1045x06745,,Cancelled,2025-04-29,99.99
MEMBER-08682,George Ramirez,george.ramirez@yahoo.com,229.827.5820x2410,BASIC,Active,2025-04-02,99.99
MEMBER-08683,Margaret Murphy,margaret.murphy@hotmail.com,(244)782-7371,VIP,Active,2026-06-14,59.99
MEMBER-08684,Jennifer Nicholson,jennifer.nicholson@hotmail.com,674.375.1769,Premium,Active,2025-09-22,29.99
MEMBER-08685,Alexis Shepard,alexis.shepard@gmail.com,+1-565-554-7345x5285,Basic,Active,2026-06-20,59.99
MEMBER-08686,Phillip Arroyo,phillip.arroyo@gmail.com,+1-741-384-7066x34984,,Cancelled,2026-07-14,-29.99
MEMBER-08687,Samuel Herrera,samuel.herrera@gmail.com,407-607-9369x524,Premium,Active,2026-07-18,29.99
MEMBER-08688,Cody Garcia,cody.garcia@gmail.com,(915)829-9836x2506,VIP,Active,2025-06-05,59.99
MEMBER-08689,Nathan Carney,nathan.carney@gmail.com,746.494.8183,Premium,Frozen,2026-09-08,-29.99
MEMBER-08690,Peter Crawford,peter.crawford@hotmail.com,001-400-220-6029x01588,Basic,Active,2025-03-23,99.99
MEMBER-08691,Sarah Dunlap,sarah.dunlap@yahoo.com,794-400-8215x1272,Premium,Cancelled,2025-06-23,29.99
MEMBER-08692,John Roberts,john.roberts@yahoo.com,433.684.5590x5829,Basic,Cancelled,2024-12-02,59.99
MEMBER-08693,Jennifer Hogan,jennifer.hogan@yahoo.com,+1-844-524-4559x1035,VIP,Cancelled,2024-11-14,59.99
MEMBER-08694,Nicholas Hughes,nicholas.hughes@yahoo.com,(863)582-6117x22178,Basic,Cancelled,2024-12-24,29.99
MEMBER-08695,Daniel Bates,daniel.bates@gmail.com,812-560-3220,BASIC,Active,2025-11-18,-29.99
MEMBER-08696,Morgan Figueroa,morgan.figueroa@hotmail.com,001-337-820-5647x5923,Premium,Active,2026-09-08,29.99
MEMBER-08697,Charles Fowler,charles.fowler@yahoo.com,+1-801-223-5592,Premium,Active,2025-05-29,-29.99
MEMBER-08698,Rebecca Rodriguez,rebecca.rodriguez@yahoo.com,417.470.1577,Premium,Active,2025-09-28,29.99
MEMBER-08699,Edward Smith,edward.smith@yahoo.com,001-720-389-8615,BASIC,Frozen,2025-09-10,-29.99
MEMBER-08700,Chase Burns,chase.burns@yahoo.com,381-364-3588,BASIC,Active,2025-10-14,59.99
MEMBER-08701,Luke Huynh,luke.huynh@hotmail.com,2277446882,Basic,Active,2025-12-20,29.99
MEMBER-08702,Bryan Duke,bryan.duke@gmail.com,001-729-499-4349x651,VIP,Cancelled,2025-03-07,29.99
MEMBER-08703,Yolanda Taylor,yolanda.taylor@gmail.com,927.314.7787,VIP,Active,2024-11-10,29.99
MEMBER-08704,Lisa Marshall,lisa.marshall@hotmail.com,269-996-1938,BASIC,Active,2025-11-26,-29.99
MEMBER-08705,John Scott,john.scott@yahoo.com,+1-612-281-7859x7543,Basic,Active,2026-01-21,59.99
MEMBER-08706,Sarah Walls,sarah.walls@gmail.com,001-418-764-5654,VIP,Frozen,2025-01-14,29.99
MEMBER-08707,Dawn Mason,dawn.mason@gmail.com,2218863099,,Frozen,2025-07-02,29.99
MEMBER-08708,Rachel Castillo,rachel.castillo@hotmail.com,(924)231-4766,Premium,Cancelled,2026-01-09,-29.99
MEMBER-08709,Rebecca Morgan,rebecca.morgan@hotmail.com,258.835.8677x2973,Basic,Frozen,2025-05-09,29.99
MEMBER-08710,Joshua Rodriguez,joshua.rodriguez@gmail.com,396-318-5405x469,Basic,Active,2026-04-13,99.99
MEMBER-08711,Jeanne Daniels,jeanne.daniels@hotmail.com,(737)854-4840,VIP,Frozen,2025-06-02,99.99
MEMBER-08712,Stacey Brewer,stacey.brewer@yahoo.com,927.425.8795,VIP,Active,2024-10-16,-29.99
MEMBER-08713,Joshua Martin,joshua.martin@gmail.com,879.848.7598x9442,Premium,Active,2026-03-10,99.99
MEMBER-08714,Katherine Wall,katherine.wall@yahoo.com,001-825-421-4541x39489,VIP,Active,2026-01-19,29.99
MEMBER-08715,Courtney Young,courtney.young@gmail.com,8635758738,,Cancelled,2025-11-20,-29.99
MEMBER-08716,Dustin Hawkins,dustin.hawkins@gmail.com,(319)468-7489x7573,BASIC,Active,2026-06-28,29.99
MEMBER-08717,James Spencer,james.spencer@hotmail.com,001-437-374-9490x6849,Premium,Active,2026-07-13,-29.99
MEMBER-08718,Anthony Curtis,anthony.curtis@hotmail.com,863.493.3728x5357,Basic,Active,2025-06-05,59.99
MEMBER-08719,Rebecca Vaughan,rebecca.vaughan@yahoo.com,001-990-857-7930,BASIC,Cancelled,2026-06-19,99.99
MEMBER-08720,Jillian Hopkins,jillian.hopkins@hotmail.com,292-975-0201x61069,BASIC,Active,2024-11-30,59.99
MEMBER-08721,Marvin Cook,marvin.cook@hotmail.com,928-495-6676,BASIC,Active,2026-03-20,-29.99
MEMBER-08722,Heidi Dudley,heidi.dudley@gmail.com,(865)499-6701,,Cancelled,2026-03-17,29.99
MEMBER-08723,Joshua Alvarez,joshua.alvarez@yahoo.com,5508244693,VIP,Frozen,2025-07-29,-29.99
MEMBER-08724,Anna Ochoa,anna.ochoa@hotmail.com,957-454-3604x063,Premium,Active,2025-06-19,29.99
MEMBER-08725,Renee Torres,renee.torres@gmail.com,001-412-855-3612x318,Premium,Active,2026-03-24,99.99
MEMBER-08726,John Ortiz,john.ortiz@gmail.com,(628)336-0784x334,Basic,Cancelled,2025-07-13,59.99
MEMBER-08727,Paul Guerrero,paul.guerrero@hotmail.com,+1-505-986-5471x17697,Premium,Frozen,2024-11-15,-29.99
MEMBER-08728,Jason Davies,jason.davies@hotmail.com,+1-951-204-2089x62928,Basic,Frozen,2025-11-22,99.99
MEMBER-08729,Heidi Fleming,heidi.fleming@yahoo.com,435.913.9741x51778,BASIC,Active,2026-08-19,59.99
MEMBER-08730,Kathryn Gilbert,kathryn.gilbert@hotmail.com,+1-672-838-2198x3769,BASIC,Active,2026-04-10,59.99
MEMBER-08731,Jeffrey Gomez,jeffrey.gomez@gmail.com,644-530-9268x47307,Premium,Active,2025-01-27,99.99
MEMBER-08732,Meredith Rosales,meredith.rosales@yahoo.com,+1-832-773-8970x235,Basic,Active,2025-12-13,-29.99
MEMBER-08733,Margaret Lawson,margaret.lawson@yahoo.com,(595)419-2445x561,BASIC,Active,2026-06-19,99.99
MEMBER-08734,Angela Oconnor,angela.oconnor@gmail.com,298.341.6062,Premium,Active,2025-01-29,99.99
MEMBER-08735,Shawn Morse,shawn.morse@gmail.com,247-880-3874x33957,Premium,Frozen,2025-10-21,59.99
MEMBER-08736,Brandon Baker,brandon.baker@gmail.com,+1-746-491-3191x1502,Basic,Active,2024-12-21,-29.99
MEMBER-08737,Chelsey Carter,chelsey.carter@yahoo.com,(614)773-1969,Premium,Active,2025-09-13,99.99
MEMBER-08738,Austin Mayo,austin.mayo@hotmail.com,673-465-3056x923,BASIC,Active,2026-05-03,99.99
MEMBER-08739,Erica James,erica.james@yahoo.com,(761)895-2802x46125,BASIC,Frozen,2026-03-20,-29.99
MEMBER-08740,Nicholas Ortega,nicholas.ortega@hotmail.com,(999)844-4235x9536,,Active,2025-05-28,-29.99
MEMBER-08741,Jordan Hardy,jordan.hardy@hotmail.com,001-851-855-5652x0084,Basic,Cancelled,2025-10-12,-29.99
MEMBER-08742,Corey Hopkins,corey.hopkins@hotmail.com,2809823834,,Cancelled,2025-08-01,29.99
MEMBER-08743,Cynthia Miller,cynthia.miller@yahoo.com,633-503-1983x7617,Basic,Frozen,2025-06-29,59.99
MEMBER-08744,Amanda Cox,amanda.cox@yahoo.com,+1-645-753-8199,BASIC,Cancelled,2026-05-07,-29.99
MEMBER-08745,Gina Daniel,gina.daniel@yahoo.com,001-511-715-7962,Premium,Active,2024-11-06,99.99
MEMBER-08746,Christian Allen,christian.allen@gmail.com,490.668.6245,,Cancelled,2025-09-05,59.99
MEMBER-08747,Michelle Garrett,michelle.garrett@gmail.com,844.961.4078,,Active,2026-04-27,59.99
MEMBER-08748,Julie Stafford,julie.stafford@yahoo.com,607.255.0105x4110,BASIC,Active,2025-03-05,-29.99
MEMBER-08749,Becky Wright,becky.wright@hotmail.com,4577294001,VIP,Cancelled,2025-04-22,99.99
MEMBER-08750,Michelle Gordon,michelle.gordon@yahoo.com,(607)950-9774x326,Basic,Active,2026-09-04,99.99
MEMBER-08751,Caitlin Adams,caitlin.adams@gmail.com,853.400.5567x274,Basic,Active,2025-05-12,59.99
MEMBER-08752,Michelle White,michelle.white@gmail.com,9497660212,,Active,2025-09-22,29.99
MEMBER-08753,Crystal Scott,crystal.scott@gmail.com,001-910-700-2883x54092,,Active,2025-02-21,59.99
MEMBER-08754,Courtney Banks,courtney.banks@gmail.com,332.948.7668,Premium,Cancelled,2024-10-29,99.99
MEMBER-08755,Andrew Mckay,andrew.mckay@yahoo.com,+1-707-274-6347x16662,BASIC,Active,2025-10-09,59.99
MEMBER-08756,William Morales,william.morales@gmail.com,(383)407-6375,Basic,Active,2024-11-29,29.99
MEMBER-08757,Timothy Jones,timothy.jones@yahoo.com,689.554.2011x66080,BASIC,Active,2025-12-12,29.99
MEMBER-08758,Logan Vincent,logan.vincent@yahoo.com,520-510-0174,BASIC,Frozen,2024-12-01,-29.99
MEMBER-08759,Belinda Johnson,belinda.johnson@hotmail.com,+1-361-289-5493x181,,Frozen,2026-06-09,-29.99
MEMBER-08760,Robert Herman,robert.herman@yahoo.com,+1-286-821-5355x2552,VIP,Active,2026-02-14,29.99
MEMBER-08761,Christina Simmons,christina.simmons@gmail.com,+1-636-314-3913x7295,VIP,Cancelled,2025-07-20,59.99
MEMBER-08762,Kristen Payne,kristen.payne@yahoo.com,(704)810-7942,Basic,Active,2025-06-05,29.99
MEMBER-08763,Justin Santiago,justin.santiago@hotmail.com,561-748-5586x69291,Basic,Frozen,2026-01-15,-29.99
MEMBER-08764,Jennifer Escobar,jennifer.escobar@yahoo.com,+1-338-953-0960x73285,VIP,Active,2025-08-22,99.99
MEMBER-08765,Kimberly Oconnell,kimberly.oconnell@gmail.com,+1-239-253-0321x069,,Active,2024-09-30,29.99
MEMBER-08766,Rebecca Galvan,rebecca.galvan@gmail.com,001-317-215-0359x7778,Basic,Active,2025-07-25,29.99
MEMBER-08767,Andrew Brewer,andrew.brewer@gmail.com,(467)561-7193x40029,BASIC,Cancelled,2026-05-21,99.99
MEMBER-08768,Kevin Anderson,kevin.anderson@hotmail.com,001-632-724-4838x7616,BASIC,Cancelled,2025-10-05,29.99
MEMBER-08769,Anthony Lowery,anthony.lowery@yahoo.com,889.392.5930x87274,BASIC,Cancelled,2025-05-15,29.99
MEMBER-08770,Jacob Nelson,jacob.nelson@yahoo.com,961-931-0097x7650,Premium,Active,2025-05-27,99.99
MEMBER-08771,Dominique Brown,dominique.brown@hotmail.com,+1-621-791-0513x2794,VIP,Active,2026-07-02,59.99
MEMBER-08772,Daniel Chavez,daniel.chavez@yahoo.com,2877676618,BASIC,Active,2026-09-20,-29.99
MEMBER-08773,Peter Hancock,peter.hancock@yahoo.com,(392)606-2458x09753,,Frozen,2026-05-23,-29.99
MEMBER-08774,Jacob Powell,jacob.powell@gmail.com,865.921.5109x683,Premium,Active,2025-11-15,29.99
MEMBER-08775,Angela Lopez,angela.lopez@yahoo.com,743-816-5326x1390,Basic,Cancelled,2025-08-21,29.99
MEMBER-08776,Richard Morales,richard.morales@gmail.com,961.305.2920x27438,BASIC,Cancelled,2025-09-24,29.99
MEMBER-08777,Elizabeth Fuentes,elizabeth.fuentes@hotmail.com,771.251.2510,Basic,Cancelled,2026-01-04,29.99
MEMBER-08778,Shane Stevens,shane.stevens@hotmail.com,497-407-3204,BASIC,Active,2025-11-22,-29.99
MEMBER-08779,John Chapman,john.chapman@yahoo.com,+1-797-829-4904x083,BASIC,Frozen,2026-01-15,59.99
MEMBER-08780,Mary Ingram,mary.ingram@hotmail.com,001-917-720-7718x8202,Premium,Active,2025-03-03,-29.99
MEMBER-08781,Jon Parks,jon.parks@yahoo.com,(266)304-8686,Premium,Cancelled,2025-08-24,-29.99
MEMBER-08782,Christy Bowen,christy.bowen@gmail.com,930.399.5993,Basic,Cancelled,2025-07-24,29.99
MEMBER-08783,Ashley Elliott,ashley.elliott@yahoo.com,+1-882-602-1044,BASIC,Frozen,2024-12-21,99.99
MEMBER-08784,Dominic Sanchez,dominic.sanchez@yahoo.com,743-461-9406x307,,Active,2024-11-17,29.99
MEMBER-08785,Lauren Simpson,lauren.simpson@hotmail.com,+1-686-858-6326,VIP,Active,2026-06-02,59.99
MEMBER-08786,Richard Thompson,richard.thompson@hotmail.com,+1-420-446-0529x89639,BASIC,Cancelled,2024-11-15,99.99
MEMBER-08787,Dustin Reed,dustin.reed@gmail.com,217-796-5456,VIP,Frozen,2026-04-18,99.99
MEMBER-08788,Michael Guerra,michael.guerra@yahoo.com,+1-603-873-1480x073,,Cancelled,2025-10-05,99.99
MEMBER-08789,Tamara Hood,tamara.hood@hotmail.com,+1-828-959-1565x97318,BASIC,Cancelled,2025-08-29,29.99
MEMBER-08790,John Harris,john.harris@yahoo.com,(925)404-6996,Premium,Active,2026-03-07,99.99
MEMBER-08791,Timothy Jimenez,timothy.jimenez@hotmail.com,001-833-744-7572x9930,Premium,Cancelled,2025-10-11,59.99
MEMBER-08792,Jennifer Wheeler,jennifer.wheeler@gmail.com,672-556-7503,VIP,Frozen,2026-03-31,29.99
MEMBER-08793,Richard Walters,richard.walters@hotmail.com,770-878-5243x38053,BASIC,Frozen,2024-12-24,29.99
MEMBER-08794,Mary Lee,mary.lee@gmail.com,(359)415-5420,,Cancelled,2024-11-28,99.99
MEMBER-08795,Samuel Crosby,samuel.crosby@hotmail.com,(973)450-7873x90378,,Active,2026-05-07,99.99
MEMBER-08796,Amy Hunt,amy.hunt@yahoo.com,001-682-328-3219x76662,BASIC,Active,2026-07-16,59.99
MEMBER-08797,Melanie Baker,melanie.baker@gmail.com,(483)902-4563,Basic,Cancelled,2025-02-20,59.99
MEMBER-08798,Dawn Lee,dawn.lee@gmail.com,001-669-315-8544x09779,BASIC,Active,2026-06-29,29.99
MEMBER-08799,Karen Miller,karen.miller@hotmail.com,(204)263-4975,,Active,2025-09-19,59.99
MEMBER-08800,Summer Rodriguez,summer.rodriguez@yahoo.com,(712)204-9956x400,,Frozen,2025-09-26,99.99
MEMBER-08801,Katie Whitney,katie.whitney@gmail.com,4229524338,VIP,Active,2025-02-02,59.99
MEMBER-08802,Anthony Moore,anthony.moore@gmail.com,+1-663-339-1238,,Frozen,2025-07-12,99.99
MEMBER-08803,Anthony Rodriguez,anthony.rodriguez@gmail.com,(980)859-6015x935,Premium,Active,2026-01-07,99.99
MEMBER-08804,Justin Dunn,justin.dunn@yahoo.com,(918)206-1733x07206,BASIC,Cancelled,2025-12-18,29.99
MEMBER-08805,Susan Chavez,susan.chavez@yahoo.com,512-623-0394x6076,,Cancelled,2026-06-12,29.99
MEMBER-08806,Courtney Munoz,courtney.munoz@yahoo.com,987-820-1130x52440,BASIC,Active,2025-05-04,99.99
MEMBER-08807,Ryan Armstrong,ryan.armstrong@yahoo.com,001-928-701-5564x614,,Active,2025-05-28,-29.99
MEMBER-08808,Shelby Downs,shelby.downs@yahoo.com,798-239-7829x08649,VIP,Frozen,2024-10-11,-29.99
MEMBER-08809,Yvette Sanchez,yvette.sanchez@hotmail.com,813.606.1615x236,Premium,Frozen,2025-03-17,29.99
MEMBER-08810,Ryan Stone,ryan.stone@hotmail.com,484-902-3403x3324,,Cancelled,2025-06-10,29.99
MEMBER-08811,Juan Henson,juan.henson@gmail.com,+1-825-779-5335x1708,BASIC,Active,2025-04-19,59.99
MEMBER-08812,Kelly Morgan,kelly.morgan@gmail.com,222-315-6697x975,VIP,Active,2025-01-22,-29.99
MEMBER-08813,Curtis Harris,curtis.harris@gmail.com,(698)473-1500x904,BASIC,Active,2025-07-07,29.99
MEMBER-08814,Nathaniel Wyatt,nathaniel.wyatt@yahoo.com,+1-815-289-2712x5972,Premium,Cancelled,2025-05-25,-29.99
MEMBER-08815,Heather Smith,heather.smith@gmail.com,775-721-6050,Premium,Active,2024-12-25,-29.99
MEMBER-08816,Ronald Holder,ronald.holder@gmail.com,452.228.2586,Basic,Active,2026-04-07,59.99
MEMBER-08817,Patty Park,patty.park@yahoo.com,+1-472-515-6628x7170,Basic,Active,2026-02-01,59.99
MEMBER-08818,Elizabeth Murray,elizabeth.murray@gmail.com,794.948.5781,VIP,Active,2025-09-08,59.99
MEMBER-08819,Joseph Herring,joseph.herring@hotmail.com,899.926.9611,VIP,Cancelled,2025-12-26,59.99
MEMBER-08820,Marissa Melton,marissa.melton@hotmail.com,001-529-426-6739,Premium,Frozen,2025-08-06,29.99
MEMBER-08821,Natalie Munoz,natalie.munoz@yahoo.com,001-702-336-7948,,Cancelled,2026-07-10,29.99
MEMBER-08822,John Harris,john.harris@yahoo.com,+1-852-733-0013x6190,BASIC,Cancelled,2025-10-07,59.99
MEMBER-08823,Yvonne Patrick,yvonne.patrick@yahoo.com,5379550283,Premium,Active,2025-11-28,99.99
MEMBER-08824,Fernando Andersen,fernando.andersen@gmail.com,841.240.6483x82681,VIP,Active,2026-09-15,29.99
MEMBER-08825,Danielle Barnes,danielle.barnes@yahoo.com,(459)683-9258,,Active,2026-08-09,99.99
MEMBER-08826,Jacqueline Scott,jacqueline.scott@gmail.com,603-812-9531,VIP,Frozen,2025-04-30,59.99
MEMBER-08827,Kristina Edwards,kristina.edwards@hotmail.com,538.646.0597x1675,VIP,Frozen,2026-01-31,59.99
MEMBER-08828,Timothy Henry,timothy.henry@hotmail.com,+1-545-399-3423x459,Basic,Cancelled,2025-04-25,99.99
MEMBER-08829,Melanie Carney,melanie.carney@gmail.com,+1-996-429-1661x8138,Premium,Frozen,2025-03-03,29.99
MEMBER-08830,David Long,david.long@gmail.com,288-319-3974,,Frozen,2026-08-18,-29.99
MEMBER-08831,Bryan Smith,bryan.smith@gmail.com,4309606603,BASIC,Frozen,2025-10-09,29.99
MEMBER-08832,Natalie Smith,natalie.smith@hotmail.com,+1-998-995-1303x767,Basic,Active,2026-01-19,29.99
MEMBER-08833,Tanya Smith,tanya.smith@yahoo.com,703-585-2893x16506,VIP,Active,2025-09-01,99.99
MEMBER-08834,Michael Shannon,michael.shannon@gmail.com,001-784-251-9613x1372,Basic,Frozen,2025-02-06,29.99
MEMBER-08835,Nicholas Gonzalez,nicholas.gonzalez@hotmail.com,+1-781-585-6107,VIP,Active,2024-11-14,99.99
MEMBER-08836,Angela Ward,angela.ward@yahoo.com,+1-784-782-9463x754,Premium,Active,2025-09-29,59.99
MEMBER-08837,Mark May,mark.may@hotmail.com,457.341.5909x119,BASIC,Active,2025-07-31,99.99
MEMBER-08838,Gregory Spencer,gregory.spencer@yahoo.com,748-598-0128,VIP,Cancelled,2024-10-04,99.99
MEMBER-08839,Jamie Bowman,jamie.bowman@yahoo.com,001-537-909-1236x358,VIP,Active,2026-01-31,29.99
MEMBER-08840,James Shelton,james.shelton@yahoo.com,+1-556-346-7749x2231,,Cancelled,2026-04-07,-29.99
MEMBER-08841,Michael Wilson,michael.wilson@gmail.com,001-579-438-4921x373,Basic,Active,2025-11-17,29.99
MEMBER-08842,Mary Miller,mary.miller@hotmail.com,(769)698-9258x701,Premium,Frozen,2025-07-11,-29.99
MEMBER-08843,Diana Ramirez,diana.ramirez@gmail.com,336.854.7496x578,VIP,Frozen,2026-05-18,59.99
MEMBER-08844,Nicole Pope,nicole.pope@gmail.com,+1-354-536-2058x80190,,Cancelled,2025-11-10,29.99
MEMBER-08845,Robert Smith,robert.smith@yahoo.com,712-347-8537x24928,Premium,Cancelled,2024-12-29,-29.99
MEMBER-08846,Curtis Small,curtis.small@gmail.com,6912236163,BASIC,Active,2025-08-31,-29.99
MEMBER-08847,Philip Goodwin,philip.goodwin@yahoo.com,(718)621-4599x04983,,Active,2025-07-10,59.99
MEMBER-08848,Julian Miller,julian.miller@gmail.com,(632)747-6489,Premium,Frozen,2025-06-12,59.99
MEMBER-08849,Zachary Gibson,zachary.gibson@hotmail.com,+1-563-297-6328x752,Premium,Active,2024-11-25,29.99
MEMBER-08850,Catherine Simmons,catherine.simmons@yahoo.com,001-811-455-7021x416,,Frozen,2026-04-19,29.99
MEMBER-08851,Michael Hoffman,michael.hoffman@gmail.com,+1-987-794-5687x807,Basic,Cancelled,2025-03-24,29.99
MEMBER-08852,Tina Thomas,tina.thomas@gmail.com,257-514-4033,,Cancelled,2026-01-13,99.99
MEMBER-08853,Donald Eaton,donald.eaton@yahoo.com,001-328-371-5663,Premium,Frozen,2026-08-15,59.99
MEMBER-08854,Patrick Johnson,patrick.johnson@hotmail.com,209.257.1929x5747,VIP,Active,2024-10-06,-29.99
MEMBER-08855,Jessica Miller,jessica.miller@yahoo.com,224-206-0058x010,BASIC,Cancelled,2026-05-13,59.99
MEMBER-08856,Sara Rivera,sara.rivera@gmail.com,383-841-0392x8292,VIP,Active,2026-03-20,59.99
MEMBER-08857,Ashley Perez,ashley.perez@yahoo.com,+1-475-676-0242x82303,Premium,Frozen,2026-03-10,59.99
MEMBER-08858,Diane Price,diane.price@gmail.com,(963)539-3120,Premium,Frozen,2026-08-10,59.99
MEMBER-08859,Jay Lara,jay.lara@hotmail.com,+1-705-317-2560,BASIC,Frozen,2025-12-20,29.99
MEMBER-08860,Michael Gonzales,michael.gonzales@hotmail.com,912-493-2955,,Active,2025-12-08,-29.99
MEMBER-08861,Charles Johnson,charles.johnson@gmail.com,+1-853-898-1516x8997,,Frozen,2026-07-13,29.99
MEMBER-08862,Hannah Rosales,hannah.rosales@hotmail.com,(349)685-0337,,Active,2025-04-22,99.99
MEMBER-08863,Steven Davis,steven.davis@gmail.com,(487)552-8665x2434,VIP,Cancelled,2025-01-01,99.99
MEMBER-08864,Willie Hurley,willie.hurley@hotmail.com,357-922-2634,Premium,Cancelled,2026-07-10,-29.99
MEMBER-08865,Jessica Hunter,jessica.hunter@hotmail.com,786-709-5444x975,,Cancelled,2026-07-18,99.99
MEMBER-08866,Jared Johnson,jared.johnson@yahoo.com,792-477-5809x18191,VIP,Active,2026-01-26,-29.99
MEMBER-08867,Michelle Martinez,michelle.martinez@yahoo.com,001-451-914-0483x573,VIP,Cancelled,2026-03-18,99.99
MEMBER-08868,Mark Moses,mark.moses@yahoo.com,(784)468-9155,Basic,Frozen,2026-09-03,59.99
MEMBER-08869,Jackson Martin,jackson.martin@gmail.com,9558276701,,Frozen,2025-12-09,99.99
MEMBER-08870,James Mckinney,james.mckinney@gmail.com,804-789-8592x39499,BASIC,Active,2025-10-14,59.99
MEMBER-08871,Desiree Jordan,desiree.jordan@yahoo.com,506.542.9220x122,,Active,2026-04-29,-29.99
MEMBER-08872,Victor Hamilton,victor.hamilton@yahoo.com,2486949068,VIP,Frozen,2026-05-03,59.99
MEMBER-08873,William Dougherty,william.dougherty@yahoo.com,306-563-3090,VIP,Active,2025-02-18,-29.99
MEMBER-08874,Emily Gardner,emily.gardner@hotmail.com,+1-505-382-5681,BASIC,Frozen,2025-07-11,29.99
MEMBER-08875,Anthony Barry,anthony.barry@yahoo.com,+1-333-847-9596x7240,VIP,Active,2025-07-24,29.99
MEMBER-08876,Lawrence Baker,lawrence.baker@gmail.com,960.974.7344x8049,,Cancelled,2025-02-08,29.99
MEMBER-08877,Lisa Salazar,lisa.salazar@hotmail.com,(625)248-7802x164,Basic,Frozen,2024-11-09,99.99
MEMBER-08878,Melissa Beck,melissa.beck@gmail.com,+1-744-975-0233x090,Premium,Active,2025-07-23,59.99
MEMBER-08879,Brandon Glover,brandon.glover@hotmail.com,(488)441-9736x4767,VIP,Frozen,2026-01-14,-29.99
MEMBER-08880,Elizabeth Vasquez,elizabeth.vasquez@gmail.com,(705)281-5708,BASIC,Active,2025-02-28,-29.99
MEMBER-08881,Tom Hamilton,tom.hamilton@gmail.com,(444)692-4438,BASIC,Frozen,2026-03-19,-29.99
MEMBER-08882,Christine Clark,christine.clark@gmail.com,626-789-3378x913,Basic,Active,2026-06-25,29.99
MEMBER-08883,Antonio Yoder,antonio.yoder@yahoo.com,(509)237-0164,BASIC,Active,2026-06-12,-29.99
MEMBER-08884,Olivia Johnson,olivia.johnson@hotmail.com,(574)217-9251,,Active,2026-07-19,29.99
MEMBER-08885,Reginald Cook,reginald.cook@yahoo.com,+1-409-948-6690x02131,VIP,Active,2024-11-14,29.99
MEMBER-08886,Craig Meyer,craig.meyer@hotmail.com,752.315.8724x57303,Basic,Active,2026-07-02,59.99
MEMBER-08887,Thomas Gross,thomas.gross@yahoo.com,5163549092,,Frozen,2025-01-07,-29.99
MEMBER-08888,Brian Alvarado,brian.alvarado@gmail.com,+1-252-666-4762x9705,Basic,Frozen,2026-06-12,-29.99
MEMBER-08889,Michael Peters,michael.peters@yahoo.com,(992)403-0882x49048,BASIC,Frozen,2025-06-07,-29.99
MEMBER-08890,Monica Glover,monica.glover@hotmail.com,(766)675-2325,BASIC,Frozen,2025-09-23,29.99
MEMBER-08891,Jon Murray,jon.murray@hotmail.com,6979940591,VIP,Active,2025-11-14,-29.99
MEMBER-08892,Donald Martinez,donald.martinez@hotmail.com,+1-291-738-6747x16538,Basic,Active,2026-01-07,-29.99
MEMBER-08893,Brandon Figueroa,brandon.figueroa@gmail.com,001-255-373-6971,BASIC,Frozen,2026-03-13,99.99
MEMBER-08894,Jeanne Jacobson,jeanne.jacobson@gmail.com,+1-971-738-5204x77229,,Cancelled,2026-03-16,59.99
MEMBER-08895,Judy Murray,judy.murray@yahoo.com,(724)855-8399,VIP,Cancelled,2025-05-05,99.99
MEMBER-08896,Christopher Perkins,christopher.perkins@gmail.com,292.664.2686,,Active,2026-06-26,99.99
MEMBER-08897,Dennis Small,dennis.small@hotmail.com,001-389-791-4348x09545,Basic,Frozen,2025-08-13,99.99
MEMBER-08898,Mark Holmes,mark.holmes@yahoo.com,288.941.0554,Basic,Frozen,2026-08-23,-29.99
MEMBER-08899,Jessica Coleman,jessica.coleman@yahoo.com,859-499-0270x245,BASIC,Cancelled,2025-01-24,-29.99
MEMBER-08900,Holly Matthews,holly.matthews@gmail.com,(234)997-1551x34518,VIP,Frozen,2025-08-14,29.99
MEMBER-08901,Christopher Simpson,christopher.simpson@hotmail.com,(980)800-2522x26649,Premium,Frozen,2026-07-05,59.99
MEMBER-08902,Jennifer Bradley,jennifer.bradley@yahoo.com,(759)764-5600x15581,,Active,2025-08-18,29.99
MEMBER-08903,Linda Williams,linda.williams@hotmail.com,4667996957,BASIC,Cancelled,2024-12-19,99.99
MEMBER-08904,James Green,james.green@gmail.com,(885)738-8280x82141,BASIC,Active,2025-11-17,99.99
MEMBER-08905,Terri Rosario,terri.rosario@yahoo.com,(336)272-3531x72131,Basic,Cancelled,2025-09-09,99.99
MEMBER-08906,Sean Miller,sean.miller@gmail.com,+1-410-513-4248x460,Basic,Cancelled,2025-10-21,99.99
MEMBER-08907,Laurie Scott,laurie.scott@gmail.com,001-723-568-6900x555,BASIC,Active,2026-01-31,59.99
MEMBER-08908,Timothy Hanson,timothy.hanson@yahoo.com,296.399.3056x88216,BASIC,Frozen,2026-08-13,29.99
MEMBER-08909,Elizabeth Ferrell,elizabeth.ferrell@hotmail.com,981-501-6782x22973,BASIC,Cancelled,2025-08-29,99.99
MEMBER-08910,Shari Tucker,shari.tucker@gmail.com,+1-666-751-2250x6684,,Cancelled,2025-09-12,-29.99
MEMBER-08911,John Estes,john.estes@yahoo.com,+1-842-813-6717x01836,,Active,2026-07-01,-29.99
MEMBER-08912,Paul Johnson,paul.johnson@hotmail.com,001-268-839-0147,Premium,Frozen,2026-03-30,99.99
MEMBER-08913,Amanda Allen,amanda.allen@gmail.com,620.437.4353,Premium,Active,2026-03-09,29.99
MEMBER-08914,Jonathan Chang,jonathan.chang@yahoo.com,787.422.9774x183,Basic,Active,2025-07-03,59.99
MEMBER-08915,Connie Nelson,connie.nelson@hotmail.com,487-209-9810x92971,BASIC,Active,2026-01-17,99.99
MEMBER-08916,Jessica Reed,jessica.reed@gmail.com,523.453.7094x4525,Basic,Cancelled,2025-11-07,29.99
MEMBER-08917,Sonya Maldonado,sonya.maldonado@hotmail.com,739.284.7438x2452,VIP,Frozen,2026-04-25,59.99
MEMBER-08918,Todd Trujillo,todd.trujillo@hotmail.com,592.888.1221x5527,BASIC,Active,2024-12-16,99.99
MEMBER-08919,Charles Kline,charles.kline@yahoo.com,+1-415-995-9184x085,,Active,2024-10-20,-29.99
MEMBER-08920,Keith Cross,keith.cross@hotmail.com,992-786-3604x304,Basic,Cancelled,2025-10-29,-29.99
MEMBER-08921,John Rios,john.rios@hotmail.com,9488662717,VIP,Active,2026-06-02,59.99
MEMBER-08922,Michele Allen,michele.allen@gmail.com,365.642.3777x9376,Basic,Cancelled,2026-02-10,-29.99
MEMBER-08923,Ronald Chan,ronald.chan@gmail.com,001-333-750-4242x48351,Premium,Frozen,2026-01-16,99.99
MEMBER-08924,Brittany Green,brittany.green@hotmail.com,329-534-9765x85014,VIP,Cancelled,2025-04-12,99.99
MEMBER-08925,Alexis Schneider,alexis.schneider@yahoo.com,982-766-5680,BASIC,Active,2026-03-19,59.99
MEMBER-08926,Daniel Reynolds,daniel.reynolds@hotmail.com,274-475-9504x32526,Premium,Active,2025-02-23,29.99
MEMBER-08927,Karen Richard,karen.richard@gmail.com,762.630.6753,Premium,Cancelled,2025-07-14,59.99
MEMBER-08928,Grant Clark,grant.clark@gmail.com,790-916-6696,VIP,Active,2026-02-26,-29.99
MEMBER-08929,Ricky Andrews,ricky.andrews@hotmail.com,402-751-0563,Basic,Active,2026-09-23,29.99
MEMBER-08930,Stephanie Barber,stephanie.barber@gmail.com,001-532-359-4551,BASIC,Cancelled,2024-10-01,29.99
MEMBER-08931,Jennifer Maldonado,jennifer.maldonado@yahoo.com,(873)329-6251x086,BASIC,Frozen,2026-06-22,99.99
MEMBER-08932,Tara Jones,tara.jones@hotmail.com,+1-609-267-6323x0499,VIP,Active,2026-02-11,-29.99
MEMBER-08933,Amy Bryant,amy.bryant@yahoo.com,347.570.9613x168,BASIC,Cancelled,2025-01-27,-29.99
MEMBER-08934,Kathleen Horn,kathleen.horn@hotmail.com,+1-855-764-9970x238,Premium,Active,2025-04-01,59.99
MEMBER-08935,Steven Estrada,steven.estrada@gmail.com,+1-645-486-3945,BASIC,Active,2025-12-12,99.99
MEMBER-08936,Alicia Bennett,alicia.bennett@hotmail.com,(967)868-7974x9655,Basic,Active,2026-02-24,-29.99
MEMBER-08937,Sabrina Cook,sabrina.cook@hotmail.com,715.219.6132x43853,VIP,Active,2024-10-23,99.99
MEMBER-08938,Emma Mitchell,emma.mitchell@hotmail.com,(234)417-4609x7663,,Frozen,2025-06-21,99.99
MEMBER-08939,Benjamin Kelly,benjamin.kelly@hotmail.com,+1-666-919-4101,Premium,Frozen,2025-12-02,99.99
MEMBER-08940,Jason Fletcher,jason.fletcher@hotmail.com,001-581-818-2634x363,Premium,Frozen,2025-06-04,59.99
MEMBER-08941,Monique Chapman,monique.chapman@gmail.com,237-336-7918x110,BASIC,Active,2026-09-25,99.99
MEMBER-08942,Laura Rogers,laura.rogers@hotmail.com,848.784.7796x29690,Basic,Cancelled,2025-11-09,-29.99
MEMBER-08943,Stephen Spencer,stephen.spencer@yahoo.com,581-454-6329,BASIC,Active,2026-05-07,-29.99
MEMBER-08944,Katelyn Peterson,katelyn.peterson@hotmail.com,947.660.7998x37459,,Active,2025-07-21,99.99
MEMBER-08945,William Sanchez,william.sanchez@gmail.com,001-668-328-5010x05247,Basic,Frozen,2025-04-19,59.99
MEMBER-08946,Daniel Elliott,daniel.elliott@gmail.com,782.838.4062x1933,Basic,Active,2024-12-29,-29.99
MEMBER-08947,Sarah Jones,sarah.jones@yahoo.com,463.498.4925,BASIC,Frozen,2024-12-19,29.99
MEMBER-08948,Alan Evans,alan.evans@gmail.com,284.732.0670x040,VIP,Active,2025-01-04,99.99
MEMBER-08949,Diana Andrews,diana.andrews@yahoo.com,5776858753,Premium,Frozen,2025-07-24,29.99
MEMBER-08950,Gabriella Frey,gabriella.frey@yahoo.com,+1-470-247-9809x83689,Basic,Frozen,2026-02-19,-29.99
MEMBER-08951,Gina Livingston,gina.livingston@hotmail.com,001-573-704-7647x45803,Premium,Cancelled,2025-06-29,29.99
MEMBER-08952,Jennifer Conrad,jennifer.conrad@yahoo.com,227.247.4612,,Active,2025-03-07,29.99
MEMBER-08953,Ethan Guzman,ethan.guzman@yahoo.com,(778)695-0028x80334,Basic,Frozen,2026-05-17,29.99
MEMBER-08954,Christine Hamilton,christine.hamilton@gmail.com,001-256-873-6013x58363,BASIC,Frozen,2026-08-08,-29.99
MEMBER-08955,Rachel Smith,rachel.smith@gmail.com,(300)324-1350x569,VIP,Cancelled,2025-12-26,59.99
MEMBER-08956,Clarence Allen,clarence.allen@gmail.com,412.462.7301x66738,VIP,Frozen,2026-06-15,99.99
MEMBER-08957,Michael Weber,michael.weber@gmail.com,(955)528-4058x404,Premium,Frozen,2025-09-29,-29.99
MEMBER-08958,Theresa Mcclain,theresa.mcclain@yahoo.com,+1-260-736-4811x1803,VIP,Cancelled,2025-11-02,99.99
MEMBER-08959,Andrew Robinson,andrew.robinson@hotmail.com,001-723-356-0356x825,Premium,Cancelled,2026-04-01,59.99
MEMBER-08960,William Stephens,william.stephens@gmail.com,+1-792-333-7716x437,BASIC,Active,2025-03-19,29.99
MEMBER-08961,Maria Martinez,maria.martinez@gmail.com,8136953848,Basic,Active,2026-03-20,99.99
MEMBER-08962,George Jackson,george.jackson@hotmail.com,4847291348,BASIC,Active,2024-10-11,29.99
MEMBER-08963,Kelly Solis,kelly.solis@hotmail.com,(558)544-3600x82373,Basic,Active,2024-12-26,59.99
MEMBER-08964,Andrew Whitney,andrew.whitney@gmail.com,001-557-881-7424x96323,VIP,Frozen,2025-02-21,-29.99
MEMBER-08965,Nicole Chapman,nicole.chapman@gmail.com,(734)899-3672,Basic,Active,2025-12-25,-29.99
MEMBER-08966,Jennifer Sandoval,jennifer.sandoval@yahoo.com,+1-325-429-4266x9248,VIP,Active,2024-12-30,29.99
MEMBER-08967,Christopher Rios,christopher.rios@gmail.com,559-970-8820,,Active,2025-11-09,99.99
MEMBER-08968,Tammy Johnson,tammy.johnson@gmail.com,001-263-712-5908x281,,Cancelled,2026-06-26,-29.99
MEMBER-08969,Robert Burgess,robert.burgess@yahoo.com,400.378.2734,VIP,Active,2024-12-26,-29.99
MEMBER-08970,Christopher Hensley,christopher.hensley@gmail.com,215.907.4328x1308,Basic,Frozen,2025-02-15,99.99
MEMBER-08971,Sean Fitzgerald,sean.fitzgerald@yahoo.com,395.423.1676,BASIC,Active,2026-05-22,-29.99
MEMBER-08972,Pamela Hahn,pamela.hahn@yahoo.com,001-717-486-6337,Basic,Active,2024-11-16,-29.99
MEMBER-08973,Michelle Baker,michelle.baker@gmail.com,001-949-219-3497x849,Basic,Frozen,2026-08-08,-29.99
MEMBER-08974,Amy Boone,amy.boone@yahoo.com,(238)978-5047,,Active,2025-11-04,-29.99
MEMBER-08975,John Bradley,john.bradley@gmail.com,001-263-597-8416x609,BASIC,Cancelled,2026-01-11,29.99
MEMBER-08976,Melissa Reese,melissa.reese@gmail.com,001-581-362-5034,VIP,Cancelled,2025-04-16,99.99
MEMBER-08977,Christy Kirk,christy.kirk@yahoo.com,970.240.8426,BASIC,Frozen,2025-05-07,99.99
MEMBER-08978,Emily Brown,emily.brown@hotmail.com,902-529-6193,Basic,Active,2024-11-17,99.99
MEMBER-08979,Jacqueline Roberts,jacqueline.roberts@yahoo.com,736.309.6527x8298,Premium,Cancelled,2026-02-10,59.99
MEMBER-08980,Brandon Pacheco,brandon.pacheco@yahoo.com,(553)364-4816x3935,Basic,Cancelled,2026-03-07,59.99
MEMBER-08981,Crystal Love,crystal.love@yahoo.com,(512)911-4799x723,BASIC,Active,2025-06-26,99.99
MEMBER-08982,Shannon Cross,shannon.cross@yahoo.com,(828)515-2888,Basic,Frozen,2026-07-22,99.99
MEMBER-08983,Daniel Ryan,daniel.ryan@gmail.com,001-635-592-9979x337,BASIC,Cancelled,2026-03-02,-29.99
MEMBER-08984,James Murray,james.murray@hotmail.com,001-603-286-6049x54286,Premium,Cancelled,2025-04-12,29.99
MEMBER-08985,Samantha Jones,samantha.jones@hotmail.com,9206938489,VIP,Active,2026-09-06,99.99
MEMBER-08986,Katherine Beltran,katherine.beltran@hotmail.com,(767)637-2753x512,Basic,Cancelled,2026-04-06,29.99
MEMBER-08987,Erica Camacho,erica.camacho@gmail.com,2839164094,,Active,2026-03-09,-29.99
MEMBER-08988,Erin Wall,erin.wall@hotmail.com,+1-714-391-3593x45641,Basic,Frozen,2026-05-05,-29.99
MEMBER-08989,Chad Kirk,chad.kirk@gmail.com,594.957.3320x1134,VIP,Active,2025-10-05,59.99
MEMBER-08990,Matthew Vance,matthew.vance@yahoo.com,(678)572-3359x876,Premium,Active,2024-10-10,99.99
MEMBER-08991,Thomas Perry,thomas.perry@gmail.com,+1-470-327-3146x57549,BASIC,Frozen,2025-11-08,59.99
MEMBER-08992,Gregory Peterson,gregory.peterson@hotmail.com,001-939-779-4619x2131,VIP,Active,2025-03-01,99.99
MEMBER-08993,Colleen Williams,colleen.williams@gmail.com,(712)835-1075x08604,VIP,Cancelled,2026-03-14,29.99
MEMBER-08994,Kristin Ellison,kristin.ellison@gmail.com,(383)498-9185,Premium,Frozen,2025-04-13,99.99
MEMBER-08995,Amy Saunders,amy.saunders@hotmail.com,+1-749-803-0503,VIP,Active,2026-03-24,29.99
MEMBER-08996,Michael Schneider,michael.schneider@yahoo.com,6588449585,Premium,Cancelled,2026-08-07,-29.99
MEMBER-08997,Kimberly Nunez,kimberly.nunez@gmail.com,880.574.7164x666,Premium,Frozen,2026-02-01,29.99
MEMBER-08998,Nicole Contreras,nicole.contreras@gmail.com,(783)682-1254x5693,,Active,2025-06-09,-29.99
MEMBER-08999,Michelle Donovan,michelle.donovan@hotmail.com,242-355-4923,VIP,Active,2025-03-16,-29.99
MEMBER-09000,Matthew Morgan,matthew.morgan@yahoo.com,+1-997-657-8868x44720,VIP,Active,2025-12-08,59.99
MEMBER-09001,Tyler Smith,tyler.smith@yahoo.com,(615)769-2215,Basic,Cancelled,2025-09-05,99.99
MEMBER-09002,Kristina Mason,kristina.mason@yahoo.com,460.325.4029x01685,Basic,Cancelled,2026-01-09,29.99
MEMBER-09003,Kelly Lopez,kelly.lopez@hotmail.com,+1-978-723-0173,Premium,Frozen,2025-03-28,99.99
MEMBER-09004,Christopher King,christopher.king@hotmail.com,(818)210-7777x8342,Premium,Frozen,2026-05-27,-29.99
MEMBER-09005,Courtney Ross,courtney.ross@yahoo.com,(718)336-3766x73563,VIP,Active,2026-08-13,99.99
MEMBER-09006,Robert Taylor,robert.taylor@hotmail.com,(523)951-5064x6033,Premium,Frozen,2026-07-01,59.99
MEMBER-09007,Charles Lyons,charles.lyons@yahoo.com,(516)550-7778x162,Basic,Active,2025-10-12,99.99
MEMBER-09008,Larry Nguyen,larry.nguyen@yahoo.com,001-462-985-9634x38207,VIP,Active,2025-06-09,99.99
MEMBER-09009,Ricardo White,ricardo.white@gmail.com,422.956.9923x894,Basic,Cancelled,2025-10-08,-29.99
MEMBER-09010,William Thornton,william.thornton@hotmail.com,4018252607,VIP,Frozen,2025-02-12,29.99
MEMBER-09011,Aaron Conrad,aaron.conrad@hotmail.com,871.202.0119x3491,BASIC,Active,2026-01-27,99.99
MEMBER-09012,Robert Miles,robert.miles@hotmail.com,(598)951-7526,,Cancelled,2025-07-25,59.99
MEMBER-09013,Stephanie Johnson,stephanie.johnson@hotmail.com,937.306.8528x657,,Cancelled,2025-03-16,29.99
MEMBER-09014,Amber Rojas,amber.rojas@gmail.com,(899)891-0880,,Cancelled,2026-07-29,99.99
MEMBER-09015,Renee Smith,renee.smith@gmail.com,+1-835-313-4010x73019,,Active,2026-04-18,29.99
MEMBER-09016,Lauren Jones,lauren.jones@hotmail.com,(765)486-5471x173,Basic,Cancelled,2025-08-15,29.99
MEMBER-09017,Ray Smith,ray.smith@gmail.com,(757)207-1261x2281,VIP,Active,2025-05-29,59.99
MEMBER-09018,Michael Glover,michael.glover@yahoo.com,+1-950-617-2390x702,VIP,Cancelled,2025-09-12,59.99
MEMBER-09019,John Hill,john.hill@gmail.com,+1-781-764-2416x2192,VIP,Cancelled,2026-03-10,29.99
MEMBER-09020,Lacey King,lacey.king@hotmail.com,+1-503-203-2113,,Frozen,2025-03-09,-29.99
MEMBER-09021,Kathleen Thomas,kathleen.thomas@yahoo.com,(877)688-1519x11780,Premium,Active,2025-06-06,29.99
MEMBER-09022,Michael Jenkins,michael.jenkins@hotmail.com,+1-212-648-3461,Premium,Active,2025-03-21,99.99
MEMBER-09023,Jose Frederick,jose.frederick@gmail.com,001-896-778-3326x186,Premium,Active,2026-08-04,59.99
MEMBER-09024,Eric Osborn,eric.osborn@yahoo.com,304-403-0682,VIP,Active,2025-08-21,29.99
MEMBER-09025,Vanessa Taylor,vanessa.taylor@hotmail.com,541-771-8546x4394,VIP,Active,2026-03-27,29.99
MEMBER-09026,George Harmon,george.harmon@yahoo.com,001-631-519-6488x0165,Premium,Cancelled,2025-10-01,29.99
MEMBER-09027,Melanie Smith,melanie.smith@yahoo.com,(223)303-1333,VIP,Frozen,2026-04-29,99.99
MEMBER-09028,Diana Miller,diana.miller@hotmail.com,(888)673-4710,Premium,Active,2025-07-07,29.99
MEMBER-09029,Beth Green,beth.green@hotmail.com,7005936096,VIP,Cancelled,2025-07-30,29.99
MEMBER-09030,Kayla Sanchez,kayla.sanchez@yahoo.com,(728)230-1849,Premium,Active,2025-10-03,99.99
MEMBER-09031,Tommy Jenkins,tommy.jenkins@gmail.com,(648)696-9148,VIP,Active,2025-06-27,-29.99
MEMBER-09032,Juan Thompson,juan.thompson@yahoo.com,6794810192,BASIC,Active,2024-11-18,29.99
MEMBER-09033,Victoria Sanchez,victoria.sanchez@hotmail.com,210.375.5633x3871,Basic,Active,2025-07-12,99.99
MEMBER-09034,Amanda Taylor,amanda.taylor@gmail.com,001-574-282-0208,,Frozen,2025-09-30,99.99
MEMBER-09035,Dawn Freeman,dawn.freeman@hotmail.com,531-381-7575x3089,VIP,Active,2026-07-28,-29.99
MEMBER-09036,Teresa Owens,teresa.owens@hotmail.com,(837)776-3142x875,BASIC,Cancelled,2025-11-20,99.99
MEMBER-09037,Jeffrey Knight,jeffrey.knight@gmail.com,(261)421-3341,VIP,Frozen,2025-04-08,29.99
MEMBER-09038,Mary Sanford,mary.sanford@hotmail.com,456-951-6073x26121,,Cancelled,2025-07-29,29.99
MEMBER-09039,Russell Alexander,russell.alexander@yahoo.com,(239)904-4123,Premium,Active,2025-11-16,99.99
MEMBER-09040,Diane Hickman,diane.hickman@gmail.com,885-638-5560,VIP,Cancelled,2025-08-21,29.99
MEMBER-09041,Jennifer Peterson,jennifer.peterson@hotmail.com,(227)931-8721x2337,BASIC,Frozen,2025-05-22,29.99
MEMBER-09042,Jonathan Hamilton,jonathan.hamilton@yahoo.com,001-926-595-1545x813,,Active,2025-04-14,29.99
MEMBER-09043,Jonathan Cooper,jonathan.cooper@gmail.com,+1-556-521-5057,BASIC,Active,2025-11-14,-29.99
MEMBER-09044,Anthony Wilson,anthony.wilson@hotmail.com,(783)767-7844x315,BASIC,Active,2026-09-11,29.99
MEMBER-09045,Dominique Ferrell,dominique.ferrell@yahoo.com,001-280-910-3621x0365,Basic,Cancelled,2024-10-26,59.99
MEMBER-09046,Michael Adkins,michael.adkins@gmail.com,001-757-964-9311x04214,VIP,Cancelled,2026-01-24,29.99
MEMBER-09047,Henry Parker,henry.parker@hotmail.com,899-739-7126x7881,BASIC,Cancelled,2026-05-30,-29.99
MEMBER-09048,Greg Wallace,greg.wallace@yahoo.com,333.527.4487x71022,,Cancelled,2025-05-16,59.99
MEMBER-09049,Hunter Martinez,hunter.martinez@gmail.com,001-937-451-8793x230,Basic,Active,2024-10-21,99.99
MEMBER-09050,Ernest Warren,ernest.warren@hotmail.com,001-307-418-9842x4973,BASIC,Cancelled,2026-01-29,-29.99
MEMBER-09051,Lauren Walsh,lauren.walsh@gmail.com,827-388-1732x7358,,Active,2025-11-29,59.99
MEMBER-09052,Christopher Harrington,christopher.harrington@hotmail.com,(567)799-8029x4328,Basic,Cancelled,2026-05-19,99.99
MEMBER-09053,Sara Ortiz,sara.ortiz@gmail.com,(402)764-5794x883,BASIC,Active,2024-10-27,29.99
MEMBER-09054,Lucas Guerrero,lucas.guerrero@hotmail.com,685.225.5534,Basic,Frozen,2025-01-06,59.99
MEMBER-09055,Allison Brown,allison.brown@hotmail.com,001-664-423-9277x83203,Premium,Frozen,2025-09-03,-29.99
MEMBER-09056,Christopher Morris,christopher.morris@hotmail.com,823-401-6680x03651,Premium,Cancelled,2025-07-09,-29.99
MEMBER-09057,Ryan Hall,ryan.hall@yahoo.com,997-334-1613x8278,Basic,Cancelled,2026-05-29,59.99
MEMBER-09058,Michelle Hunt,michelle.hunt@yahoo.com,001-831-908-8396x82869,Premium,Active,2026-02-15,29.99
MEMBER-09059,Chelsea Moore,chelsea.moore@gmail.com,001-367-209-7495x210,BASIC,Frozen,2025-12-16,99.99
MEMBER-09060,Peter Small,peter.small@gmail.com,001-414-528-6364,,Active,2025-11-07,59.99
MEMBER-09061,Steve Brown,steve.brown@yahoo.com,672-250-2272x308,VIP,Cancelled,2025-05-31,-29.99
MEMBER-09062,David Barton,david.barton@gmail.com,+1-772-625-9355,Basic,Cancelled,2026-07-31,99.99
MEMBER-09063,Lacey Scott,lacey.scott@yahoo.com,966-945-7000x5205,Basic,Frozen,2025-01-30,99.99
MEMBER-09064,William Nash,william.nash@yahoo.com,001-877-236-7828x940,Premium,Active,2025-05-21,99.99
MEMBER-09065,Tonya Edwards,tonya.edwards@hotmail.com,703-259-6215,,Active,2025-02-21,59.99
MEMBER-09066,Dawn Bradley,dawn.bradley@gmail.com,318-639-4427x0802,,Active,2025-09-19,29.99
MEMBER-09067,Vanessa Moreno,vanessa.moreno@hotmail.com,001-890-995-3841,BASIC,Active,2024-12-09,99.99
MEMBER-09068,Nancy Nolan,nancy.nolan@gmail.com,7805368215,,Active,2025-03-02,59.99
MEMBER-09069,Steven Bryant,steven.bryant@gmail.com,598.291.6950x003,Premium,Frozen,2026-02-22,29.99
MEMBER-09070,Jamie Allen,jamie.allen@gmail.com,235-794-2957x2294,BASIC,Frozen,2025-09-30,99.99
MEMBER-09071,Kenneth Weaver,kenneth.weaver@yahoo.com,(633)233-6485x80389,BASIC,Frozen,2026-09-24,-29.99
MEMBER-09072,Kristen Bowers,kristen.bowers@hotmail.com,209.326.4256,BASIC,Frozen,2026-06-27,29.99
MEMBER-09073,Nicole Wong,nicole.wong@hotmail.com,334.995.1476x1804,,Active,2025-11-14,99.99
MEMBER-09074,Kelly Johnson,kelly.johnson@hotmail.com,+1-602-828-9514x1040,Basic,Frozen,2026-09-18,-29.99
MEMBER-09075,David Roy,david.roy@gmail.com,406-837-1769,BASIC,Frozen,2025-10-15,59.99
MEMBER-09076,Holly White,holly.white@hotmail.com,363.786.2699,Basic,Active,2025-10-06,-29.99
MEMBER-09077,Alyssa Mahoney,alyssa.mahoney@hotmail.com,947.366.7407,VIP,Frozen,2026-08-06,-29.99
MEMBER-09078,Christopher Johnson,christopher.johnson@gmail.com,(432)425-4945x03529,Premium,Cancelled,2025-07-09,-29.99
MEMBER-09079,William Sanchez,william.sanchez@gmail.com,8897037481,,Active,2025-04-10,-29.99
MEMBER-09080,Jeffrey Schmidt,jeffrey.schmidt@hotmail.com,(976)864-9391x792,VIP,Active,2025-02-26,59.99
MEMBER-09081,Jennifer Roberts,jennifer.roberts@gmail.com,993.927.1967x262,Basic,Cancelled,2025-09-28,-29.99
MEMBER-09082,Michael Smith,michael.smith@yahoo.com,(266)599-9945x1755,Basic,Active,2026-02-13,59.99
MEMBER-09083,Melissa Myers,melissa.myers@gmail.com,530.989.7290,Premium,Active,2025-01-21,29.99
MEMBER-09084,Jessica Combs,jessica.combs@hotmail.com,(550)638-8315x52328,Basic,Cancelled,2026-04-15,-29.99
MEMBER-09085,Joan Lopez,joan.lopez@yahoo.com,(954)404-0236,Basic,Frozen,2024-12-20,-29.99
MEMBER-09086,Lori Hughes,lori.hughes@gmail.com,(810)941-2505x435,,Frozen,2026-09-12,-29.99
MEMBER-09087,Jane Lucas,jane.lucas@hotmail.com,+1-398-654-7234x302,Basic,Active,2024-11-10,59.99
MEMBER-09088,Haley Taylor,haley.taylor@gmail.com,001-857-866-1090,,Active,2025-10-10,59.99
MEMBER-09089,Casey Holland,casey.holland@yahoo.com,419-355-6284x167,VIP,Active,2026-01-26,99.99
MEMBER-09090,Steven Anderson,steven.anderson@yahoo.com,282.219.4752x0291,,Frozen,2026-09-23,59.99
MEMBER-09091,Regina Palmer,regina.palmer@gmail.com,001-467-382-7238,,Cancelled,2026-05-28,99.99
MEMBER-09092,Darius Allen,darius.allen@yahoo.com,+1-869-635-1685x2005,VIP,Active,2025-07-13,29.99
MEMBER-09093,Jeffrey Jackson,jeffrey.jackson@hotmail.com,922-563-1154,VIP,Active,2024-11-09,29.99
MEMBER-09094,Jeffrey Dudley,jeffrey.dudley@hotmail.com,(829)264-1713x417,VIP,Cancelled,2025-11-01,99.99
MEMBER-09095,James Thomas,james.thomas@yahoo.com,+1-431-333-8123x4315,BASIC,Cancelled,2026-07-29,59.99
MEMBER-09096,Jesus Torres,jesus.torres@gmail.com,+1-291-526-2514,,Frozen,2025-03-25,29.99
MEMBER-09097,Brandon Rodriguez,brandon.rodriguez@gmail.com,001-271-382-7021x25840,BASIC,Active,2024-11-01,59.99
MEMBER-09098,Teresa Jackson,teresa.jackson@hotmail.com,001-539-495-0500,Basic,Frozen,2025-09-19,59.99
MEMBER-09099,Lisa Wong,lisa.wong@yahoo.com,326-607-7548x4872,Premium,Active,2026-08-27,-29.99
MEMBER-09100,Heather Marquez,heather.marquez@hotmail.com,983-509-1821x89722,Basic,Frozen,2025-07-30,-29.99
MEMBER-09101,Natalie Martin,natalie.martin@gmail.com,(392)289-2407,,Active,2026-03-25,99.99
MEMBER-09102,Casey Gallegos,casey.gallegos@gmail.com,001-429-295-4823,BASIC,Cancelled,2025-03-13,59.99
MEMBER-09103,Erik Campbell,erik.campbell@hotmail.com,(363)385-5381,VIP,Cancelled,2025-09-20,59.99
MEMBER-09104,Ricky Gomez,ricky.gomez@yahoo.com,967-954-6425x4864,,Cancelled,2025-07-03,29.99
MEMBER-09105,Carolyn Dawson,carolyn.dawson@yahoo.com,202-977-6992,Basic,Cancelled,2025-12-27,59.99
MEMBER-09106,Benjamin Jones,benjamin.jones@hotmail.com,2212509304,Premium,Frozen,2024-11-15,59.99
MEMBER-09107,Gregory Fisher,gregory.fisher@yahoo.com,379-927-9760,Basic,Active,2026-09-06,99.99
MEMBER-09108,Charles Hampton,charles.hampton@hotmail.com,949-827-6648,BASIC,Frozen,2025-05-07,-29.99
MEMBER-09109,Patrick Ramirez,patrick.ramirez@gmail.com,(518)410-2293x9847,BASIC,Active,2026-05-30,-29.99
MEMBER-09110,Linda Jenkins,linda.jenkins@yahoo.com,+1-868-838-1066x7854,,Active,2024-11-30,-29.99
MEMBER-09111,Tami Mann,tami.mann@yahoo.com,(971)858-4893x349,VIP,Frozen,2025-04-12,59.99
MEMBER-09112,Chelsea Scott,chelsea.scott@yahoo.com,(945)263-9285x4212,BASIC,Frozen,2026-05-08,99.99
MEMBER-09113,Angelica Tucker,angelica.tucker@hotmail.com,(294)965-8622x4189,,Frozen,2026-06-01,-29.99
MEMBER-09114,Jenna Murphy,jenna.murphy@yahoo.com,646.439.1599x0166,VIP,Cancelled,2025-03-09,29.99
MEMBER-09115,John Thornton,john.thornton@gmail.com,001-367-385-9824,Premium,Frozen,2025-04-21,59.99
MEMBER-09116,Anna Maxwell,anna.maxwell@gmail.com,5163454367,Basic,Active,2026-02-12,99.99
MEMBER-09117,Robert Reid,robert.reid@hotmail.com,624-417-0013x732,VIP,Frozen,2025-03-09,59.99
MEMBER-09118,Joel Herrera,joel.herrera@yahoo.com,768-436-7484x650,,Active,2026-02-07,99.99
MEMBER-09119,Alyssa Edwards,alyssa.edwards@yahoo.com,538-726-4477x7760,,Active,2025-08-09,99.99
MEMBER-09120,Rhonda Wilson,rhonda.wilson@yahoo.com,(957)812-6386x04585,Basic,Active,2024-11-02,99.99
MEMBER-09121,Thomas Keller,thomas.keller@yahoo.com,889.956.5025,,Active,2026-03-03,59.99
MEMBER-09122,Joe Jacobson,joe.jacobson@hotmail.com,001-337-579-7320,BASIC,Active,2025-09-12,99.99
MEMBER-09123,Thomas Reyes,thomas.reyes@hotmail.com,+1-945-408-4791x6218,Basic,Active,2026-07-22,-29.99
MEMBER-09124,William Marsh,william.marsh@hotmail.com,(629)751-0619x56141,BASIC,Frozen,2024-10-08,99.99
MEMBER-09125,Yolanda Rios,yolanda.rios@gmail.com,424-933-8815x082,Premium,Frozen,2025-09-28,-29.99
MEMBER-09126,Xavier Becker,xavier.becker@gmail.com,5505111405,VIP,Frozen,2025-08-15,29.99
MEMBER-09127,Alicia Orr,alicia.orr@hotmail.com,+1-950-274-4201x7882,VIP,Active,2026-03-29,99.99
MEMBER-09128,John Herrera,john.herrera@yahoo.com,001-952-302-1470x769,Basic,Active,2024-12-26,-29.99
MEMBER-09129,Sara Velazquez,sara.velazquez@hotmail.com,3305355320,,Active,2026-06-06,59.99
MEMBER-09130,Kristine Murray,kristine.murray@gmail.com,(357)726-8700,Basic,Active,2026-04-19,59.99
MEMBER-09131,Elizabeth Lee,elizabeth.lee@gmail.com,+1-304-363-8062x0275,VIP,Cancelled,2024-10-01,29.99
MEMBER-09132,Lauren Ramirez,lauren.ramirez@yahoo.com,+1-534-816-5670x0288,Basic,Active,2024-10-13,59.99
MEMBER-09133,Jake Serrano,jake.serrano@yahoo.com,+1-923-838-3184x352,Basic,Active,2026-04-09,99.99
MEMBER-09134,Danielle Miller,danielle.miller@yahoo.com,(723)440-8263x8864,,Active,2024-12-30,59.99
MEMBER-09135,Christine Ellis,christine.ellis@gmail.com,235-272-4334x911,Premium,Frozen,2025-04-18,59.99
MEMBER-09136,Michael Ward,michael.ward@hotmail.com,408-969-9234,Premium,Frozen,2025-03-15,59.99
MEMBER-09137,Kevin Rasmussen,kevin.rasmussen@gmail.com,672.759.6522x924,VIP,Cancelled,2024-10-17,-29.99
MEMBER-09138,Nathan Harvey,nathan.harvey@hotmail.com,9006253665,BASIC,Active,2025-05-05,29.99
MEMBER-09139,Janice Whitaker,janice.whitaker@hotmail.com,928.455.4569,,Frozen,2026-06-24,-29.99
MEMBER-09140,Kevin King,kevin.king@hotmail.com,519-724-3706,Basic,Active,2025-10-06,29.99
MEMBER-09141,Tara Buchanan,tara.buchanan@hotmail.com,9368952205,VIP,Active,2025-10-01,59.99
MEMBER-09142,James Thompson,james.thompson@yahoo.com,330-597-5790x19182,Premium,Frozen,2025-04-19,29.99
MEMBER-09143,Bradley Day,bradley.day@gmail.com,476.483.4987x2537,Basic,Frozen,2025-07-08,59.99
MEMBER-09144,Barbara Lewis,barbara.lewis@hotmail.com,730.911.6069x220,BASIC,Cancelled,2025-01-12,99.99
MEMBER-09145,Melanie Harris,melanie.harris@gmail.com,728.723.1117,,Active,2025-03-24,-29.99
MEMBER-09146,Gary Robinson,gary.robinson@gmail.com,372-955-6448,BASIC,Active,2025-10-22,99.99
MEMBER-09147,Eric Johnson,eric.johnson@hotmail.com,952-771-1593,VIP,Frozen,2025-09-23,99.99
MEMBER-09148,Rachel Miller,rachel.miller@gmail.com,212.959.1021x3959,BASIC,Active,2025-04-29,99.99
MEMBER-09149,Barbara Morales,barbara.morales@gmail.com,(815)374-8563x667,Premium,Cancelled,2026-01-20,-29.99
MEMBER-09150,Billy Rivera,billy.rivera@gmail.com,274-587-6152,Basic,Active,2025-01-23,-29.99
MEMBER-09151,Julia Wilson,julia.wilson@gmail.com,(226)445-3935,VIP,Active,2025-12-11,59.99
MEMBER-09152,Katherine Cardenas,katherine.cardenas@hotmail.com,(362)780-5404x0675,BASIC,Cancelled,2026-01-27,29.99
MEMBER-09153,Daniel Johnson,daniel.johnson@hotmail.com,001-309-257-6232,VIP,Cancelled,2026-05-18,-29.99
MEMBER-09154,Kimberly Gallagher,kimberly.gallagher@hotmail.com,671-228-2256x7308,VIP,Active,2026-05-21,29.99
MEMBER-09155,Christina Terrell,christina.terrell@hotmail.com,001-221-381-0697x080,,Cancelled,2026-05-20,99.99
MEMBER-09156,James Campbell,james.campbell@yahoo.com,552.290.1562,BASIC,Active,2024-10-04,59.99
MEMBER-09157,Candice Ward,candice.ward@gmail.com,(217)798-9123x003,,Frozen,2025-08-04,29.99
MEMBER-09158,Jennifer Stephens,jennifer.stephens@yahoo.com,844.993.0874x50620,Premium,Active,2025-04-05,99.99
MEMBER-09159,Michael Smith,michael.smith@hotmail.com,3945426153,VIP,Cancelled,2024-11-12,59.99
MEMBER-09160,Sharon Lee,sharon.lee@hotmail.com,547.378.3801x88848,Basic,Active,2026-04-03,-29.99
MEMBER-09161,Dawn Rice,dawn.rice@yahoo.com,001-470-932-5683x74994,VIP,Frozen,2025-06-25,59.99
MEMBER-09162,Leonard Baker,leonard.baker@yahoo.com,+1-222-758-9002x21829,Basic,Cancelled,2026-09-13,-29.99
MEMBER-09163,Timothy James,timothy.james@hotmail.com,661-790-1737,Premium,Active,2026-03-28,99.99
MEMBER-09164,Tanya Thompson,tanya.thompson@yahoo.com,+1-410-251-7942,Premium,Frozen,2025-06-28,-29.99
MEMBER-09165,Lisa Sanders,lisa.sanders@yahoo.com,4422768839,BASIC,Frozen,2026-05-09,99.99
MEMBER-09166,Judith Taylor,judith.taylor@gmail.com,001-430-788-0044x22939,BASIC,Active,2025-03-05,-29.99
MEMBER-09167,Joseph Miller,joseph.miller@gmail.com,001-289-882-7341x570,,Active,2026-07-27,-29.99
MEMBER-09168,Judy Schaefer,judy.schaefer@hotmail.com,4856802603,VIP,Active,2026-06-05,29.99
MEMBER-09169,Shirley Macdonald,shirley.macdonald@yahoo.com,5525194769,,Active,2025-01-31,-29.99
MEMBER-09170,Tiffany Gordon,tiffany.gordon@gmail.com,517-857-4990,BASIC,Frozen,2024-11-05,99.99
MEMBER-09171,Vicki Miles,vicki.miles@yahoo.com,924.513.7749,Basic,Cancelled,2026-04-11,99.99
MEMBER-09172,Catherine James,catherine.james@yahoo.com,+1-311-759-8191,VIP,Active,2025-06-17,99.99
MEMBER-09173,Sarah Walker,sarah.walker@gmail.com,494.244.4496,,Cancelled,2025-04-24,99.99
MEMBER-09174,Thomas Webb,thomas.webb@gmail.com,543.490.3785,Premium,Active,2025-12-15,-29.99
MEMBER-09175,Victor Guerrero,victor.guerrero@gmail.com,001-629-818-9135x9437,VIP,Cancelled,2025-05-05,59.99
MEMBER-09176,Kara Shields,kara.shields@gmail.com,(348)905-7935x99051,,Frozen,2026-04-25,-29.99
MEMBER-09177,Cody Gonzalez,cody.gonzalez@gmail.com,(748)542-4838x86597,VIP,Active,2024-10-24,-29.99
MEMBER-09178,James Santos,james.santos@yahoo.com,347-515-4962,BASIC,Frozen,2025-11-07,-29.99
MEMBER-09179,Shelly Jones,shelly.jones@hotmail.com,+1-474-261-4485x367,VIP,Active,2025-10-26,-29.99
MEMBER-09180,Karen Compton,karen.compton@gmail.com,714-670-9354,Basic,Frozen,2024-11-19,99.99
MEMBER-09181,Zachary Schmidt,zachary.schmidt@gmail.com,639.957.4721,VIP,Frozen,2026-03-01,59.99
MEMBER-09182,Sandra Russo,sandra.russo@hotmail.com,8763088161,VIP,Cancelled,2026-08-11,-29.99
MEMBER-09183,Joseph Barr,joseph.barr@gmail.com,766-441-3730,,Active,2026-02-10,-29.99
MEMBER-09184,Rachael Harris,rachael.harris@gmail.com,620-772-6234x11239,Basic,Frozen,2025-02-23,-29.99
MEMBER-09185,Beth Thompson,beth.thompson@gmail.com,001-316-438-8805x8585,,Cancelled,2024-10-06,59.99
MEMBER-09186,Heather Baxter,heather.baxter@gmail.com,687.623.3841x735,Basic,Frozen,2025-07-06,29.99
MEMBER-09187,Tricia Mcdonald,tricia.mcdonald@gmail.com,7118556194,BASIC,Active,2025-10-03,59.99
MEMBER-09188,Katherine Mills,katherine.mills@hotmail.com,559.986.0689x3007,VIP,Active,2026-06-21,99.99
MEMBER-09189,Rebecca Hernandez,rebecca.hernandez@hotmail.com,474.602.8048,Premium,Frozen,2025-01-21,-29.99
MEMBER-09190,Adam Williams,adam.williams@hotmail.com,(367)753-9575x152,BASIC,Active,2025-12-12,29.99
MEMBER-09191,Matthew Li,matthew.li@hotmail.com,001-854-770-8160x62878,Basic,Active,2026-09-14,29.99
MEMBER-09192,Matthew Dennis,matthew.dennis@gmail.com,534.931.2200x739,VIP,Frozen,2026-03-30,-29.99
MEMBER-09193,Karen Hunter,karen.hunter@hotmail.com,+1-615-606-7678x5718,BASIC,Cancelled,2026-06-30,99.99
MEMBER-09194,Wendy Wheeler,wendy.wheeler@gmail.com,(556)244-3307x2696,,Frozen,2025-09-13,59.99
MEMBER-09195,Debra Johnston,debra.johnston@yahoo.com,6529102178,Basic,Frozen,2026-01-13,-29.99
MEMBER-09196,Brian Johnson,brian.johnson@hotmail.com,+1-398-976-7398,Premium,Cancelled,2026-05-24,99.99
MEMBER-09197,Todd Gardner,todd.gardner@gmail.com,696-666-1696x1875,VIP,Active,2025-03-06,99.99
MEMBER-09198,Michael Garrison,michael.garrison@hotmail.com,+1-633-513-6638x1087,BASIC,Frozen,2025-04-26,29.99
MEMBER-09199,Christine Fowler,christine.fowler@hotmail.com,+1-858-515-2176x0092,Premium,Frozen,2024-11-06,99.99
MEMBER-09200,Kathryn Williams,kathryn.williams@yahoo.com,(840)923-9289x1914,BASIC,Frozen,2025-08-16,29.99
MEMBER-09201,Crystal Arellano,crystal.arellano@yahoo.com,(855)738-3122x5484,BASIC,Frozen,2026-08-01,99.99
MEMBER-09202,Kathy Yang,kathy.yang@gmail.com,536-328-1415,BASIC,Cancelled,2025-08-06,99.99
MEMBER-09203,Laura Clark,laura.clark@hotmail.com,+1-309-389-9176,Premium,Cancelled,2025-06-02,59.99
MEMBER-09204,Melissa Stone,melissa.stone@gmail.com,(783)208-6959x633,,Frozen,2026-05-18,99.99
MEMBER-09205,Kevin Jones,kevin.jones@yahoo.com,(436)318-9025x8257,VIP,Active,2026-04-16,99.99
MEMBER-09206,Madeline Dunn,madeline.dunn@gmail.com,(297)619-8085,BASIC,Frozen,2026-02-03,-29.99
MEMBER-09207,Edward Kelly,edward.kelly@hotmail.com,(557)262-4906x36590,VIP,Active,2026-03-26,-29.99
MEMBER-09208,Lisa Smith,lisa.smith@gmail.com,819.306.2338x38386,BASIC,Active,2025-10-04,59.99
MEMBER-09209,Natasha Hill,natasha.hill@yahoo.com,7655583247,,Frozen,2026-08-07,29.99
MEMBER-09210,Sheila Stevens,sheila.stevens@hotmail.com,+1-272-309-0374,Premium,Active,2026-06-27,59.99
MEMBER-09211,Teresa Roberts,teresa.roberts@yahoo.com,(435)664-1465,Premium,Cancelled,2025-11-29,99.99
MEMBER-09212,Cynthia Powell,cynthia.powell@yahoo.com,+1-869-913-8047x5384,BASIC,Active,2025-10-22,99.99
MEMBER-09213,Angela Whitehead,angela.whitehead@hotmail.com,944.466.4355x009,Basic,Active,2026-08-04,29.99
MEMBER-09214,Ann Cisneros,ann.cisneros@yahoo.com,646.655.3617x33822,VIP,Active,2025-05-10,-29.99
MEMBER-09215,James Thompson,james.thompson@gmail.com,858-905-4021,Basic,Frozen,2026-01-28,-29.99
MEMBER-09216,Tracey Andrews,tracey.andrews@gmail.com,+1-274-274-3485x315,,Active,2026-06-08,59.99
MEMBER-09217,Amanda Daniels,amanda.daniels@yahoo.com,454-793-7690,VIP,Active,2024-12-15,99.99
MEMBER-09218,Amanda York,amanda.york@hotmail.com,406-497-3856,VIP,Frozen,2026-09-12,29.99
MEMBER-09219,Michael Palmer,michael.palmer@yahoo.com,(485)286-0149x15028,,Cancelled,2025-10-16,-29.99
MEMBER-09220,Jennifer Golden,jennifer.golden@gmail.com,361-907-3523,VIP,Frozen,2025-08-31,-29.99
MEMBER-09221,Carrie Roberts,carrie.roberts@hotmail.com,291.897.8755x51551,Basic,Active,2026-06-05,-29.99
MEMBER-09222,Michele Fisher,michele.fisher@yahoo.com,+1-891-623-9173x76077,Basic,Cancelled,2025-07-18,-29.99
MEMBER-09223,Timothy Hayes,timothy.hayes@yahoo.com,001-807-924-4880x27087,Basic,Active,2024-12-19,29.99
MEMBER-09224,Amanda Andrews,amanda.andrews@gmail.com,3432303176,BASIC,Frozen,2025-02-04,29.99
MEMBER-09225,Gary Clark,gary.clark@yahoo.com,+1-498-838-5234x3856,Basic,Active,2025-11-19,-29.99
MEMBER-09226,Lisa Foster,lisa.foster@yahoo.com,(914)653-0234x57747,Basic,Active,2025-02-07,-29.99
MEMBER-09227,Jonathan Rosario,jonathan.rosario@gmail.com,(997)317-1912x3731,,Frozen,2026-07-17,29.99
MEMBER-09228,Christopher Delacruz,christopher.delacruz@hotmail.com,(348)731-2297x788,BASIC,Active,2026-03-15,59.99
MEMBER-09229,Zachary Burgess,zachary.burgess@gmail.com,001-763-738-9999,,Frozen,2026-02-17,99.99
MEMBER-09230,John Flowers,john.flowers@hotmail.com,853.311.3407,Basic,Active,2026-07-22,59.99
MEMBER-09231,Andrew Willis,andrew.willis@hotmail.com,539-732-8730x634,Basic,Frozen,2025-04-03,59.99
MEMBER-09232,Tara Rhodes,tara.rhodes@gmail.com,(605)768-6164,,Active,2024-10-24,-29.99
MEMBER-09233,William Wilson,william.wilson@yahoo.com,(375)697-2808,BASIC,Cancelled,2024-10-14,99.99
MEMBER-09234,Kristin Glover,kristin.glover@gmail.com,441-686-0748x6367,Premium,Active,2024-10-29,-29.99
MEMBER-09235,Jeremy Perez,jeremy.perez@gmail.com,(252)530-3512,Premium,Frozen,2025-09-24,99.99
MEMBER-09236,Justin Watson,justin.watson@yahoo.com,620-603-9490,,Active,2025-06-17,29.99
MEMBER-09237,Jeanette Bryant,jeanette.bryant@yahoo.com,922.229.9771x2855,BASIC,Active,2026-06-28,-29.99
MEMBER-09238,Alexander West,alexander.west@hotmail.com,001-235-531-8751x6367,Premium,Cancelled,2026-05-25,59.99
MEMBER-09239,Olivia Hill,olivia.hill@yahoo.com,+1-244-699-4971x771,VIP,Active,2025-02-06,59.99
MEMBER-09240,Brian Savage,brian.savage@gmail.com,+1-233-843-5613x5716,Premium,Frozen,2025-02-03,29.99
MEMBER-09241,Cindy Neal,cindy.neal@hotmail.com,851.897.4635x02621,Premium,Active,2026-06-15,29.99
MEMBER-09242,Elizabeth Davenport,elizabeth.davenport@yahoo.com,985.700.5024x429,VIP,Cancelled,2025-11-20,29.99
MEMBER-09243,Felicia Hernandez,felicia.hernandez@gmail.com,5216466830,,Active,2025-09-18,99.99
MEMBER-09244,Debbie Gallegos,debbie.gallegos@yahoo.com,(556)348-1596x350,Premium,Active,2026-03-11,99.99
MEMBER-09245,Stephanie King,stephanie.king@gmail.com,001-709-283-3514x0130,,Cancelled,2026-01-26,-29.99
MEMBER-09246,Danielle Roberts,danielle.roberts@yahoo.com,001-872-574-2931x1101,BASIC,Cancelled,2025-09-18,99.99
MEMBER-09247,Sandra Johnson,sandra.johnson@hotmail.com,4037146846,BASIC,Active,2024-10-20,-29.99
MEMBER-09248,Sara Obrien,sara.obrien@hotmail.com,(367)359-2431x142,Basic,Frozen,2025-12-14,29.99
MEMBER-09249,Janet Hamilton,janet.hamilton@yahoo.com,(526)950-8616x1029,Premium,Active,2026-02-25,29.99
MEMBER-09250,William Miller,william.miller@yahoo.com,+1-680-805-2265x397,BASIC,Cancelled,2026-02-01,99.99
MEMBER-09251,David Jensen,david.jensen@hotmail.com,+1-952-738-0367x146,BASIC,Frozen,2026-06-17,59.99
MEMBER-09252,Steven Garcia,steven.garcia@hotmail.com,+1-436-436-1722x773,BASIC,Active,2025-11-11,59.99
MEMBER-09253,Brian Morales,brian.morales@yahoo.com,001-324-308-9052x07819,VIP,Cancelled,2026-08-10,-29.99
MEMBER-09254,Michael Robinson,michael.robinson@gmail.com,456.693.1547,Premium,Active,2026-06-30,99.99
MEMBER-09255,Jane Salas,jane.salas@yahoo.com,709-527-6287x7639,Basic,Cancelled,2026-06-09,-29.99
MEMBER-09256,Christine Sosa,christine.sosa@gmail.com,296-535-2572,BASIC,Active,2026-06-25,29.99
MEMBER-09257,Jamie Yang,jamie.yang@gmail.com,210-607-1242x1015,Premium,Cancelled,2026-03-22,59.99
MEMBER-09258,Kevin Kennedy,kevin.kennedy@yahoo.com,+1-765-370-3588x9522,Premium,Active,2025-01-23,99.99
MEMBER-09259,Angie Johnson,angie.johnson@hotmail.com,(850)322-0876x43130,Premium,Frozen,2024-10-17,59.99
MEMBER-09260,Timothy Walker,timothy.walker@hotmail.com,(435)931-9095x6534,BASIC,Active,2026-06-04,29.99
MEMBER-09261,Michael Newton,michael.newton@yahoo.com,424-476-3387x955,,Active,2026-04-20,59.99
MEMBER-09262,Ashley Contreras,ashley.contreras@hotmail.com,001-777-484-2253x3184,VIP,Frozen,2025-05-07,-29.99
MEMBER-09263,George Hughes,george.hughes@gmail.com,+1-408-746-5012x727,VIP,Active,2026-04-15,99.99
MEMBER-09264,Brenda Lopez,brenda.lopez@yahoo.com,(429)442-3217x657,VIP,Active,2025-06-20,99.99
MEMBER-09265,Juan Tucker,juan.tucker@yahoo.com,8776856255,Premium,Cancelled,2025-07-10,99.99
MEMBER-09266,Laura Cline,laura.cline@yahoo.com,6654418297,VIP,Frozen,2025-04-20,99.99
MEMBER-09267,Rachel Allen,rachel.allen@yahoo.com,6047452566,Basic,Active,2025-11-28,29.99
MEMBER-09268,Shawn Conner,shawn.conner@yahoo.com,494-498-5531,,Frozen,2025-10-04,29.99
MEMBER-09269,Ryan Little,ryan.little@yahoo.com,372.389.4155x7579,Premium,Active,2025-11-03,-29.99
MEMBER-09270,Stacy Wood,stacy.wood@yahoo.com,909.650.2685x97369,Premium,Active,2026-08-26,99.99
MEMBER-09271,Tyler King,tyler.king@hotmail.com,+1-465-929-8888x08984,Premium,Active,2025-03-09,59.99
MEMBER-09272,Andrew Vazquez,andrew.vazquez@gmail.com,+1-325-299-6727x29291,,Active,2026-04-24,59.99
MEMBER-09273,James Lloyd,james.lloyd@yahoo.com,+1-204-964-0457x9938,BASIC,Active,2026-04-16,99.99
MEMBER-09274,Adam Garcia,adam.garcia@hotmail.com,914-414-0617x14254,Basic,Frozen,2025-10-03,-29.99
MEMBER-09275,Joe Walsh,joe.walsh@yahoo.com,(547)638-0697,Basic,Frozen,2025-06-04,-29.99
MEMBER-09276,Kari Jones,kari.jones@yahoo.com,001-619-495-8306x374,Premium,Cancelled,2025-06-26,29.99
MEMBER-09277,Nancy Brown,nancy.brown@gmail.com,(484)477-1553x90490,Basic,Frozen,2025-03-19,59.99
MEMBER-09278,Melissa Palmer,melissa.palmer@yahoo.com,(619)494-7737,Premium,Cancelled,2024-12-19,99.99
MEMBER-09279,Larry Lara,larry.lara@gmail.com,546.531.9271,VIP,Active,2026-01-06,29.99
MEMBER-09280,Stephanie Washington,stephanie.washington@yahoo.com,+1-739-871-3232x746,Basic,Cancelled,2026-05-21,-29.99
MEMBER-09281,Austin Clarke,austin.clarke@yahoo.com,331-245-6775,Premium,Cancelled,2025-04-07,-29.99
MEMBER-09282,David Anderson,david.anderson@hotmail.com,001-575-810-6255x802,Basic,Cancelled,2024-10-09,29.99
MEMBER-09283,Trevor Moore,trevor.moore@yahoo.com,001-911-814-2547,,Active,2026-08-14,-29.99
MEMBER-09284,Karen Johnson,karen.johnson@yahoo.com,752-709-0693,VIP,Active,2024-12-12,-29.99
MEMBER-09285,Stacy Mcdonald,stacy.mcdonald@gmail.com,256.384.6934,Basic,Active,2025-01-05,-29.99
MEMBER-09286,Steven West,steven.west@hotmail.com,+1-653-575-0301,BASIC,Active,2024-10-31,29.99
MEMBER-09287,Cody Gonzalez,cody.gonzalez@hotmail.com,900.576.3570x2861,,Cancelled,2024-12-21,-29.99
MEMBER-09288,Danielle Burke,danielle.burke@hotmail.com,967.989.7090x70115,BASIC,Cancelled,2025-09-22,99.99
MEMBER-09289,Robert Brown,robert.brown@gmail.com,(914)757-3806x95381,Basic,Active,2024-11-01,-29.99
MEMBER-09290,Brian Turner,brian.turner@gmail.com,(463)584-5316x99508,BASIC,Active,2024-11-05,-29.99
MEMBER-09291,Gloria Duncan,gloria.duncan@yahoo.com,001-951-562-0782x9386,Premium,Active,2025-12-10,-29.99
MEMBER-09292,Lisa Zamora,lisa.zamora@hotmail.com,315-899-6863x9409,Premium,Active,2025-04-23,99.99
MEMBER-09293,Don Berger,don.berger@gmail.com,001-976-417-5083x148,,Active,2026-04-10,29.99
MEMBER-09294,Joshua Rodriguez,joshua.rodriguez@yahoo.com,001-286-577-5249x981,VIP,Active,2025-02-26,-29.99
MEMBER-09295,Dawn Lawrence,dawn.lawrence@yahoo.com,832.950.9725,,Cancelled,2025-01-30,29.99
MEMBER-09296,Sheryl Meyer,sheryl.meyer@gmail.com,(907)816-9207x45128,Premium,Cancelled,2025-01-14,-29.99
MEMBER-09297,Robert Waters,robert.waters@gmail.com,(756)956-6639x22916,VIP,Frozen,2026-04-10,-29.99
MEMBER-09298,Roberto Rodriguez,roberto.rodriguez@hotmail.com,359.697.2482,VIP,Active,2026-03-23,-29.99
MEMBER-09299,Sharon Kim,sharon.kim@hotmail.com,815.833.8130x09568,VIP,Active,2025-07-02,29.99
MEMBER-09300,Tyler Mills,tyler.mills@hotmail.com,372.820.9000,BASIC,Active,2025-05-31,99.99
MEMBER-09301,Christopher Frazier,christopher.frazier@hotmail.com,(484)808-1698,Premium,Active,2024-10-04,-29.99
MEMBER-09302,Lauren Bryant,lauren.bryant@yahoo.com,6642239459,VIP,Active,2026-06-18,-29.99
MEMBER-09303,Jessica Steele,jessica.steele@yahoo.com,7919619655,Basic,Cancelled,2025-12-01,99.99
MEMBER-09304,Denise Cunningham,denise.cunningham@yahoo.com,001-827-972-5692,Premium,Frozen,2026-07-02,29.99
MEMBER-09305,David Warren,david.warren@gmail.com,2465594969,,Active,2026-01-20,29.99
MEMBER-09306,Paul Smith,paul.smith@hotmail.com,601.865.6385,Basic,Active,2026-01-19,99.99
MEMBER-09307,Edward Woodard,edward.woodard@gmail.com,001-796-364-0877x1352,,Active,2026-06-30,59.99
MEMBER-09308,Jeremy Jimenez,jeremy.jimenez@gmail.com,9948226262,BASIC,Cancelled,2025-11-14,-29.99
MEMBER-09309,Derek Mitchell,derek.mitchell@hotmail.com,324-872-2155x2235,BASIC,Active,2025-05-10,-29.99
MEMBER-09310,Elizabeth Wilson,elizabeth.wilson@hotmail.com,(643)792-1674x248,VIP,Cancelled,2025-09-29,29.99
MEMBER-09311,Hannah Page,hannah.page@hotmail.com,+1-993-512-8284,VIP,Cancelled,2024-09-26,29.99
MEMBER-09312,Brian Macias,brian.macias@gmail.com,(348)937-1944,,Cancelled,2024-10-13,-29.99
MEMBER-09313,Julie Smith,julie.smith@gmail.com,261-517-3065x05231,Premium,Frozen,2026-09-06,59.99
MEMBER-09314,Darryl Burns,darryl.burns@gmail.com,3339283614,BASIC,Active,2025-12-23,59.99
MEMBER-09315,Jacqueline Vang,jacqueline.vang@gmail.com,(659)304-3824x23523,Premium,Active,2024-11-10,-29.99
MEMBER-09316,Sabrina Osborne,sabrina.osborne@hotmail.com,504-695-7236,,Active,2026-06-27,-29.99
MEMBER-09317,Rebecca French,rebecca.french@yahoo.com,4954702887,VIP,Frozen,2026-03-24,29.99
MEMBER-09318,Kristin Reynolds,kristin.reynolds@hotmail.com,+1-754-526-5633,Premium,Cancelled,2024-12-31,59.99
MEMBER-09319,Courtney White,courtney.white@gmail.com,+1-354-870-7520,VIP,Cancelled,2025-12-30,99.99
MEMBER-09320,Alexander Dixon,alexander.dixon@hotmail.com,930-358-1584,Premium,Active,2026-01-31,29.99
MEMBER-09321,Mallory Graham,mallory.graham@hotmail.com,568.620.3966,BASIC,Frozen,2026-02-07,-29.99
MEMBER-09322,Michelle Young,michelle.young@hotmail.com,763-421-9125,Premium,Frozen,2026-07-13,29.99
MEMBER-09323,Jasmine Rice,jasmine.rice@yahoo.com,855-443-5068x267,BASIC,Frozen,2026-03-08,99.99
MEMBER-09324,Jodi Leach,jodi.leach@yahoo.com,948.262.5480x83149,VIP,Active,2026-01-14,59.99
MEMBER-09325,David Sanchez,david.sanchez@hotmail.com,+1-322-438-2889x27010,VIP,Active,2025-05-30,29.99
MEMBER-09326,Mark Wallace,mark.wallace@gmail.com,+1-257-288-1600x024,Premium,Active,2025-10-13,99.99
MEMBER-09327,David Cooke,david.cooke@hotmail.com,9322890231,Basic,Active,2026-04-11,59.99
MEMBER-09328,Melinda Thornton,melinda.thornton@hotmail.com,(474)616-9585,,Cancelled,2025-07-26,59.99
MEMBER-09329,Jennifer Evans,jennifer.evans@hotmail.com,7858118078,Basic,Frozen,2025-06-08,99.99
MEMBER-09330,Crystal Ashley,crystal.ashley@hotmail.com,(997)918-9613x729,,Active,2024-11-07,29.99
MEMBER-09331,Lindsey Smith,lindsey.smith@gmail.com,(383)465-0356x72443,Premium,Frozen,2025-09-26,-29.99
MEMBER-09332,Robin Davis,robin.davis@gmail.com,680-445-8667x299,Basic,Active,2025-12-07,-29.99
MEMBER-09333,Steve Cook,steve.cook@hotmail.com,001-425-341-4349x9875,Basic,Active,2025-04-22,29.99
MEMBER-09334,Stephen Martin,stephen.martin@gmail.com,502.315.3472x51921,Premium,Active,2026-01-25,99.99
MEMBER-09335,John Butler,john.butler@gmail.com,834.863.6363,BASIC,Active,2024-10-19,29.99
MEMBER-09336,Tricia Gilbert,tricia.gilbert@gmail.com,625-485-9119x3509,,Frozen,2024-11-11,29.99
MEMBER-09337,Samantha Miller,samantha.miller@yahoo.com,001-612-298-2004x9700,Premium,Frozen,2024-10-31,-29.99
MEMBER-09338,Jason Ferrell,jason.ferrell@gmail.com,(756)754-1681x44061,Basic,Frozen,2025-09-11,29.99
MEMBER-09339,Tanner Young,tanner.young@gmail.com,357-218-5219,BASIC,Frozen,2025-04-07,59.99
MEMBER-09340,Ashley Williams,ashley.williams@hotmail.com,752.545.2765x646,,Frozen,2026-03-21,59.99
MEMBER-09341,Miranda Miller,miranda.miller@yahoo.com,3076486205,Premium,Active,2026-02-28,-29.99
MEMBER-09342,Jennifer Davis,jennifer.davis@gmail.com,732-376-5496x32793,,Frozen,2024-10-17,29.99
MEMBER-09343,Vanessa Nichols,vanessa.nichols@gmail.com,(832)572-1852x38003,,Active,2025-07-18,-29.99
MEMBER-09344,Daniel Summers,daniel.summers@hotmail.com,(907)830-5397,BASIC,Active,2026-04-13,-29.99
MEMBER-09345,Sarah Curtis,sarah.curtis@hotmail.com,001-526-403-8073x8424,Basic,Active,2024-12-29,-29.99
MEMBER-09346,Julie Trujillo,julie.trujillo@gmail.com,618-461-7346x13163,VIP,Cancelled,2025-11-16,99.99
MEMBER-09347,Susan Holden,susan.holden@gmail.com,+1-407-938-0884x8738,VIP,Active,2026-03-10,59.99
MEMBER-09348,Michael Benjamin,michael.benjamin@hotmail.com,(359)911-0720x037,Basic,Active,2025-06-29,59.99
MEMBER-09349,Danielle Cole,danielle.cole@yahoo.com,489-661-6910x43846,Basic,Cancelled,2026-02-07,59.99
MEMBER-09350,Chelsea Rhodes,chelsea.rhodes@gmail.com,679.712.9852x2597,Premium,Frozen,2025-05-04,-29.99
MEMBER-09351,Bethany Barajas,bethany.barajas@gmail.com,(945)977-6787x41430,BASIC,Frozen,2025-04-05,-29.99
MEMBER-09352,Kathleen Vargas,kathleen.vargas@hotmail.com,+1-618-976-6711x154,VIP,Frozen,2024-10-17,29.99
MEMBER-09353,Kimberly Rice,kimberly.rice@yahoo.com,(292)283-6944x852,Basic,Frozen,2025-11-13,99.99
MEMBER-09354,Julie Ramirez,julie.ramirez@gmail.com,262-423-5678,,Active,2025-10-27,99.99
MEMBER-09355,Kathryn Andrews,kathryn.andrews@hotmail.com,001-272-934-5973x86833,BASIC,Cancelled,2026-07-18,29.99
MEMBER-09356,Dale Oneill,dale.oneill@hotmail.com,650-227-0314x2740,,Active,2026-07-30,99.99
MEMBER-09357,Benjamin Diaz,benjamin.diaz@gmail.com,461-324-4817x1673,BASIC,Active,2025-07-24,99.99
MEMBER-09358,Theodore Young,theodore.young@gmail.com,+1-737-838-1005x7771,VIP,Cancelled,2025-04-27,-29.99
MEMBER-09359,Brian Young,brian.young@yahoo.com,(955)694-2995x78111,Basic,Active,2026-03-04,99.99
MEMBER-09360,Kristy Ortiz,kristy.ortiz@yahoo.com,401.442.0291x606,,Frozen,2025-05-25,-29.99
MEMBER-09361,Anthony West,anthony.west@gmail.com,+1-939-879-4897x918,BASIC,Active,2025-01-16,29.99
MEMBER-09362,Mackenzie Russell,mackenzie.russell@yahoo.com,+1-569-437-9150,Basic,Active,2026-08-15,-29.99
MEMBER-09363,William Taylor,william.taylor@gmail.com,+1-649-261-7139x89577,,Active,2025-01-22,-29.99
MEMBER-09364,Cynthia Davis,cynthia.davis@gmail.com,223.791.0555x8943,VIP,Active,2026-06-11,99.99
MEMBER-09365,Christina Marquez,christina.marquez@hotmail.com,+1-723-367-0511x12169,VIP,Frozen,2026-07-07,-29.99
MEMBER-09366,Grace Johnson,grace.johnson@hotmail.com,624-205-1525x665,VIP,Active,2025-10-28,59.99
MEMBER-09367,Vickie Skinner,vickie.skinner@gmail.com,001-597-597-6626x279,,Active,2026-01-12,59.99
MEMBER-09368,Frank Terrell,frank.terrell@yahoo.com,+1-853-367-7670x310,Premium,Active,2026-03-09,59.99
MEMBER-09369,Antonio Oliver,antonio.oliver@hotmail.com,(281)475-8626x48200,VIP,Frozen,2025-02-05,99.99
MEMBER-09370,Sarah Griffith,sarah.griffith@gmail.com,+1-420-445-7773,Basic,Cancelled,2026-05-14,29.99
MEMBER-09371,Curtis Singh,curtis.singh@yahoo.com,688.641.5792x793,,Frozen,2026-04-18,-29.99
MEMBER-09372,John Collins,john.collins@gmail.com,250-200-9568x913,,Frozen,2026-05-19,-29.99
MEMBER-09373,Sean Gardner,sean.gardner@hotmail.com,(995)967-2036,Basic,Active,2024-10-01,-29.99
MEMBER-09374,David Lopez,david.lopez@yahoo.com,4728840452,,Cancelled,2026-08-29,-29.99
MEMBER-09375,Jennifer Matthews,jennifer.matthews@gmail.com,241.489.1909,Basic,Cancelled,2026-09-13,59.99
MEMBER-09376,Courtney Kelly,courtney.kelly@yahoo.com,(668)766-9324x8556,BASIC,Active,2026-04-12,29.99
MEMBER-09377,Crystal Stokes,crystal.stokes@hotmail.com,001-242-459-9306,,Active,2026-03-12,-29.99
MEMBER-09378,Stephanie Phillips,stephanie.phillips@gmail.com,(419)517-4888,BASIC,Active,2026-01-18,99.99
MEMBER-09379,Tara Burns,tara.burns@gmail.com,(677)417-6867x32077,BASIC,Active,2026-03-29,59.99
MEMBER-09380,Jacqueline Chambers,jacqueline.chambers@yahoo.com,+1-842-837-8416x3005,,Active,2025-12-31,59.99
MEMBER-09381,Jennifer Clark,jennifer.clark@hotmail.com,001-465-338-9224,BASIC,Cancelled,2026-04-14,-29.99
MEMBER-09382,John Saunders,john.saunders@hotmail.com,(885)221-8646x440,BASIC,Cancelled,2026-03-17,-29.99
MEMBER-09383,Karen Mason,karen.mason@gmail.com,603.824.4320,Basic,Active,2025-04-17,29.99
MEMBER-09384,Ian Garcia,ian.garcia@yahoo.com,(459)545-2071x3801,BASIC,Cancelled,2024-11-10,99.99
MEMBER-09385,Nicole Hughes,nicole.hughes@yahoo.com,600.472.3911x949,Basic,Cancelled,2025-07-24,-29.99
MEMBER-09386,Victoria Jimenez,victoria.jimenez@hotmail.com,001-373-300-2986,Premium,Cancelled,2025-08-30,29.99
MEMBER-09387,Nicole Horton,nicole.horton@hotmail.com,532-286-5123x86901,BASIC,Cancelled,2024-11-30,99.99
MEMBER-09388,Victoria Tran,victoria.tran@hotmail.com,638.775.2434x9087,Premium,Cancelled,2025-08-04,59.99
MEMBER-09389,Veronica Robinson,veronica.robinson@yahoo.com,880-612-8043x27064,Premium,Cancelled,2025-04-04,29.99
MEMBER-09390,Melissa Allen,melissa.allen@gmail.com,001-360-630-2472,Premium,Cancelled,2025-07-07,59.99
MEMBER-09391,Alexis Horton,alexis.horton@yahoo.com,9655001774,VIP,Frozen,2025-09-08,-29.99
MEMBER-09392,Jacob Hayes,jacob.hayes@hotmail.com,(532)269-7963,Basic,Active,2025-03-11,29.99
MEMBER-09393,Nicholas Lee,nicholas.lee@yahoo.com,705-605-4810,BASIC,Frozen,2025-12-05,59.99
MEMBER-09394,Devin Patterson,devin.patterson@hotmail.com,241.981.7810x6988,Basic,Active,2025-08-21,99.99
MEMBER-09395,Christopher Lopez,christopher.lopez@gmail.com,001-435-934-7254,Premium,Cancelled,2024-11-17,99.99
MEMBER-09396,Kimberly Nguyen,kimberly.nguyen@yahoo.com,(981)447-2487x77743,BASIC,Active,2026-05-25,99.99
MEMBER-09397,Janet Robinson,janet.robinson@gmail.com,828.977.9885x7408,Premium,Frozen,2026-02-10,29.99
MEMBER-09398,Jennifer Schultz,jennifer.schultz@gmail.com,709.510.0495x598,Premium,Frozen,2026-08-18,59.99
MEMBER-09399,David Jones,david.jones@gmail.com,(929)268-0624x0039,BASIC,Active,2024-12-07,29.99
MEMBER-09400,Eric Watkins,eric.watkins@hotmail.com,354.928.8472x763,BASIC,Frozen,2025-03-30,99.99
MEMBER-09401,Katherine Kim,katherine.kim@yahoo.com,+1-557-788-3540x58790,,Frozen,2024-09-27,99.99
MEMBER-09402,Joseph Brown,joseph.brown@yahoo.com,(751)507-0910x938,,Active,2025-02-12,99.99
MEMBER-09403,Tina Miller,tina.miller@yahoo.com,7775649778,Premium,Active,2026-07-21,29.99
MEMBER-09404,Samuel Moore,samuel.moore@hotmail.com,(267)648-6559x854,,Active,2026-06-14,99.99
MEMBER-09405,Christine Sullivan,christine.sullivan@gmail.com,514.210.2038x745,Premium,Frozen,2025-11-16,99.99
MEMBER-09406,Sandra Cervantes,sandra.cervantes@gmail.com,561-619-6953x985,VIP,Cancelled,2026-09-01,29.99
MEMBER-09407,Emily Williams,emily.williams@hotmail.com,820.607.7308x340,VIP,Cancelled,2026-08-14,-29.99
MEMBER-09408,Matthew Gaines,matthew.gaines@yahoo.com,628-252-9614,BASIC,Frozen,2025-06-08,59.99
MEMBER-09409,Molly White,molly.white@yahoo.com,287.569.2942x882,VIP,Frozen,2025-05-06,29.99
MEMBER-09410,Dave Thomas,dave.thomas@hotmail.com,505-482-5363x06779,BASIC,Active,2024-12-12,-29.99
MEMBER-09411,Dorothy Michael,dorothy.michael@hotmail.com,949.996.0716x8302,,Active,2026-05-30,29.99
MEMBER-09412,Linda Ryan,linda.ryan@yahoo.com,+1-524-286-3495x324,Premium,Active,2025-07-12,59.99
MEMBER-09413,William Wu,william.wu@yahoo.com,+1-874-983-9644x824,,Cancelled,2024-10-21,59.99
MEMBER-09414,Terri Johnston,terri.johnston@gmail.com,001-822-927-0198x432,Basic,Cancelled,2025-05-24,29.99
MEMBER-09415,Amy Stuart,amy.stuart@gmail.com,001-736-334-5602x7323,BASIC,Active,2026-03-10,29.99
MEMBER-09416,Mark Wilson,mark.wilson@hotmail.com,425.606.5259x82879,,Frozen,2024-12-02,-29.99
MEMBER-09417,Edward Anderson,edward.anderson@hotmail.com,368-731-3289x4038,BASIC,Cancelled,2025-07-07,59.99
MEMBER-09418,Laura Garza,laura.garza@yahoo.com,926.954.0560x2155,,Active,2025-05-13,-29.99
MEMBER-09419,Jason Davis,jason.davis@yahoo.com,3415325550,Premium,Active,2026-06-07,59.99
MEMBER-09420,Heather Vang,heather.vang@gmail.com,+1-864-821-0000x7186,Basic,Frozen,2026-08-12,59.99
MEMBER-09421,Ashley Leon,ashley.leon@yahoo.com,540.625.1833x82371,VIP,Frozen,2026-07-22,-29.99
MEMBER-09422,Lisa Hayden,lisa.hayden@hotmail.com,816.348.2342x61763,Premium,Active,2024-11-03,-29.99
MEMBER-09423,Donald Krause,donald.krause@gmail.com,859-338-6066,,Active,2025-01-08,99.99
MEMBER-09424,Robert Dean,robert.dean@hotmail.com,001-341-439-1269x08164,VIP,Active,2026-07-06,-29.99
MEMBER-09425,Erin Parker,erin.parker@gmail.com,+1-951-715-4439x448,Basic,Cancelled,2026-01-29,59.99
MEMBER-09426,Jacob Acosta,jacob.acosta@gmail.com,(689)765-9165x17560,Premium,Active,2026-04-16,-29.99
MEMBER-09427,Katie French,katie.french@hotmail.com,362.614.3346x10793,Basic,Active,2024-12-23,99.99
MEMBER-09428,Marc Jackson,marc.jackson@hotmail.com,615-401-9994x84652,Basic,Active,2025-12-04,59.99
MEMBER-09429,Tamara Sanchez,tamara.sanchez@yahoo.com,937.226.2293,,Active,2026-05-03,99.99
MEMBER-09430,Joseph Moore,joseph.moore@gmail.com,691.772.3193,VIP,Active,2025-08-12,59.99
MEMBER-09431,Tanya Ellis,tanya.ellis@gmail.com,881-533-4370x982,Basic,Cancelled,2026-07-26,59.99
MEMBER-09432,Christine Rosales,christine.rosales@yahoo.com,+1-595-226-0114x3102,Basic,Active,2026-05-10,-29.99
MEMBER-09433,Susan Johnson,susan.johnson@hotmail.com,001-773-349-7914x557,VIP,Frozen,2025-10-15,99.99
MEMBER-09434,Adriana Morrison,adriana.morrison@gmail.com,001-416-804-1440x173,VIP,Active,2026-03-16,-29.99
MEMBER-09435,Donald Thomas,donald.thomas@gmail.com,293.355.3082,VIP,Active,2025-11-11,59.99
MEMBER-09436,Dalton Marsh,dalton.marsh@gmail.com,(221)900-7994x8087,Basic,Active,2025-12-25,99.99
MEMBER-09437,Abigail Pitts,abigail.pitts@gmail.com,476.289.0046,BASIC,Active,2026-02-06,59.99
MEMBER-09438,Jerry Thompson,jerry.thompson@yahoo.com,001-796-433-5100x64785,BASIC,Frozen,2024-11-02,29.99
MEMBER-09439,Steven Woods,steven.woods@hotmail.com,616.888.6207x5064,Basic,Frozen,2026-01-11,59.99
MEMBER-09440,Michelle Henderson,michelle.henderson@gmail.com,267-940-6008x6238,BASIC,Active,2025-05-25,99.99
MEMBER-09441,Samuel Boyd,samuel.boyd@gmail.com,394.714.9195x257,VIP,Cancelled,2026-09-16,29.99
MEMBER-09442,Jonathan Parker,jonathan.parker@gmail.com,7827915573,Premium,Active,2025-06-23,29.99
MEMBER-09443,Charles Cochran,charles.cochran@gmail.com,001-972-888-3227x7217,BASIC,Frozen,2026-04-05,99.99
MEMBER-09444,Michelle Mccarty,michelle.mccarty@yahoo.com,+1-264-346-5940x870,,Cancelled,2025-03-03,59.99
MEMBER-09445,James Cummings,james.cummings@yahoo.com,(900)647-2039,Basic,Frozen,2025-12-08,-29.99
MEMBER-09446,James Mathis,james.mathis@hotmail.com,(796)775-6015x3513,Premium,Cancelled,2025-05-19,59.99
MEMBER-09447,Joshua Perry,joshua.perry@hotmail.com,+1-390-572-0646,BASIC,Active,2026-01-31,-29.99
MEMBER-09448,Donna Jones,donna.jones@hotmail.com,+1-865-895-3079x5352,Basic,Active,2024-10-23,99.99
MEMBER-09449,Brittney Zimmerman,brittney.zimmerman@gmail.com,(806)699-3132x213,VIP,Active,2025-05-25,59.99
MEMBER-09450,Kathy Higgins,kathy.higgins@hotmail.com,3434982471,Premium,Cancelled,2025-05-12,-29.99
MEMBER-09451,Rebecca Cox,rebecca.cox@hotmail.com,(639)940-2826,BASIC,Active,2025-02-06,99.99
MEMBER-09452,Emily Hartman,emily.hartman@gmail.com,968-517-8658,,Frozen,2026-03-30,29.99
MEMBER-09453,Steven Lester,steven.lester@yahoo.com,+1-783-625-6579x6284,,Active,2025-04-10,29.99
MEMBER-09454,Sarah Rivera,sarah.rivera@hotmail.com,(647)275-5086x261,Basic,Frozen,2025-05-14,29.99
MEMBER-09455,Kevin Stevenson,kevin.stevenson@hotmail.com,4215545030,Basic,Active,2026-08-11,-29.99
MEMBER-09456,Jesse Garcia,jesse.garcia@hotmail.com,910.651.0860x3315,,Active,2025-10-22,59.99
MEMBER-09457,Martha Summers,martha.summers@hotmail.com,3109554447,Basic,Cancelled,2026-09-25,99.99
MEMBER-09458,Collin Alexander,collin.alexander@yahoo.com,(365)560-8009,Basic,Cancelled,2026-02-07,29.99
MEMBER-09459,Timothy Reed,timothy.reed@hotmail.com,881-236-9760x254,Basic,Cancelled,2025-05-02,99.99
MEMBER-09460,Christopher Guerrero,christopher.guerrero@gmail.com,001-877-977-2963x71629,Premium,Cancelled,2025-02-12,59.99
MEMBER-09461,Keith Owens,keith.owens@hotmail.com,818-240-7726x71184,Premium,Active,2025-07-12,29.99
MEMBER-09462,Tyler Alvarado,tyler.alvarado@yahoo.com,849.301.6268x8865,VIP,Cancelled,2025-02-04,-29.99
MEMBER-09463,Jeffery Hill,jeffery.hill@gmail.com,272-514-4866,,Frozen,2025-09-24,59.99
MEMBER-09464,Bernard Craig,bernard.craig@gmail.com,8414516804,,Active,2026-07-04,99.99
MEMBER-09465,Ashley Lane,ashley.lane@hotmail.com,+1-561-210-7663,,Frozen,2024-11-14,99.99
MEMBER-09466,Patrick Riggs,patrick.riggs@hotmail.com,+1-494-346-1456x172,Basic,Active,2026-01-13,-29.99
MEMBER-09467,Noah Boyd,noah.boyd@gmail.com,+1-501-888-9366x8477,Premium,Active,2024-10-07,29.99
MEMBER-09468,Anthony Pacheco,anthony.pacheco@gmail.com,(528)912-9980,VIP,Cancelled,2025-06-24,29.99
MEMBER-09469,Stephen Chang,stephen.chang@gmail.com,612.636.3813,BASIC,Frozen,2026-01-22,-29.99
MEMBER-09470,Brenda Carpenter,brenda.carpenter@gmail.com,824.388.3271x29586,VIP,Active,2026-03-13,99.99
MEMBER-09471,Justin Williams,justin.williams@hotmail.com,001-267-796-1588x3243,Premium,Frozen,2024-11-19,-29.99
MEMBER-09472,Joshua Alexander,joshua.alexander@yahoo.com,(730)629-8583x7996,Premium,Active,2026-06-03,59.99
MEMBER-09473,Shannon Franklin,shannon.franklin@hotmail.com,826-924-8001x6879,BASIC,Cancelled,2026-05-09,99.99
MEMBER-09474,Susan Ramirez,susan.ramirez@yahoo.com,+1-952-495-7115x2723,,Active,2025-05-07,59.99
MEMBER-09475,Kimberly Thompson,kimberly.thompson@hotmail.com,720-940-8539x7613,Basic,Cancelled,2025-10-29,99.99
MEMBER-09476,Gregg Nunez,gregg.nunez@gmail.com,001-734-527-6282x6509,,Active,2026-01-27,-29.99
MEMBER-09477,Roy Williams,roy.williams@yahoo.com,617.590.1941,Premium,Active,2025-11-30,-29.99
MEMBER-09478,Diane Johnson,diane.johnson@hotmail.com,862-731-1074x52157,BASIC,Cancelled,2025-03-19,99.99
MEMBER-09479,Stephanie Mcdonald,stephanie.mcdonald@yahoo.com,001-499-887-8559x3329,VIP,Cancelled,2026-03-29,99.99
MEMBER-09480,Jessica Vasquez,jessica.vasquez@hotmail.com,865.951.3797,Premium,Frozen,2025-06-20,99.99
MEMBER-09481,Regina Rhodes,regina.rhodes@hotmail.com,+1-824-218-5192x8802,,Active,2026-04-18,-29.99
MEMBER-09482,Jennifer Santos,jennifer.santos@yahoo.com,001-732-665-7459x1694,Premium,Active,2026-01-21,99.99
MEMBER-09483,Darren Patterson,darren.patterson@gmail.com,732-817-7429x655,BASIC,Active,2025-11-03,99.99
MEMBER-09484,Todd Tran,todd.tran@yahoo.com,+1-903-545-0845,BASIC,Frozen,2026-06-10,59.99
MEMBER-09485,Jeremy Griffin,jeremy.griffin@yahoo.com,(499)863-3949x52079,,Active,2024-10-16,59.99
MEMBER-09486,Daniel Webb,daniel.webb@gmail.com,398.701.3401,,Active,2024-12-18,59.99
MEMBER-09487,Frank Lambert,frank.lambert@yahoo.com,261-934-4771x5064,VIP,Active,2025-04-28,99.99
MEMBER-09488,Lindsey Morgan,lindsey.morgan@yahoo.com,479-452-5101x7101,Premium,Frozen,2025-05-27,-29.99
MEMBER-09489,Duane Day,duane.day@gmail.com,(501)645-6927x64006,,Active,2024-09-27,29.99
MEMBER-09490,Lucas Harrell,lucas.harrell@hotmail.com,(876)210-6535x079,Basic,Active,2026-01-21,99.99
MEMBER-09491,John Calhoun,john.calhoun@gmail.com,7334364249,Basic,Active,2026-06-11,-29.99
MEMBER-09492,Heather Spencer,heather.spencer@yahoo.com,606.204.9352x34477,VIP,Active,2025-03-08,59.99
MEMBER-09493,David Everett,david.everett@yahoo.com,(693)269-2189,BASIC,Active,2026-06-19,59.99
MEMBER-09494,Matthew Johnson,matthew.johnson@gmail.com,550-675-5902x4484,VIP,Cancelled,2025-05-31,-29.99
MEMBER-09495,Emily Chavez,emily.chavez@yahoo.com,550.694.9399x40967,BASIC,Cancelled,2026-08-01,59.99
MEMBER-09496,Kurt Cooper,kurt.cooper@hotmail.com,835.688.4875x073,VIP,Frozen,2026-07-13,59.99
MEMBER-09497,Rachel Peterson,rachel.peterson@hotmail.com,854-389-4650x3566,Basic,Cancelled,2025-10-17,-29.99
MEMBER-09498,Christopher Hall,christopher.hall@hotmail.com,(976)974-7422x54335,,Cancelled,2025-04-17,29.99
MEMBER-09499,Stephanie Richardson,stephanie.richardson@hotmail.com,001-376-686-4892x190,,Active,2024-11-19,99.99
MEMBER-09500,John Zamora,john.zamora@hotmail.com,865.279.9091,Basic,Active,2025-06-05,99.99
MEMBER-09501,Robert Garcia,robert.garcia@yahoo.com,779-751-0791x58093,Premium,Active,2025-03-08,59.99
MEMBER-09502,Alyssa James,alyssa.james@gmail.com,001-277-692-1577x5981,Basic,Active,2026-02-16,-29.99
MEMBER-09503,Amy Waters,amy.waters@hotmail.com,898.670.8528x96374,Premium,Cancelled,2024-12-31,-29.99
MEMBER-09504,Laurie George,laurie.george@gmail.com,(325)545-4360x6837,VIP,Active,2026-09-19,99.99
MEMBER-09505,Mary Cole,mary.cole@yahoo.com,(806)384-3651,BASIC,Frozen,2026-06-20,-29.99
MEMBER-09506,Alexander Lee,alexander.lee@gmail.com,(959)322-3973x518,,Active,2024-11-27,29.99
MEMBER-09507,Charles Mcfarland,charles.mcfarland@yahoo.com,(656)487-0403x0680,Basic,Frozen,2024-11-30,59.99
MEMBER-09508,Jessica Levy,jessica.levy@gmail.com,2572600795,,Cancelled,2025-11-24,59.99
MEMBER-09509,Joshua Morales,joshua.morales@yahoo.com,+1-932-332-6008,VIP,Frozen,2024-10-15,-29.99
MEMBER-09510,Joy Ramirez,joy.ramirez@hotmail.com,+1-636-532-4449x9908,VIP,Cancelled,2025-02-24,59.99
MEMBER-09511,Melanie Ramos,melanie.ramos@yahoo.com,823.809.4318,,Cancelled,2025-08-01,99.99
MEMBER-09512,Edward Hines,edward.hines@hotmail.com,849-412-4496x2649,,Active,2025-06-12,-29.99
MEMBER-09513,Cheryl Orozco,cheryl.orozco@gmail.com,+1-775-376-2786x537,BASIC,Active,2024-11-15,29.99
MEMBER-09514,Kathleen Roach,kathleen.roach@yahoo.com,888-360-2302x29759,VIP,Cancelled,2025-01-12,29.99
MEMBER-09515,Ashley Morton,ashley.morton@hotmail.com,353.201.2635x356,Premium,Cancelled,2025-05-25,-29.99
MEMBER-09516,Michael Davis,michael.davis@gmail.com,686.301.4742x3862,Premium,Frozen,2025-10-23,-29.99
MEMBER-09517,Daniel Brown,daniel.brown@gmail.com,402-705-4754,Premium,Active,2025-03-17,99.99
MEMBER-09518,Brian Serrano,brian.serrano@hotmail.com,(430)208-5665x5684,Basic,Active,2026-07-27,59.99
MEMBER-09519,Trevor Mccoy,trevor.mccoy@gmail.com,350-389-4136x81903,Premium,Active,2025-06-30,29.99
MEMBER-09520,Dalton Snow,dalton.snow@hotmail.com,933-839-0972x4281,Basic,Active,2026-02-24,99.99
MEMBER-09521,Richard Glenn,richard.glenn@yahoo.com,7047440618,BASIC,Active,2026-07-09,29.99
MEMBER-09522,Carolyn Ward,carolyn.ward@gmail.com,5228466676,VIP,Frozen,2025-06-09,59.99
MEMBER-09523,Sandy Adams,sandy.adams@yahoo.com,001-994-859-1436x241,BASIC,Active,2025-05-17,59.99
MEMBER-09524,Leslie Patterson,leslie.patterson@yahoo.com,(304)484-3083x869,VIP,Frozen,2025-08-28,99.99
MEMBER-09525,Elizabeth Walters,elizabeth.walters@hotmail.com,(214)528-2768x85329,Basic,Frozen,2025-11-21,59.99
MEMBER-09526,Phillip Brown,phillip.brown@yahoo.com,406-329-5654x5265,Premium,Active,2026-08-02,-29.99
MEMBER-09527,Paul Mills,paul.mills@hotmail.com,390.323.4767x0900,,Active,2025-09-07,59.99
MEMBER-09528,Chelsey Collins,chelsey.collins@hotmail.com,(890)961-5703,Basic,Active,2024-11-03,-29.99
MEMBER-09529,Amanda Green,amanda.green@hotmail.com,(936)938-2934,VIP,Frozen,2024-12-02,59.99
MEMBER-09530,William Case,william.case@hotmail.com,(610)442-5586x88340,,Cancelled,2025-07-29,99.99
MEMBER-09531,Crystal Flores,crystal.flores@yahoo.com,001-673-433-7069x1538,Premium,Active,2026-04-22,29.99
MEMBER-09532,Jeremy Mosley,jeremy.mosley@gmail.com,001-369-285-1958x5657,VIP,Frozen,2026-07-18,59.99
MEMBER-09533,Wanda Buchanan,wanda.buchanan@yahoo.com,993-563-5495x7888,,Cancelled,2025-01-11,99.99
MEMBER-09534,Elizabeth Rios,elizabeth.rios@gmail.com,689.499.6344x5503,Premium,Active,2026-07-11,59.99
MEMBER-09535,Michelle Green,michelle.green@hotmail.com,001-798-729-4113x228,VIP,Active,2025-03-12,59.99
MEMBER-09536,Sarah Richards,sarah.richards@hotmail.com,361-495-6972x709,Premium,Active,2026-07-19,59.99
MEMBER-09537,Suzanne Buckley,suzanne.buckley@yahoo.com,001-913-444-0883x0703,Premium,Active,2026-04-16,-29.99
MEMBER-09538,Kimberly Gonzalez,kimberly.gonzalez@hotmail.com,+1-515-697-3195,Premium,Frozen,2026-08-26,99.99
MEMBER-09539,Amber Jenkins,amber.jenkins@yahoo.com,878.299.6421,Premium,Cancelled,2026-04-30,29.99
MEMBER-09540,Marvin Schultz,marvin.schultz@hotmail.com,001-823-260-2299x8327,Premium,Cancelled,2026-02-15,-29.99
MEMBER-09541,David Ortiz,david.ortiz@gmail.com,6028979348,VIP,Active,2026-06-16,59.99
MEMBER-09542,Pamela Guerrero,pamela.guerrero@gmail.com,5952317285,Premium,Frozen,2026-05-09,-29.99
MEMBER-09543,Michael Snyder,michael.snyder@gmail.com,2334622088,VIP,Active,2025-11-03,99.99
MEMBER-09544,Travis Diaz,travis.diaz@gmail.com,570-865-7136x743,Premium,Active,2025-10-09,59.99
MEMBER-09545,Tasha Stevenson,tasha.stevenson@gmail.com,(906)434-9904,Basic,Cancelled,2026-04-08,59.99
MEMBER-09546,Pamela Tran,pamela.tran@gmail.com,(971)850-7637x149,VIP,Active,2026-03-09,99.99
MEMBER-09547,Leonard Hayden,leonard.hayden@gmail.com,930-271-9783,Basic,Active,2026-06-26,29.99
MEMBER-09548,Michael Mccann,michael.mccann@yahoo.com,922-711-1728x6036,Premium,Cancelled,2026-06-26,59.99
MEMBER-09549,Carmen Adams,carmen.adams@hotmail.com,+1-447-214-6624x3441,VIP,Active,2025-03-13,29.99
MEMBER-09550,Molly Patel,molly.patel@hotmail.com,(428)540-4012x95820,BASIC,Active,2025-11-14,99.99
MEMBER-09551,Rebecca Jones,rebecca.jones@yahoo.com,+1-451-859-1579x74807,VIP,Frozen,2026-02-15,-29.99
MEMBER-09552,Latoya Rodriguez,latoya.rodriguez@yahoo.com,001-666-340-4977,Basic,Frozen,2025-05-15,29.99
MEMBER-09553,Russell Farrell,russell.farrell@yahoo.com,+1-389-795-1571x66299,VIP,Cancelled,2025-08-23,59.99
MEMBER-09554,Michael Warner,michael.warner@yahoo.com,001-256-714-6792x614,VIP,Frozen,2026-04-18,-29.99
MEMBER-09555,Linda Holmes,linda.holmes@gmail.com,+1-370-800-3612x12598,VIP,Active,2026-05-20,29.99
MEMBER-09556,Amanda Williams,amanda.williams@gmail.com,216-728-8728,,Cancelled,2024-12-20,99.99
MEMBER-09557,Wendy Davenport,wendy.davenport@gmail.com,001-502-804-9119x5771,VIP,Active,2026-01-14,59.99
MEMBER-09558,Ryan Adams,ryan.adams@hotmail.com,623.912.0107,VIP,Cancelled,2025-10-19,29.99
MEMBER-09559,Joshua Cole,joshua.cole@yahoo.com,(813)509-7121,BASIC,Active,2025-12-16,29.99
MEMBER-09560,Scott Cunningham,scott.cunningham@hotmail.com,001-416-723-3441,Premium,Frozen,2026-06-08,29.99
MEMBER-09561,Jennifer Clark,jennifer.clark@yahoo.com,(933)610-3123x36358,VIP,Cancelled,2025-09-07,99.99
MEMBER-09562,Timothy Hays,timothy.hays@hotmail.com,2895020170,,Frozen,2026-04-17,29.99
MEMBER-09563,Jason Bryant,jason.bryant@yahoo.com,3112504169,,Active,2026-07-29,29.99
MEMBER-09564,Kelsey Klein,kelsey.klein@hotmail.com,(668)521-2114,VIP,Active,2024-10-08,99.99
MEMBER-09565,Jill Barr,jill.barr@gmail.com,588-900-3544,VIP,Active,2026-08-27,29.99
MEMBER-09566,Theresa Hernandez,theresa.hernandez@gmail.com,(328)567-0488x266,BASIC,Active,2026-09-10,59.99
MEMBER-09567,Patricia Doyle,patricia.doyle@yahoo.com,335.563.5344,Premium,Cancelled,2026-09-07,99.99
MEMBER-09568,Kevin Young,kevin.young@gmail.com,001-941-446-7527x12868,BASIC,Cancelled,2025-07-03,29.99
MEMBER-09569,Ellen Murphy,ellen.murphy@yahoo.com,+1-741-239-3573x09063,BASIC,Active,2025-03-10,-29.99
MEMBER-09570,Mark Manning,mark.manning@yahoo.com,806-288-6119x12011,Premium,Active,2025-12-07,99.99
MEMBER-09571,Julian Chapman,julian.chapman@yahoo.com,387.337.3705,BASIC,Cancelled,2025-03-03,99.99
MEMBER-09572,David Sims,david.sims@yahoo.com,(697)490-5144x949,Premium,Active,2025-07-17,29.99
MEMBER-09573,James Montoya,james.montoya@hotmail.com,319.749.2777x595,BASIC,Active,2026-01-02,29.99
MEMBER-09574,Melanie Atkins,melanie.atkins@gmail.com,(405)399-8537,VIP,Active,2026-04-30,99.99
MEMBER-09575,Crystal Nicholson,crystal.nicholson@hotmail.com,3983645904,Premium,Active,2024-11-16,99.99
MEMBER-09576,Joseph Davis,joseph.davis@hotmail.com,+1-880-498-4679x8091,,Active,2026-05-16,99.99
MEMBER-09577,Anthony Erickson,anthony.erickson@gmail.com,340.524.9400,BASIC,Active,2026-03-18,-29.99
MEMBER-09578,Heidi Soto,heidi.soto@hotmail.com,+1-225-542-1203x2798,Basic,Frozen,2026-06-29,59.99
MEMBER-09579,Steven Guzman,steven.guzman@yahoo.com,001-348-556-2341x9835,Premium,Active,2024-12-14,29.99
MEMBER-09580,Eric Harmon,eric.harmon@gmail.com,+1-908-343-4379x7475,,Active,2025-04-17,29.99
MEMBER-09581,Nicholas Medina,nicholas.medina@gmail.com,+1-441-580-0282x42350,Basic,Active,2025-01-01,29.99
MEMBER-09582,Laura Johns,laura.johns@yahoo.com,001-425-955-1263x765,VIP,Active,2025-04-13,29.99
MEMBER-09583,Brian Beck,brian.beck@hotmail.com,001-643-757-9536x2479,Basic,Cancelled,2025-11-10,59.99
MEMBER-09584,Rachel Ortega,rachel.ortega@hotmail.com,294-347-5765,BASIC,Active,2025-11-22,59.99
MEMBER-09585,Michelle Randolph,michelle.randolph@hotmail.com,673-387-0984x8358,Basic,Frozen,2025-02-05,-29.99
MEMBER-09586,Kristie Cooley,kristie.cooley@yahoo.com,9984194444,Basic,Active,2025-01-04,59.99
MEMBER-09587,Nicole Wang,nicole.wang@gmail.com,+1-764-288-8301x393,,Active,2025-03-18,-29.99
MEMBER-09588,Donald Cole,donald.cole@yahoo.com,250.882.0214,,Active,2026-02-13,99.99
MEMBER-09589,Michael Andersen,michael.andersen@hotmail.com,464-655-1038x07370,Basic,Frozen,2025-09-29,-29.99
MEMBER-09590,Gregory Bradley,gregory.bradley@hotmail.com,(495)667-6768x732,,Active,2025-05-03,99.99
MEMBER-09591,Timothy Hunter,timothy.hunter@yahoo.com,(696)573-0820x31306,Basic,Active,2025-05-08,99.99
MEMBER-09592,David Martinez,david.martinez@hotmail.com,+1-723-555-6460x51084,BASIC,Cancelled,2026-09-23,-29.99
MEMBER-09593,Steven Orr,steven.orr@yahoo.com,792.675.3751,BASIC,Cancelled,2025-07-29,29.99
MEMBER-09594,Sarah Daniel,sarah.daniel@hotmail.com,+1-903-673-3288x00332,Basic,Active,2026-04-12,59.99
MEMBER-09595,Sandy Davis,sandy.davis@hotmail.com,3098080435,BASIC,Cancelled,2026-09-22,29.99
MEMBER-09596,Carolyn Moyer,carolyn.moyer@gmail.com,+1-227-578-9880x0859,,Active,2026-05-06,99.99
MEMBER-09597,Pamela Anderson,pamela.anderson@hotmail.com,+1-930-869-5531x7149,BASIC,Cancelled,2025-07-22,59.99
MEMBER-09598,Brenda Lee,brenda.lee@yahoo.com,812-826-3622,BASIC,Cancelled,2026-04-18,99.99
MEMBER-09599,Seth Lee,seth.lee@hotmail.com,687-262-1378x727,BASIC,Frozen,2025-12-21,29.99
MEMBER-09600,James Pollard,james.pollard@gmail.com,313-427-8552,BASIC,Cancelled,2025-04-03,29.99
MEMBER-09601,Roger Yates,roger.yates@yahoo.com,001-489-756-8273x4586,,Cancelled,2026-09-05,29.99
MEMBER-09602,Jeffrey Jones,jeffrey.jones@gmail.com,+1-301-277-8854,BASIC,Active,2025-07-12,99.99
MEMBER-09603,Sara Ramirez,sara.ramirez@gmail.com,001-461-200-9317x85278,Basic,Frozen,2025-04-23,99.99
MEMBER-09604,Brenda Ward,brenda.ward@yahoo.com,+1-244-788-8098x02932,VIP,Cancelled,2024-11-25,-29.99
MEMBER-09605,Tracy Jackson,tracy.jackson@hotmail.com,(278)530-4488,BASIC,Active,2025-07-21,99.99
MEMBER-09606,Michael Edwards,michael.edwards@hotmail.com,001-988-802-3605x2578,BASIC,Active,2025-09-20,99.99
MEMBER-09607,Richard White,richard.white@yahoo.com,001-631-499-1644x4724,,Active,2024-11-02,-29.99
MEMBER-09608,James Clements,james.clements@gmail.com,(519)931-1742,BASIC,Active,2024-10-05,-29.99
MEMBER-09609,Jackie Gill,jackie.gill@gmail.com,2935026487,VIP,Active,2026-04-09,99.99
MEMBER-09610,Dawn Williams,dawn.williams@gmail.com,461-429-1141,BASIC,Active,2024-11-03,29.99
MEMBER-09611,Amanda Sullivan,amanda.sullivan@hotmail.com,392.823.4890x7181,BASIC,Frozen,2026-03-15,99.99
MEMBER-09612,Amber Miller,amber.miller@hotmail.com,623.903.7472,BASIC,Active,2025-12-05,99.99
MEMBER-09613,Wendy Welch,wendy.welch@hotmail.com,+1-568-473-8888,,Frozen,2025-07-29,-29.99
MEMBER-09614,Jose Wallace,jose.wallace@yahoo.com,568.243.9802x9492,Premium,Frozen,2026-05-17,59.99
MEMBER-09615,Faith Olson,faith.olson@hotmail.com,001-856-960-8560,Basic,Active,2024-11-08,-29.99
MEMBER-09616,Andrew Andrews,andrew.andrews@gmail.com,001-993-802-1078x5850,Premium,Cancelled,2025-04-07,29.99
MEMBER-09617,David Ross,david.ross@yahoo.com,(738)220-2762x91436,Basic,Cancelled,2025-03-22,99.99
MEMBER-09618,Michael Clark,michael.clark@gmail.com,513-518-3390,,Frozen,2025-01-17,-29.99
MEMBER-09619,Morgan Williams,morgan.williams@hotmail.com,5779355488,VIP,Cancelled,2024-11-04,59.99
MEMBER-09620,Lynn White,lynn.white@yahoo.com,420-437-0034,BASIC,Active,2025-03-05,-29.99
MEMBER-09621,Beverly Anderson,beverly.anderson@gmail.com,001-475-248-3641x77334,Premium,Active,2026-07-11,59.99
MEMBER-09622,Chad Glenn,chad.glenn@gmail.com,+1-236-589-0471x44727,Basic,Active,2025-02-14,-29.99
MEMBER-09623,Courtney Wood,courtney.wood@yahoo.com,7518211272,,Active,2025-12-10,29.99
MEMBER-09624,Donna Brown,donna.brown@yahoo.com,001-668-477-3574x5315,,Cancelled,2025-07-06,-29.99
MEMBER-09625,Richard Strong,richard.strong@gmail.com,(636)210-7633x731,Basic,Frozen,2025-11-11,99.99
MEMBER-09626,Anthony Smith,anthony.smith@hotmail.com,945-842-0391x9089,,Active,2025-10-19,59.99
MEMBER-09627,Eugene Stephenson,eugene.stephenson@gmail.com,836.333.2493x318,Basic,Active,2024-12-24,59.99
MEMBER-09628,Elizabeth Ray,elizabeth.ray@hotmail.com,691.618.4855,VIP,Active,2025-05-24,59.99
MEMBER-09629,Crystal Anderson,crystal.anderson@hotmail.com,854-380-9805,VIP,Frozen,2026-06-05,99.99
MEMBER-09630,Lisa Novak,lisa.novak@gmail.com,001-992-531-4436x72631,VIP,Active,2025-02-13,29.99
MEMBER-09631,Samuel Phillips,samuel.phillips@yahoo.com,+1-571-894-5629x876,VIP,Frozen,2025-01-22,29.99
MEMBER-09632,Robert Lee,robert.lee@yahoo.com,564.845.9507x51515,,Active,2024-10-09,59.99
MEMBER-09633,Corey Turner,corey.turner@gmail.com,+1-740-266-9544,,Active,2026-05-10,-29.99
MEMBER-09634,Louis Daniels,louis.daniels@hotmail.com,(559)213-2784x5230,BASIC,Cancelled,2025-07-19,-29.99
MEMBER-09635,Zachary Moore,zachary.moore@hotmail.com,890-360-4965x066,Premium,Frozen,2025-12-11,-29.99
MEMBER-09636,William Johnson,william.johnson@yahoo.com,+1-423-434-7204,Basic,Active,2025-07-23,59.99
MEMBER-09637,Emily Perez,emily.perez@yahoo.com,(481)753-2229x153,Basic,Cancelled,2026-07-26,99.99
MEMBER-09638,Isabella Hall,isabella.hall@hotmail.com,481-594-5293x26148,Premium,Cancelled,2025-08-08,29.99
MEMBER-09639,Jeffrey Hendricks,jeffrey.hendricks@gmail.com,+1-808-290-9711,Basic,Active,2026-05-27,29.99
MEMBER-09640,Tamara Evans,tamara.evans@gmail.com,525-315-0192x011,VIP,Cancelled,2025-08-10,99.99
MEMBER-09641,Paul Jenkins,paul.jenkins@gmail.com,700.339.7855x1169,Premium,Frozen,2025-01-19,59.99
MEMBER-09642,Katherine Davenport,katherine.davenport@gmail.com,+1-761-211-2456,Basic,Active,2025-10-19,99.99
MEMBER-09643,Jacqueline Gardner,jacqueline.gardner@hotmail.com,9226200688,Basic,Active,2026-04-13,-29.99
MEMBER-09644,Ashley Edwards,ashley.edwards@hotmail.com,892-562-4377,VIP,Frozen,2024-11-05,-29.99
MEMBER-09645,Joseph Grant,joseph.grant@yahoo.com,001-840-347-4741,BASIC,Cancelled,2026-08-15,-29.99
MEMBER-09646,Alyssa Holder,alyssa.holder@gmail.com,744.271.1846,Premium,Frozen,2026-09-07,29.99
MEMBER-09647,Lindsey Miller,lindsey.miller@hotmail.com,+1-861-882-3666x4622,,Active,2025-06-08,59.99
MEMBER-09648,Micheal Walsh,micheal.walsh@hotmail.com,(277)627-9190x299,Premium,Frozen,2026-05-20,59.99
MEMBER-09649,Arthur Garrison,arthur.garrison@yahoo.com,2323594259,BASIC,Frozen,2025-02-25,-29.99
MEMBER-09650,Alan Williams,alan.williams@gmail.com,+1-877-563-6573x1683,Basic,Active,2024-11-15,59.99
MEMBER-09651,Melvin Jones,melvin.jones@gmail.com,(954)499-2875x933,Premium,Cancelled,2024-10-03,29.99
MEMBER-09652,Anthony Gonzalez,anthony.gonzalez@hotmail.com,(939)438-8062x35395,Premium,Cancelled,2026-02-04,99.99
MEMBER-09653,Mark Williams,mark.williams@yahoo.com,001-662-799-4532x864,Basic,Frozen,2025-12-27,-29.99
MEMBER-09654,David Robertson,david.robertson@gmail.com,(337)332-7845,BASIC,Active,2025-10-23,29.99
MEMBER-09655,Christian Edwards,christian.edwards@gmail.com,979-240-9772,Premium,Frozen,2025-09-18,29.99
MEMBER-09656,Tanya Perez,tanya.perez@hotmail.com,001-656-815-0132x52997,VIP,Active,2025-11-26,99.99
MEMBER-09657,Corey Durham,corey.durham@hotmail.com,(612)415-1147,Basic,Cancelled,2026-08-24,29.99
MEMBER-09658,Rhonda Rose,rhonda.rose@yahoo.com,(298)555-5220x96813,VIP,Active,2026-02-09,-29.99
MEMBER-09659,Madison Carpenter,madison.carpenter@gmail.com,368-931-2820x4709,BASIC,Active,2025-07-10,29.99
MEMBER-09660,Ellen Rodriguez,ellen.rodriguez@yahoo.com,856-358-6804x533,,Active,2026-05-01,59.99
MEMBER-09661,Virginia Thomas,virginia.thomas@hotmail.com,(517)323-5414,Premium,Cancelled,2026-07-23,-29.99
MEMBER-09662,Fred Barron,fred.barron@hotmail.com,(429)679-1578x50281,,Frozen,2025-05-18,99.99
MEMBER-09663,Brenda Ritter,brenda.ritter@hotmail.com,697.781.4277x6630,BASIC,Active,2025-04-25,-29.99
MEMBER-09664,Heather Garcia,heather.garcia@hotmail.com,+1-450-867-9900x67321,Premium,Active,2026-04-24,29.99
MEMBER-09665,Dawn Wolf,dawn.wolf@gmail.com,(903)663-5959x7124,VIP,Cancelled,2025-10-20,-29.99
MEMBER-09666,Jason Chambers,jason.chambers@yahoo.com,+1-463-761-9620x86390,BASIC,Frozen,2025-12-02,99.99
MEMBER-09667,Brian Garcia,brian.garcia@yahoo.com,769-474-7279,VIP,Frozen,2024-10-08,59.99
MEMBER-09668,Taylor French,taylor.french@hotmail.com,+1-373-576-8859x24534,Basic,Cancelled,2025-03-27,59.99
MEMBER-09669,Sara Riley,sara.riley@yahoo.com,826-687-9572x690,VIP,Cancelled,2025-12-24,99.99
MEMBER-09670,Rebecca Salazar,rebecca.salazar@yahoo.com,+1-454-213-7458,,Active,2026-05-24,59.99
MEMBER-09671,William Bell,william.bell@hotmail.com,(411)822-6480x182,Basic,Cancelled,2025-02-10,-29.99
MEMBER-09672,Justin Chambers,justin.chambers@gmail.com,+1-933-542-8925x6481,Premium,Active,2026-09-19,29.99
MEMBER-09673,Ernest Kane,ernest.kane@yahoo.com,271.394.9234x94826,VIP,Frozen,2025-04-24,29.99
MEMBER-09674,Donald Barnes,donald.barnes@yahoo.com,591-277-7509x2243,Premium,Active,2024-10-24,29.99
MEMBER-09675,Rachael Reyes,rachael.reyes@hotmail.com,001-979-256-5297x785,,Active,2025-06-19,59.99
MEMBER-09676,Lindsay Rodriguez,lindsay.rodriguez@gmail.com,+1-945-762-1339x437,BASIC,Active,2024-10-06,29.99
MEMBER-09677,Catherine Owen,catherine.owen@hotmail.com,529-242-5219x705,VIP,Active,2025-04-20,59.99
MEMBER-09678,Brooke Mccoy,brooke.mccoy@gmail.com,(335)594-4722x517,,Active,2026-05-25,29.99
MEMBER-09679,Susan Patterson,susan.patterson@hotmail.com,427.748.5767x548,BASIC,Active,2026-09-02,29.99
MEMBER-09680,Janet Oconnor,janet.oconnor@gmail.com,(828)467-6014x06968,VIP,Active,2026-02-24,29.99
MEMBER-09681,Shannon Reed,shannon.reed@yahoo.com,(315)602-0551,,Active,2025-02-28,29.99
MEMBER-09682,Shane Jacobs,shane.jacobs@gmail.com,001-948-624-2544,,Cancelled,2026-09-10,99.99
MEMBER-09683,Sarah Brown,sarah.brown@gmail.com,995-560-7231x247,BASIC,Cancelled,2026-04-28,99.99
MEMBER-09684,Ryan Crawford,ryan.crawford@yahoo.com,(602)960-2948x2501,BASIC,Active,2025-11-07,59.99
MEMBER-09685,Kathleen Garcia,kathleen.garcia@hotmail.com,(733)920-9370,VIP,Active,2024-12-18,29.99
MEMBER-09686,Ronnie Navarro,ronnie.navarro@yahoo.com,+1-768-466-9527x040,Premium,Frozen,2026-04-05,29.99
MEMBER-09687,Jason Perez,jason.perez@hotmail.com,(853)865-4745x56341,VIP,Active,2025-04-11,59.99
MEMBER-09688,David Pitts,david.pitts@hotmail.com,7315280008,Basic,Active,2024-10-27,29.99
MEMBER-09689,Lisa Mayo,lisa.mayo@yahoo.com,(882)877-6291x79743,,Active,2026-06-21,99.99
MEMBER-09690,Geoffrey Riggs,geoffrey.riggs@yahoo.com,001-282-620-1759x84751,Basic,Frozen,2025-08-22,29.99
MEMBER-09691,Henry Peters,henry.peters@gmail.com,5173014234,Premium,Cancelled,2026-04-05,99.99
MEMBER-09692,Alison Chavez,alison.chavez@gmail.com,347-836-7762x528,Basic,Active,2025-01-17,29.99
MEMBER-09693,Cody Sanchez,cody.sanchez@yahoo.com,774.624.8399x70438,VIP,Frozen,2024-10-05,-29.99
MEMBER-09694,Richard Fitzgerald,richard.fitzgerald@hotmail.com,001-628-949-0625x195,Basic,Frozen,2025-07-14,-29.99
MEMBER-09695,Patricia Ortiz,patricia.ortiz@yahoo.com,654-641-3008x56045,Basic,Frozen,2026-08-25,29.99
MEMBER-09696,Tyler Morrow,tyler.morrow@yahoo.com,+1-923-874-1135,BASIC,Active,2026-07-02,29.99
MEMBER-09697,Tony Harris,tony.harris@gmail.com,239.599.3559x5446,VIP,Active,2026-04-21,59.99
MEMBER-09698,David Mcdowell,david.mcdowell@yahoo.com,404.433.0536,Basic,Active,2026-05-25,59.99
MEMBER-09699,Alejandro Wang,alejandro.wang@gmail.com,(258)322-1527,Basic,Frozen,2024-10-09,99.99
MEMBER-09700,Alexandra Davenport,alexandra.davenport@yahoo.com,+1-666-214-0147,BASIC,Frozen,2025-05-15,99.99
MEMBER-09701,Jill Martin,jill.martin@yahoo.com,203-741-9285,BASIC,Cancelled,2024-12-10,59.99
MEMBER-09702,Martha Young,martha.young@gmail.com,636.485.1318,BASIC,Frozen,2025-12-24,-29.99
MEMBER-09703,Marcus Sanders,marcus.sanders@gmail.com,+1-299-811-6426,,Frozen,2025-01-08,29.99
MEMBER-09704,Michael Mercado,michael.mercado@hotmail.com,+1-876-299-8970x8369,BASIC,Frozen,2025-05-04,29.99
MEMBER-09705,Frank Calderon,frank.calderon@yahoo.com,(608)498-8747x6277,Premium,Cancelled,2025-06-20,-29.99
MEMBER-09706,Justin Johnson,justin.johnson@gmail.com,384.330.0273,VIP,Frozen,2026-03-14,-29.99
MEMBER-09707,Jennifer Ferguson,jennifer.ferguson@hotmail.com,001-300-691-0602x825,Basic,Cancelled,2024-10-23,59.99
MEMBER-09708,John Swanson,john.swanson@hotmail.com,289-617-8559x5377,,Active,2025-03-24,59.99
MEMBER-09709,Jessica Nguyen,jessica.nguyen@gmail.com,300-512-9079,BASIC,Frozen,2025-12-11,29.99
MEMBER-09710,Kevin Watson,kevin.watson@hotmail.com,4766318828,Premium,Active,2025-08-24,99.99
MEMBER-09711,Tammy Waters,tammy.waters@gmail.com,490-994-0954x170,Basic,Active,2026-06-23,-29.99
MEMBER-09712,Javier Myers,javier.myers@gmail.com,001-367-748-9378x1122,Basic,Cancelled,2026-05-18,59.99
MEMBER-09713,Adam Moran,adam.moran@yahoo.com,+1-904-752-8535x8209,BASIC,Active,2024-11-19,99.99
MEMBER-09714,Allison Ramirez,allison.ramirez@gmail.com,+1-402-710-3253x646,Premium,Active,2024-12-09,29.99
MEMBER-09715,George Moore,george.moore@yahoo.com,387.765.7417x815,VIP,Active,2025-09-15,-29.99
MEMBER-09716,Melvin Cole,melvin.cole@yahoo.com,(608)997-5986,Premium,Active,2025-08-24,29.99
MEMBER-09717,Charles Rhodes,charles.rhodes@gmail.com,+1-577-883-2096,Basic,Active,2026-06-04,-29.99
MEMBER-09718,Meredith Smith,meredith.smith@hotmail.com,338-976-8108x2580,VIP,Frozen,2026-09-08,-29.99
MEMBER-09719,Kevin Chambers,kevin.chambers@gmail.com,001-490-832-9740x85967,Basic,Cancelled,2025-01-12,99.99
MEMBER-09720,Christopher Boyd,christopher.boyd@gmail.com,(798)881-1965x894,Premium,Active,2026-02-25,29.99
MEMBER-09721,Stephanie Moore,stephanie.moore@gmail.com,821-689-1458,BASIC,Frozen,2025-01-18,29.99
MEMBER-09722,Pamela Richards,pamela.richards@hotmail.com,(822)907-4130,Basic,Frozen,2026-01-27,-29.99
MEMBER-09723,Brian Perez,brian.perez@gmail.com,+1-415-781-4634x63930,VIP,Active,2025-03-27,-29.99
MEMBER-09724,Paula Hickman,paula.hickman@hotmail.com,(971)386-6329x44628,,Frozen,2026-04-04,-29.99
MEMBER-09725,Jessica Banks,jessica.banks@hotmail.com,(770)394-8102,,Frozen,2026-08-06,99.99
MEMBER-09726,Ashley Torres,ashley.torres@gmail.com,+1-951-268-8878x21269,,Active,2025-04-25,-29.99
MEMBER-09727,Paul Burns,paul.burns@hotmail.com,(338)882-0964x022,Basic,Cancelled,2025-03-31,-29.99
MEMBER-09728,Kathryn Hayes,kathryn.hayes@gmail.com,+1-310-670-7806x7670,Basic,Active,2025-09-15,29.99
MEMBER-09729,Dana Madden,dana.madden@hotmail.com,406.993.0513x4307,BASIC,Active,2026-01-18,29.99
MEMBER-09730,Bianca Wilson,bianca.wilson@gmail.com,534.563.3061,Basic,Active,2025-02-26,-29.99
MEMBER-09731,Tammy Mitchell,tammy.mitchell@yahoo.com,6983077485,Premium,Active,2026-01-16,99.99
MEMBER-09732,Derek Moore,derek.moore@gmail.com,615.310.3878x68881,,Frozen,2026-09-19,59.99
MEMBER-09733,Sandy Davis,sandy.davis@gmail.com,(831)694-2668x9557,Premium,Active,2026-06-17,-29.99
MEMBER-09734,Christine Powers,christine.powers@yahoo.com,9193799725,,Active,2024-09-30,29.99
MEMBER-09735,Stephanie Davidson,stephanie.davidson@hotmail.com,247.589.5571x637,Basic,Active,2026-01-14,29.99
MEMBER-09736,Gabriel Singleton,gabriel.singleton@yahoo.com,(765)464-2398x7644,,Active,2025-01-20,29.99
MEMBER-09737,Monica Lindsey,monica.lindsey@yahoo.com,507-484-2490,Basic,Frozen,2025-10-03,29.99
MEMBER-09738,Steven Hunter,steven.hunter@hotmail.com,001-470-778-2549x5843,Premium,Active,2025-03-01,99.99
MEMBER-09739,Rebecca Vega,rebecca.vega@gmail.com,(803)538-5860x149,VIP,Frozen,2025-09-22,29.99
MEMBER-09740,Laura Erickson,laura.erickson@gmail.com,+1-571-387-1364,VIP,Frozen,2025-12-30,-29.99
MEMBER-09741,Joseph Thomas,joseph.thomas@hotmail.com,7994815270,BASIC,Frozen,2025-05-04,59.99
MEMBER-09742,Scott Jensen,scott.jensen@yahoo.com,001-237-316-5524x425,Premium,Cancelled,2024-11-02,99.99
MEMBER-09743,Andrew Cooper,andrew.cooper@hotmail.com,001-767-531-1364,,Active,2025-07-31,99.99
MEMBER-09744,Paul Leonard,paul.leonard@gmail.com,7146826864,VIP,Cancelled,2024-10-01,59.99
MEMBER-09745,Robert Bryant,robert.bryant@gmail.com,(309)656-7813x69399,,Active,2025-10-02,-29.99
MEMBER-09746,Amanda Contreras,amanda.contreras@hotmail.com,3153544228,Basic,Cancelled,2025-11-13,59.99
MEMBER-09747,Brian Nelson,brian.nelson@gmail.com,001-453-489-9180x2016,VIP,Cancelled,2026-01-25,29.99
MEMBER-09748,Christina Richmond,christina.richmond@hotmail.com,+1-838-791-2003x039,Basic,Frozen,2025-02-21,59.99
MEMBER-09749,Jessica Giles,jessica.giles@gmail.com,001-586-553-9312x4114,BASIC,Active,2024-12-22,99.99
MEMBER-09750,John Peters,john.peters@yahoo.com,749.708.3314,Premium,Active,2025-09-04,29.99
MEMBER-09751,Kristen Morris,kristen.morris@gmail.com,+1-871-437-0888,,Active,2024-10-24,-29.99
MEMBER-09752,Jack Kennedy,jack.kennedy@gmail.com,+1-853-836-0732x6298,Premium,Active,2026-08-07,-29.99
MEMBER-09753,Heather Munoz,heather.munoz@yahoo.com,+1-780-885-4726x624,Premium,Frozen,2025-09-29,-29.99
MEMBER-09754,Sarah Smith,sarah.smith@gmail.com,(611)369-1669,Premium,Frozen,2024-10-18,-29.99
MEMBER-09755,Vincent Murphy,vincent.murphy@hotmail.com,001-543-937-3832x20200,Premium,Cancelled,2025-10-26,99.99
MEMBER-09756,Kimberly Baker,kimberly.baker@hotmail.com,538-848-2807,,Active,2025-04-16,99.99
MEMBER-09757,Joyce Holden,joyce.holden@gmail.com,739-786-7665x1844,Premium,Cancelled,2026-07-05,-29.99
MEMBER-09758,Natalie Taylor,natalie.taylor@yahoo.com,(904)877-2661,BASIC,Active,2025-05-06,29.99
MEMBER-09759,Alexis Hunter,alexis.hunter@yahoo.com,+1-905-777-1575,VIP,Active,2025-04-22,59.99
MEMBER-09760,David Soto,david.soto@yahoo.com,706-401-9363x5223,VIP,Cancelled,2025-06-30,29.99
MEMBER-09761,Kathryn Adkins,kathryn.adkins@gmail.com,987.526.6645,BASIC,Active,2025-06-08,-29.99
MEMBER-09762,Amanda Ramirez,amanda.ramirez@yahoo.com,+1-630-919-1363x31679,Basic,Active,2025-10-16,29.99
MEMBER-09763,Cynthia Smith,cynthia.smith@yahoo.com,+1-336-466-8465,VIP,Frozen,2026-06-15,29.99
MEMBER-09764,Francisco Riddle,francisco.riddle@yahoo.com,448.328.6289x935,BASIC,Cancelled,2024-12-28,99.99
MEMBER-09765,Summer Bryant,summer.bryant@hotmail.com,(934)685-1711,BASIC,Cancelled,2025-03-28,29.99
MEMBER-09766,Richard Hale,richard.hale@yahoo.com,001-242-308-6516x79570,Basic,Active,2024-10-23,59.99
MEMBER-09767,Logan Glover,logan.glover@hotmail.com,(625)690-0647x1505,VIP,Active,2024-11-25,-29.99
MEMBER-09768,Bryan Frazier,bryan.frazier@hotmail.com,8357421771,,Cancelled,2026-07-17,99.99
MEMBER-09769,Miguel Stanton,miguel.stanton@yahoo.com,001-660-448-6264x211,VIP,Active,2025-01-30,99.99
MEMBER-09770,Mark Garza,mark.garza@yahoo.com,223-504-7346,BASIC,Cancelled,2025-08-02,-29.99
MEMBER-09771,Scott Morris,scott.morris@yahoo.com,+1-853-742-8002x7146,Basic,Active,2025-10-06,99.99
MEMBER-09772,Theresa Ferguson,theresa.ferguson@hotmail.com,610-437-1924,VIP,Frozen,2026-08-21,-29.99
MEMBER-09773,Richard Sanchez,richard.sanchez@hotmail.com,3173065671,Basic,Cancelled,2025-07-15,59.99
MEMBER-09774,Lauren Wells,lauren.wells@gmail.com,001-236-206-2191x76778,VIP,Cancelled,2025-06-11,-29.99
MEMBER-09775,Meredith Walker,meredith.walker@hotmail.com,434-449-4416,Basic,Active,2025-12-04,-29.99
MEMBER-09776,Michelle Zimmerman,michelle.zimmerman@yahoo.com,(796)205-4377x045,,Cancelled,2026-01-03,99.99
MEMBER-09777,Patrick Carter,patrick.carter@hotmail.com,001-723-726-8534x887,VIP,Cancelled,2026-03-21,29.99
MEMBER-09778,James Miller,james.miller@gmail.com,481-260-4188x4838,VIP,Active,2026-05-01,59.99
MEMBER-09779,Richard Griffin,richard.griffin@yahoo.com,3534350822,BASIC,Active,2025-05-05,29.99
MEMBER-09780,Nathaniel Holt,nathaniel.holt@hotmail.com,(654)844-2056x7062,Basic,Active,2026-05-19,29.99
MEMBER-09781,Marcus Nelson,marcus.nelson@yahoo.com,001-838-585-6867x9148,Basic,Active,2026-09-12,99.99
MEMBER-09782,Michael Erickson,michael.erickson@gmail.com,8044235120,BASIC,Active,2025-09-15,-29.99
MEMBER-09783,Kyle Watson,kyle.watson@hotmail.com,(402)879-1134,Basic,Active,2026-06-08,59.99
MEMBER-09784,Jeremy Yoder,jeremy.yoder@yahoo.com,(908)428-6054,,Frozen,2025-01-27,99.99
MEMBER-09785,Edward Bryant,edward.bryant@yahoo.com,826.734.8277x6404,,Active,2026-03-26,59.99
MEMBER-09786,Christina Ellis,christina.ellis@yahoo.com,(838)548-3097x5780,Basic,Cancelled,2026-09-08,29.99
MEMBER-09787,Christopher Pierce,christopher.pierce@yahoo.com,635.363.9242x91387,Basic,Cancelled,2024-12-13,59.99
MEMBER-09788,Jessica Ward,jessica.ward@gmail.com,890.351.0491x31267,,Frozen,2026-05-02,-29.99
MEMBER-09789,Vanessa Silva,vanessa.silva@yahoo.com,001-643-462-0363x565,,Active,2025-01-08,-29.99
MEMBER-09790,Jenny Yu,jenny.yu@gmail.com,209-260-0265x12123,BASIC,Cancelled,2026-04-14,59.99
MEMBER-09791,Kimberly Santiago,kimberly.santiago@hotmail.com,(898)481-3665x22837,Premium,Active,2026-02-19,29.99
MEMBER-09792,Jacqueline Ortega,jacqueline.ortega@yahoo.com,4298711687,VIP,Frozen,2026-06-11,29.99
MEMBER-09793,Brian Barber,brian.barber@gmail.com,(987)346-2172,BASIC,Active,2026-02-22,59.99
MEMBER-09794,Justin Smith,justin.smith@gmail.com,(980)313-8076x7016,BASIC,Frozen,2024-10-16,99.99
MEMBER-09795,Brandon Velasquez,brandon.velasquez@gmail.com,+1-995-243-8285x94122,BASIC,Active,2026-09-13,59.99
MEMBER-09796,Loretta Bailey,loretta.bailey@hotmail.com,001-378-773-4655x5434,Premium,Active,2024-12-24,59.99
MEMBER-09797,Michael Cross,michael.cross@hotmail.com,938-293-8646x524,Premium,Active,2025-02-20,-29.99
MEMBER-09798,Kayla Flores,kayla.flores@yahoo.com,001-223-982-2172x18396,Premium,Active,2026-04-07,-29.99
MEMBER-09799,William Powell,william.powell@gmail.com,548.750.0048,VIP,Active,2024-10-14,-29.99
MEMBER-09800,Mark Dennis,mark.dennis@hotmail.com,264.757.0291,BASIC,Active,2025-11-17,59.99
MEMBER-09801,Madeline Johnson,madeline.johnson@gmail.com,4623002573,Basic,Cancelled,2025-01-31,59.99
MEMBER-09802,Manuel Farley,manuel.farley@gmail.com,001-486-305-8603,BASIC,Frozen,2025-09-09,29.99
MEMBER-09803,Alec Ballard,alec.ballard@gmail.com,+1-299-516-9449x95164,BASIC,Cancelled,2025-07-12,-29.99
MEMBER-09804,Thomas White,thomas.white@hotmail.com,640-961-9178x837,,Cancelled,2026-02-25,99.99
MEMBER-09805,Linda Rivera,linda.rivera@gmail.com,(746)448-6578x3465,,Active,2025-10-31,-29.99
MEMBER-09806,Timothy Roman,timothy.roman@yahoo.com,845.300.2045,BASIC,Active,2025-06-05,99.99
MEMBER-09807,Carlos Lester,carlos.lester@hotmail.com,(602)889-6243x51729,Basic,Cancelled,2025-09-03,59.99
MEMBER-09808,George Villarreal,george.villarreal@yahoo.com,+1-360-765-5553x9064,Premium,Active,2025-12-13,59.99
MEMBER-09809,Cynthia Jenkins,cynthia.jenkins@yahoo.com,246-538-9678x32384,Premium,Frozen,2026-09-14,59.99
MEMBER-09810,Mark Atkins,mark.atkins@gmail.com,726-972-7965x89546,,Cancelled,2026-07-05,-29.99
MEMBER-09811,Molly Lewis,molly.lewis@gmail.com,+1-689-851-3727,BASIC,Active,2025-09-23,59.99
MEMBER-09812,Deborah Peterson,deborah.peterson@gmail.com,001-633-847-4096x1202,BASIC,Cancelled,2025-07-08,-29.99
MEMBER-09813,Shawn Baird,shawn.baird@yahoo.com,712.406.1540x057,,Frozen,2025-10-21,99.99
MEMBER-09814,Jason Le,jason.le@hotmail.com,+1-787-984-3823x3013,Premium,Cancelled,2026-07-01,99.99
MEMBER-09815,Kevin Richards,kevin.richards@yahoo.com,631-777-2718,Premium,Active,2025-01-24,99.99
MEMBER-09816,Jason Williams,jason.williams@gmail.com,767.281.9371,VIP,Frozen,2026-01-21,99.99
MEMBER-09817,Kathryn Klein,kathryn.klein@yahoo.com,2575218826,Premium,Active,2025-01-14,-29.99
MEMBER-09818,Elizabeth Tucker,elizabeth.tucker@yahoo.com,+1-375-553-4959,,Active,2025-08-21,29.99
MEMBER-09819,Ricardo Munoz,ricardo.munoz@gmail.com,990-505-6782,Basic,Frozen,2024-11-26,59.99
MEMBER-09820,Sarah Patrick,sarah.patrick@gmail.com,850-253-8674,Premium,Active,2026-05-04,-29.99
MEMBER-09821,Kelsey Rodriguez,kelsey.rodriguez@hotmail.com,2169507468,VIP,Active,2026-05-19,29.99
MEMBER-09822,Erika Erickson,erika.erickson@hotmail.com,482.796.7820x09938,VIP,Active,2025-08-23,-29.99
MEMBER-09823,Melissa Hughes,melissa.hughes@yahoo.com,+1-298-605-8546x56492,Basic,Frozen,2026-08-17,99.99
MEMBER-09824,Jennifer Mendoza,jennifer.mendoza@gmail.com,+1-724-923-7778x554,VIP,Active,2025-08-08,-29.99
MEMBER-09825,Claudia Carpenter,claudia.carpenter@hotmail.com,(542)852-1881x02428,Premium,Active,2026-08-07,-29.99
MEMBER-09826,Cody Smith,cody.smith@yahoo.com,904-761-7363x773,,Active,2025-10-02,59.99
MEMBER-09827,Brian Smith,brian.smith@gmail.com,906-827-6600x17889,VIP,Active,2025-07-26,59.99
MEMBER-09828,Michael Martin,michael.martin@hotmail.com,3936422137,Basic,Frozen,2025-10-29,-29.99
MEMBER-09829,Leslie Hunt,leslie.hunt@gmail.com,721.620.5083x302,Premium,Active,2025-11-22,59.99
MEMBER-09830,Ryan Sweeney,ryan.sweeney@yahoo.com,230.674.4116x648,Basic,Active,2026-03-08,59.99
MEMBER-09831,Sabrina Mills,sabrina.mills@yahoo.com,868-581-1096x22733,BASIC,Active,2025-04-11,29.99
MEMBER-09832,Shannon Ellis,shannon.ellis@gmail.com,551-892-9496x2137,Premium,Cancelled,2025-12-16,59.99
MEMBER-09833,Brett Adams,brett.adams@hotmail.com,809.526.6206x324,VIP,Frozen,2025-04-19,29.99
MEMBER-09834,Daniel Cook,daniel.cook@hotmail.com,(417)976-9233x067,,Active,2024-11-17,59.99
MEMBER-09835,Sarah Smith,sarah.smith@yahoo.com,724.368.4084x945,,Frozen,2025-08-24,99.99
MEMBER-09836,Emily Cook,emily.cook@hotmail.com,4448392854,,Active,2025-06-20,-29.99
MEMBER-09837,Savannah Mckee,savannah.mckee@gmail.com,+1-718-827-9547,Premium,Active,2024-11-20,59.99
MEMBER-09838,Timothy Carney,timothy.carney@hotmail.com,398.280.5878,,Frozen,2026-02-19,-29.99
MEMBER-09839,James Cunningham,james.cunningham@hotmail.com,+1-236-636-9028,,Frozen,2025-12-02,99.99
MEMBER-09840,Joseph Ferguson,joseph.ferguson@gmail.com,001-757-869-3749,Basic,Cancelled,2024-11-12,99.99
MEMBER-09841,Courtney Sherman,courtney.sherman@hotmail.com,001-874-576-9209,BASIC,Frozen,2025-04-10,29.99
MEMBER-09842,Scott Stephenson,scott.stephenson@hotmail.com,720.811.5361x0103,Basic,Active,2026-05-17,-29.99
MEMBER-09843,Whitney Rose,whitney.rose@hotmail.com,571.754.9128x6567,Premium,Active,2025-02-18,-29.99
MEMBER-09844,Jamie Walker,jamie.walker@yahoo.com,922.563.0393x4073,Basic,Cancelled,2026-03-03,-29.99
MEMBER-09845,Matthew Randolph,matthew.randolph@gmail.com,+1-352-640-6245,Premium,Frozen,2025-11-27,-29.99
MEMBER-09846,Lynn Johnson,lynn.johnson@hotmail.com,(755)524-8623,BASIC,Active,2026-01-15,29.99
MEMBER-09847,Brandon Cardenas,brandon.cardenas@hotmail.com,657.914.0096,Basic,Cancelled,2025-05-11,99.99
MEMBER-09848,Jerry Adams,jerry.adams@yahoo.com,737-773-2513,,Frozen,2025-11-24,59.99
MEMBER-09849,Nancy Aguirre,nancy.aguirre@hotmail.com,(956)277-9387x6250,Premium,Cancelled,2025-08-30,29.99
MEMBER-09850,Charles Walker,charles.walker@hotmail.com,984.427.6290x823,Basic,Active,2025-03-21,99.99
MEMBER-09851,Nathaniel Riley,nathaniel.riley@yahoo.com,001-275-834-3639x4291,BASIC,Cancelled,2025-08-29,29.99
MEMBER-09852,Sally Weber,sally.weber@hotmail.com,+1-800-292-6005x3490,,Cancelled,2025-01-02,59.99
MEMBER-09853,Jennifer Gilbert,jennifer.gilbert@yahoo.com,(831)216-6271,VIP,Cancelled,2026-08-12,-29.99
MEMBER-09854,Hannah Willis,hannah.willis@hotmail.com,(412)394-6163,Premium,Cancelled,2025-09-18,29.99
MEMBER-09855,Marie Berger,marie.berger@gmail.com,305-702-8587x74846,Basic,Active,2026-08-18,59.99
MEMBER-09856,Ashlee Pope,ashlee.pope@yahoo.com,540.428.9230,Basic,Cancelled,2026-08-29,-29.99
MEMBER-09857,Janet Lang,janet.lang@hotmail.com,732.413.8749x3065,Premium,Active,2026-07-22,99.99
MEMBER-09858,Daniel Tate,daniel.tate@gmail.com,(667)548-2178,VIP,Frozen,2025-12-06,59.99
MEMBER-09859,Robin Snyder,robin.snyder@gmail.com,964.571.4056x719,Premium,Active,2025-05-28,-29.99
MEMBER-09860,Joseph Branch,joseph.branch@gmail.com,6059243675,Premium,Active,2026-01-02,29.99
MEMBER-09861,Angela Mullins,angela.mullins@hotmail.com,(825)783-1174x7002,,Active,2026-05-30,29.99
MEMBER-09862,Judith Hernandez,judith.hernandez@gmail.com,001-301-747-7377,,Frozen,2026-03-10,59.99
MEMBER-09863,Michael Blake,michael.blake@yahoo.com,6079147956,,Active,2024-10-29,99.99
MEMBER-09864,Shane Jones,shane.jones@yahoo.com,8578599180,Basic,Active,2026-07-08,59.99
MEMBER-09865,Susan Ho,susan.ho@gmail.com,790.425.0963x91755,BASIC,Active,2025-11-04,59.99
MEMBER-09866,Jack Zuniga,jack.zuniga@hotmail.com,001-856-562-3905x232,BASIC,Frozen,2026-06-26,29.99
MEMBER-09867,Haley Thomas,haley.thomas@hotmail.com,296.815.1152x0758,Premium,Frozen,2026-08-25,99.99
MEMBER-09868,Richard Hill,richard.hill@yahoo.com,719.230.5840,VIP,Active,2025-04-19,29.99
MEMBER-09869,Christopher Gonzalez,christopher.gonzalez@hotmail.com,664.659.4852x591,Basic,Frozen,2026-03-17,29.99
MEMBER-09870,Matthew Smith,matthew.smith@hotmail.com,797.258.5307,Basic,Active,2025-02-25,99.99
MEMBER-09871,Marc Hunt,marc.hunt@yahoo.com,402-988-9837,,Frozen,2026-07-14,59.99
MEMBER-09872,Matthew Olson,matthew.olson@gmail.com,(223)642-9781x755,Premium,Active,2025-08-29,59.99
MEMBER-09873,Tricia Wilkerson,tricia.wilkerson@gmail.com,810.631.9000,Premium,Active,2025-11-29,29.99
MEMBER-09874,Rebecca Holt,rebecca.holt@gmail.com,5787550104,Premium,Active,2026-03-06,29.99
MEMBER-09875,Amanda Aguirre,amanda.aguirre@gmail.com,544.893.3301x95250,BASIC,Cancelled,2025-08-14,59.99
MEMBER-09876,Sonya Taylor,sonya.taylor@hotmail.com,833.764.5821x878,Premium,Frozen,2026-03-14,29.99
MEMBER-09877,Stephanie Boyd,stephanie.boyd@yahoo.com,309-438-3522x3007,Premium,Cancelled,2026-08-10,29.99
MEMBER-09878,Jeffrey Peters,jeffrey.peters@hotmail.com,+1-798-881-3946x88859,Premium,Frozen,2026-01-11,59.99
MEMBER-09879,Erin Haley,erin.haley@yahoo.com,001-379-228-1252x009,VIP,Cancelled,2026-08-03,-29.99
MEMBER-09880,Jessica Glass,jessica.glass@yahoo.com,635-341-2895x0766,VIP,Cancelled,2026-07-10,29.99
MEMBER-09881,Meagan Martinez,meagan.martinez@gmail.com,306-819-9141x84796,BASIC,Cancelled,2026-02-10,29.99
MEMBER-09882,Christian Green,christian.green@gmail.com,5174762697,,Active,2025-01-15,-29.99
MEMBER-09883,Anna Dodson,anna.dodson@hotmail.com,+1-930-612-3970x429,BASIC,Cancelled,2025-06-14,29.99
MEMBER-09884,Tanya Giles,tanya.giles@gmail.com,001-296-216-1136x410,BASIC,Active,2025-01-11,-29.99
MEMBER-09885,Carolyn Mcbride,carolyn.mcbride@hotmail.com,001-397-324-7908,,Active,2026-06-25,99.99
MEMBER-09886,Christopher Russell,christopher.russell@hotmail.com,(238)515-1113,Basic,Cancelled,2025-12-03,59.99
MEMBER-09887,John Young,john.young@hotmail.com,6845732166,Basic,Frozen,2024-12-29,99.99
MEMBER-09888,Richard Pittman,richard.pittman@hotmail.com,582-912-7885x4141,VIP,Frozen,2026-02-23,29.99
MEMBER-09889,Mark Cook,mark.cook@hotmail.com,770.703.7227,Basic,Active,2025-03-20,29.99
MEMBER-09890,Steven Gonzalez,steven.gonzalez@hotmail.com,4244904182,BASIC,Active,2024-12-09,99.99
MEMBER-09891,Jeremy Johnson,jeremy.johnson@gmail.com,296.221.0219,,Active,2024-10-13,29.99
MEMBER-09892,Melissa Rodriguez,melissa.rodriguez@yahoo.com,880-953-7205,Basic,Frozen,2024-12-27,99.99
MEMBER-09893,Beverly Taylor,beverly.taylor@gmail.com,+1-853-930-1528x9908,VIP,Active,2026-05-31,29.99
MEMBER-09894,Amber Hall,amber.hall@gmail.com,(946)602-3353x383,VIP,Active,2025-01-22,-29.99
MEMBER-09895,Chad Lee,chad.lee@hotmail.com,848.465.8748x574,BASIC,Frozen,2026-04-01,59.99
MEMBER-09896,Nathaniel Phelps,nathaniel.phelps@hotmail.com,001-699-976-1090,,Active,2025-11-04,59.99
MEMBER-09897,Alyssa Clark,alyssa.clark@hotmail.com,3344783091,,Active,2024-12-12,59.99
MEMBER-09898,Angelica Martinez,angelica.martinez@gmail.com,+1-577-329-1632x3000,VIP,Active,2026-07-28,29.99
MEMBER-09899,Suzanne Hoffman,suzanne.hoffman@gmail.com,981.425.2876x084,VIP,Active,2026-02-04,99.99
MEMBER-09900,Gregory Hernandez,gregory.hernandez@gmail.com,+1-933-782-6536x32633,Basic,Active,2026-09-24,-29.99
MEMBER-09901,Edward Jimenez,edward.jimenez@yahoo.com,(814)630-2670x8140,Basic,Cancelled,2024-12-01,29.99
MEMBER-09902,Megan Vang,megan.vang@gmail.com,(252)857-8408x1072,VIP,Cancelled,2024-10-17,99.99
MEMBER-09903,Mike Garrett,mike.garrett@hotmail.com,+1-778-425-2418,VIP,Cancelled,2026-03-18,59.99
MEMBER-09904,Sierra Knox,sierra.knox@yahoo.com,001-498-292-3838,Premium,Cancelled,2025-03-22,29.99
MEMBER-09905,Richard Orr,richard.orr@yahoo.com,679.519.0465,VIP,Cancelled,2025-05-01,-29.99
MEMBER-09906,Megan Koch,megan.koch@hotmail.com,603.755.0957,BASIC,Frozen,2026-05-09,59.99
MEMBER-09907,Jasmine Edwards,jasmine.edwards@hotmail.com,620.410.3164,VIP,Frozen,2025-11-15,29.99
MEMBER-09908,David Lee,david.lee@gmail.com,676-393-6393x0928,VIP,Active,2026-05-08,-29.99
MEMBER-09909,Christopher Bush,christopher.bush@yahoo.com,(359)588-8054x0981,Premium,Frozen,2025-12-03,59.99
MEMBER-09910,James Thornton,james.thornton@gmail.com,(805)717-9817x4135,,Frozen,2025-03-25,29.99
MEMBER-09911,Daniel Becker,daniel.becker@gmail.com,647-377-0803x3459,Basic,Active,2026-01-07,29.99
MEMBER-09912,William Hall,william.hall@yahoo.com,+1-713-722-6628x6850,VIP,Cancelled,2025-06-08,99.99
MEMBER-09913,Vincent Miller,vincent.miller@gmail.com,208.888.8350,VIP,Active,2025-06-27,59.99
MEMBER-09914,Zachary Baker,zachary.baker@hotmail.com,(366)991-0847x117,BASIC,Active,2026-06-10,59.99
MEMBER-09915,Molly Duran,molly.duran@yahoo.com,2294925404,BASIC,Active,2024-10-16,59.99
MEMBER-09916,Mark Harris,mark.harris@gmail.com,001-961-204-4839,Basic,Active,2026-04-25,99.99
MEMBER-09917,Cameron Lewis,cameron.lewis@gmail.com,209.233.4206x012,,Active,2025-01-06,59.99
MEMBER-09918,Andrew Short,andrew.short@hotmail.com,+1-383-242-8146x4122,Basic,Frozen,2025-08-01,99.99
MEMBER-09919,Jeremy Ortiz,jeremy.ortiz@hotmail.com,001-637-754-2599x31708,,Active,2024-12-10,-29.99
MEMBER-09920,Eric Rodriguez,eric.rodriguez@hotmail.com,001-214-844-6938x536,Basic,Active,2026-07-11,29.99
MEMBER-09921,Jessica Santos,jessica.santos@yahoo.com,(722)658-0015x21812,VIP,Cancelled,2026-04-23,59.99
MEMBER-09922,Kimberly Adams,kimberly.adams@hotmail.com,001-296-214-0484x153,,Cancelled,2025-02-24,99.99
MEMBER-09923,John Butler,john.butler@gmail.com,+1-944-495-0695x887,VIP,Frozen,2025-02-18,99.99
MEMBER-09924,Kenneth Perez,kenneth.perez@gmail.com,+1-378-602-3003x995,,Cancelled,2024-10-16,29.99
MEMBER-09925,Vernon Ferguson,vernon.ferguson@hotmail.com,(581)241-0888x6872,VIP,Frozen,2025-05-18,-29.99
MEMBER-09926,John Lopez,john.lopez@hotmail.com,+1-772-418-3673x713,BASIC,Frozen,2026-06-14,-29.99
MEMBER-09927,Margaret Rivera,margaret.rivera@yahoo.com,605-688-2136,BASIC,Active,2024-11-28,29.99
MEMBER-09928,Henry Bradley,henry.bradley@yahoo.com,388-772-8896x1141,Premium,Active,2026-07-26,59.99
MEMBER-09929,Bruce Mathis,bruce.mathis@gmail.com,648-245-1614,Basic,Frozen,2024-09-27,99.99
MEMBER-09930,Charles Peterson,charles.peterson@hotmail.com,417-413-3001,BASIC,Active,2025-12-25,59.99
MEMBER-09931,Greg Simmons,greg.simmons@gmail.com,+1-480-917-3493,BASIC,Frozen,2025-03-07,99.99
MEMBER-09932,Zachary Sanchez,zachary.sanchez@yahoo.com,552-824-2952x59069,Basic,Active,2025-06-18,-29.99
MEMBER-09933,Glenn Mendoza,glenn.mendoza@yahoo.com,432-909-2266x91419,Basic,Frozen,2024-12-27,-29.99
MEMBER-09934,Amber Stewart,amber.stewart@hotmail.com,+1-227-668-3488x499,Basic,Active,2026-08-05,99.99
MEMBER-09935,Danielle Taylor,danielle.taylor@yahoo.com,(402)269-4755,Premium,Cancelled,2026-03-27,29.99
MEMBER-09936,Donna Pope,donna.pope@gmail.com,001-485-358-0128,Premium,Cancelled,2026-06-29,-29.99
MEMBER-09937,Jenna Riley,jenna.riley@hotmail.com,(982)448-4592x546,,Active,2026-05-03,29.99
MEMBER-09938,Rachel Jackson,rachel.jackson@hotmail.com,(726)618-6652x1030,Basic,Cancelled,2026-05-31,99.99
MEMBER-09939,Yvette Davis,yvette.davis@yahoo.com,900-747-3295x138,BASIC,Active,2025-08-09,29.99
MEMBER-09940,Lisa Harris,lisa.harris@gmail.com,282-893-8733,Premium,Cancelled,2025-10-25,29.99
MEMBER-09941,Jill Johnson,jill.johnson@hotmail.com,+1-919-774-2453,BASIC,Frozen,2025-12-30,-29.99
MEMBER-09942,Jennifer Lyons,jennifer.lyons@hotmail.com,894.206.1283,Basic,Active,2024-10-14,59.99
MEMBER-09943,Amy Garner,amy.garner@hotmail.com,259.667.0967x894,,Active,2026-01-21,59.99
MEMBER-09944,Juan Butler,juan.butler@yahoo.com,001-912-289-0538,BASIC,Active,2025-10-02,99.99
MEMBER-09945,Ashley Robles,ashley.robles@gmail.com,445-673-1490,BASIC,Active,2026-08-23,59.99
MEMBER-09946,Shannon Taylor,shannon.taylor@yahoo.com,(756)246-7905x558,Premium,Active,2025-08-25,99.99
MEMBER-09947,Michael Glenn,michael.glenn@gmail.com,9137655783,Premium,Frozen,2026-09-14,-29.99
MEMBER-09948,Jody Wilson,jody.wilson@hotmail.com,9717512520,,Active,2026-02-11,99.99
MEMBER-09949,Danny Schneider,danny.schneider@yahoo.com,(566)319-2228,Premium,Active,2024-11-08,-29.99
MEMBER-09950,William Hernandez,william.hernandez@gmail.com,883-715-4120,Premium,Active,2026-08-16,29.99
MEMBER-09951,Maureen Jackson,maureen.jackson@hotmail.com,669-489-9342x088,Basic,Active,2024-09-30,59.99
MEMBER-09952,Mark Scott,mark.scott@yahoo.com,001-353-679-6539,BASIC,Frozen,2025-05-10,99.99
MEMBER-09953,Kimberly Flores,kimberly.flores@gmail.com,9743247157,VIP,Frozen,2026-04-03,-29.99
MEMBER-09954,Laurie Wilson,laurie.wilson@yahoo.com,(712)503-8725x286,VIP,Frozen,2025-06-08,99.99
MEMBER-09955,Terri Vaughn,terri.vaughn@gmail.com,986.916.1662x82520,Basic,Active,2024-11-14,-29.99
MEMBER-09956,Jim Oliver,jim.oliver@yahoo.com,(654)588-7448x165,BASIC,Cancelled,2025-01-10,-29.99
MEMBER-09957,Debra Hunt,debra.hunt@hotmail.com,+1-396-684-0273x8638,Premium,Active,2025-12-16,99.99
MEMBER-09958,David Anderson,david.anderson@yahoo.com,579-794-8749,VIP,Cancelled,2025-09-30,99.99
MEMBER-09959,Karen Murphy,karen.murphy@gmail.com,(482)502-1995x127,BASIC,Frozen,2025-09-05,29.99
MEMBER-09960,Michael Beard,michael.beard@hotmail.com,(841)614-3135x427,BASIC,Active,2025-06-05,99.99
MEMBER-09961,Andrew Todd,andrew.todd@gmail.com,714-893-2587x2665,Premium,Frozen,2026-01-01,59.99
MEMBER-09962,Jordan Smith,jordan.smith@hotmail.com,001-542-349-2995x200,,Frozen,2025-10-05,29.99
MEMBER-09963,Pamela Robertson,pamela.robertson@gmail.com,+1-459-801-5827x85499,BASIC,Active,2025-05-17,99.99
MEMBER-09964,Kaitlyn Thomas,kaitlyn.thomas@hotmail.com,(856)304-2510,,Frozen,2024-10-18,-29.99
MEMBER-09965,Diana Foley,diana.foley@gmail.com,001-625-908-5603x838,,Cancelled,2025-06-10,-29.99
MEMBER-09966,Cheyenne Torres,cheyenne.torres@gmail.com,4038025502,VIP,Active,2026-03-17,29.99
MEMBER-09967,Angela Benson,angela.benson@yahoo.com,9584035870,BASIC,Active,2026-01-12,99.99
MEMBER-09968,Benjamin Cardenas,benjamin.cardenas@hotmail.com,798.258.3505x191,Premium,Frozen,2025-04-18,29.99
MEMBER-09969,Cheryl Stewart,cheryl.stewart@gmail.com,909.662.9234,BASIC,Cancelled,2025-12-17,29.99
MEMBER-09970,Christopher Cox,christopher.cox@gmail.com,+1-949-562-6001x057,BASIC,Active,2026-05-22,-29.99
MEMBER-09971,Gerald Moran,gerald.moran@yahoo.com,(456)862-4216,BASIC,Active,2025-02-13,29.99
MEMBER-09972,April Terry,april.terry@hotmail.com,289.879.6381x9486,Premium,Frozen,2025-05-31,29.99
MEMBER-09973,Chad Mitchell,chad.mitchell@yahoo.com,259-598-5200x85912,Basic,Active,2025-12-09,59.99
MEMBER-09974,Michael Rogers,michael.rogers@hotmail.com,(574)350-4167,BASIC,Cancelled,2025-02-27,59.99
MEMBER-09975,Gregory Vazquez,gregory.vazquez@gmail.com,259.507.0186,Premium,Cancelled,2024-12-31,99.99
MEMBER-09976,Zachary Sanchez,zachary.sanchez@hotmail.com,(481)824-9983x26227,VIP,Active,2026-04-23,59.99
MEMBER-09977,Kristen Martinez,kristen.martinez@hotmail.com,001-495-567-0248,Premium,Active,2025-04-30,99.99
MEMBER-09978,Norman Lawson,norman.lawson@gmail.com,399-763-0288,Premium,Frozen,2025-11-30,29.99
MEMBER-09979,Stephanie Copeland,stephanie.copeland@yahoo.com,(757)268-3094x77751,Premium,Cancelled,2025-10-27,29.99
MEMBER-09980,Denise Harding,denise.harding@hotmail.com,455.522.3615x14097,Premium,Active,2026-08-29,99.99
MEMBER-09981,Lisa Norton,lisa.norton@hotmail.com,001-773-434-5956x782,Premium,Cancelled,2025-02-06,-29.99
MEMBER-09982,Jason Chavez,jason.chavez@yahoo.com,206-828-7955,Premium,Frozen,2025-10-18,99.99
MEMBER-09983,Mary Martin,mary.martin@gmail.com,001-677-488-3967x75978,Basic,Frozen,2025-06-30,-29.99
MEMBER-09984,Tina Gibbs,tina.gibbs@gmail.com,001-644-304-9190,Premium,Frozen,2025-08-11,29.99
MEMBER-09985,Wesley Brandt,wesley.brandt@gmail.com,(883)246-9299x043,Premium,Cancelled,2025-04-21,59.99
MEMBER-09986,Marc Martinez,marc.martinez@gmail.com,001-345-499-9987x28025,Premium,Frozen,2026-01-16,-29.99
MEMBER-09987,Robert Williams,robert.williams@gmail.com,(446)676-8069,BASIC,Active,2026-07-03,99.99
MEMBER-09988,Thomas Larson,thomas.larson@yahoo.com,740.264.0213x74395,BASIC,Frozen,2026-06-09,29.99
MEMBER-09989,Anthony Washington,anthony.washington@yahoo.com,296.371.2816x1046,,Cancelled,2026-03-27,99.99
MEMBER-09990,Stacy Chavez,stacy.chavez@gmail.com,+1-934-391-5166x44622,VIP,Frozen,2026-06-06,99.99
MEMBER-09991,Nancy Chandler,nancy.chandler@yahoo.com,+1-492-429-3068,BASIC,Active,2024-10-10,59.99
MEMBER-09992,David Cantrell,david.cantrell@yahoo.com,+1-224-913-9517x51476,Basic,Active,2025-09-27,-29.99
MEMBER-09993,Daniel Odonnell,daniel.odonnell@gmail.com,+1-206-972-8826x704,Basic,Active,2026-05-21,99.99
MEMBER-09994,Margaret Burns,margaret.burns@hotmail.com,(368)272-2893x5225,Basic,Cancelled,2024-10-26,-29.99
MEMBER-09995,Reginald Carroll,reginald.carroll@hotmail.com,+1-234-703-2668x204,VIP,Frozen,2025-02-16,99.99
MEMBER-09996,Danielle Montoya,danielle.montoya@hotmail.com,526.516.7590x32886,,Frozen,2025-02-26,-29.99
MEMBER-09997,Deborah Woods,deborah.woods@gmail.com,001-965-363-2367,BASIC,Active,2025-09-02,59.99
MEMBER-09998,Natasha Rojas,natasha.rojas@gmail.com,001-991-864-4093x830,Basic,Cancelled,2025-05-04,29.99
MEMBER-09999,Alexis King,alexis.king@yahoo.com,+1-869-995-2134x798,Premium,Active,2025-06-16,29.99
MEMBER-10000,Shari Richmond,shari.richmond@yahoo.com,604.738.0411x47945,BASIC,Frozen,2024-11-03,29.99
MEMBER-00001,Danielle Johnson,danielle.johnson@yahoo.com,232.318.1960,Basic,Active,2025-03-14,99.99
MEMBER-00002,Jesse Guzman,jesse.guzman@hotmail.com,886.737.9402,Premium,Cancelled,2025-04-29,59.99
MEMBER-00003,Eric Bernard,eric.bernard@yahoo.com,916-315-5940,Basic,Active,2026-09-12,-29.99
MEMBER-00004,Nicholas Arnold,nicholas.arnold@hotmail.com,+1-659-931-0341x316,Basic,Active,2026-02-01,29.99
MEMBER-00005,Mary Martin,mary.martin@yahoo.com,841.692.8327,Premium,Cancelled,2026-09-14,29.99
MEMBER-00006,Danielle Hawkins,danielle.hawkins@hotmail.com,903-405-6413x95376,,Cancelled,2025-04-19,-29.99
MEMBER-00007,Donald Mcgee,donald.mcgee@hotmail.com,396-496-5328x710,Premium,Active,2026-01-26,99.99
MEMBER-00008,Ernest Becker,ernest.becker@hotmail.com,366-697-8480,Basic,Cancelled,2026-05-15,-29.99
MEMBER-00009,Danielle Rodriguez,danielle.rodriguez@yahoo.com,(570)448-2814,VIP,Frozen,2025-07-13,59.99
MEMBER-00010,Kathryn Ryan,kathryn.ryan@hotmail.com,2955701543,Premium,Frozen,2026-08-08,29.99
MEMBER-00011,Ashley Miller,ashley.miller@hotmail.com,518.622.7824x8963,Basic,Active,2025-08-01,29.99
MEMBER-00012,Wanda Santos,wanda.santos@yahoo.com,371.233.1509x83930,VIP,Frozen,2025-03-22,99.99
MEMBER-00013,Carlos Johnson,carlos.johnson@yahoo.com,983-547-3829,Basic,Active,2026-05-28,29.99
MEMBER-00014,Thomas Russell,thomas.russell@gmail.com,865-766-7010,BASIC,Active,2026-06-09,99.99
MEMBER-00015,Michelle Wright,michelle.wright@gmail.com,+1-972-362-4731,,Frozen,2024-11-04,59.99
